time/iterations,rollout/ep_len_mean,time/time_elapsed,time/fps,rollout/ep_rew_mean,time/total_timesteps,train/policy_gradient_loss,train/n_updates,train/approx_kl,train/clip_fraction,train/value_loss,train/learning_rate,train/clip_range,train/loss,train/explained_variance,train/entropy_loss
1,2224.0,13,455,-579.2256666666667,6144,,,,,,,,,,
2,2224.0,38,321,-585.6978889444443,12288,0.013678905127259592,4,0.01726241,0.3535563151041667,18.00425163532297,0.00025,0.2,2.250796318054199,0.006825625896453857,-8.287347197532654
3,2224.0,63,290,-577.4756667333334,18432,0.03379927276303837,8,0.08244177,0.5300699869791666,23.33678526679675,0.00025,0.2,3.667686700820923,0.2592785358428955,-8.191676566998163
4,2224.0,87,280,-574.5113810714286,24576,0.06896859539847355,12,0.12514323,0.6642252604166666,25.36245944102605,0.00025,0.2,10.09483528137207,0.43354958295822144,-7.999183773994446
5,2224.0,108,282,-590.9602346296297,30720,0.019904801896094188,16,0.04509006,0.4760335286458333,29.169846922159195,0.00025,0.2,6.803687572479248,0.5941442847251892,-8.131277799606323
6,2224.0,133,277,-598.1726364090911,36864,0.014017282313337395,20,0.025277534,0.3951822916666667,28.493286619583767,0.00025,0.2,8.773626327514648,0.5059494972229004,-8.025958940386772
7,2224.0,157,272,-601.2673334027778,43008,0.01499919749039691,24,0.019685196,0.403076171875,35.89450485507647,0.00025,0.2,11.343313217163086,0.6062865853309631,-7.867694695790608
8,2224.0,180,272,-601.1661428809524,49152,0.023766898608300835,28,0.1629408,0.4541422526041667,22.593922058741253,0.00025,0.2,4.42507266998291,0.7564131617546082,-7.8713449239730835
9,2224.0,204,269,-590.6110833645834,55296,0.02139711748895934,32,0.0531798,0.4943440755208333,18.30008925994237,0.00025,0.2,4.87662935256958,0.9097604155540466,-7.916324322422345
10,2224.0,230,267,-579.2473333599999,61440,0.010974371924627727,36,0.044096988,0.3284505208333333,19.296476244926453,0.00025,0.2,11.792244911193848,0.9195384383201599,-7.978052308162053
11,2224.0,254,265,-568.7473333300001,67584,0.008877733358531259,40,0.009238897,0.22965494791666666,10.496789505084356,0.00025,0.2,4.816246509552002,0.964913547039032,-8.017749225099882
12,2224.0,277,265,-555.2873333,73728,0.005294320651349456,44,0.015399697,0.240966796875,8.78072264790535,0.00025,0.2,3.0729262828826904,0.9742215275764465,-8.065320064624151
13,2224.0,301,264,-546.8223332999999,79872,0.004261400839216852,48,0.009906653,0.2108154296875,12.653774743278822,0.00025,0.2,8.538752555847168,0.9521758556365967,-8.07380544145902
14,2224.0,327,262,-525.07233329,86016,0.004942778524612852,52,0.0104543,0.18282063802083334,11.786334842443466,0.00025,0.2,7.325847148895264,0.9411776661872864,-8.098330229520798
15,2224.0,353,260,-496.54733327,92160,0.03517263382309466,56,0.019267706,0.4558512369791667,6.711699868241946,0.00025,0.2,1.9232368469238281,0.9740160703659058,-8.038345952828726
16,2224.0,381,257,-476.79733324999984,98304,0.12445044455913983,60,0.34298778,0.6601155598958334,10.056489037970701,0.00025,0.2,5.4224395751953125,0.9748607277870178,-7.825626860062282
17,2224.0,408,255,-462.58733328999983,104448,0.00895176834940988,64,0.015421629,0.2864176432291667,6.850716238220532,0.00025,0.2,4.116175174713135,0.9817554950714111,-8.11301401257515
18,2224.0,436,253,-460.37733326999995,110592,0.04139489917724859,68,0.082110725,0.51416015625,6.666982958714168,0.00025,0.2,2.478407859802246,0.9843302965164185,-8.061358282963434
19,2224.0,462,252,-476.70566661,116736,0.053857575476286,72,0.15547039,0.5102945963541666,6.719977443416913,0.00025,0.2,2.9925448894500732,0.9849615097045898,-7.921214302380879
20,2224.0,486,252,-494.95566660000003,122880,0.08205461941543035,76,0.76913166,0.5730387369791666,6.617462990184625,0.00025,0.2,1.6071490049362183,0.9746954441070557,-6.791935597856839
21,2224.0,511,252,-497.91566662000014,129024,0.03430590435164049,80,0.009026236,0.3706868489583333,5.701662262280782,0.00025,0.2,3.3324105739593506,0.9848453998565674,-7.060594946146011
22,2224.0,537,251,-504.48566659999994,135168,0.004004822406083501,84,0.011958587,0.19661458333333334,5.292574582000573,0.00025,0.2,3.042799234390259,0.9919830560684204,-7.132123241821925
23,2224.0,559,252,-510.95566663999983,141312,0.004758845908024038,88,0.016627686,0.2288818359375,5.168832391500473,0.00025,0.2,3.1097044944763184,0.9914846420288086,-7.145213857293129
24,2224.0,583,252,-514.1056667,147456,0.006223993778500396,92,0.021990957,0.255126953125,5.315946884453297,0.00025,0.2,3.0898337364196777,0.9914873242378235,-7.135562866926193
25,2224.0,608,252,-511.31066672000003,153600,0.0050474087402108125,96,0.011565189,0.20926920572916666,4.769236996769905,0.00025,0.2,2.7477807998657227,0.9920036792755127,-7.270712345838547
26,2224.0,630,253,-508.99566674,159744,0.007075925280029575,100,0.017300043,0.2585856119791667,4.696092593173186,0.00025,0.2,2.920182704925537,0.9913444519042969,-7.308270846803983
27,2224.0,655,252,-499.19066672,165888,0.010514486935183717,104,0.020020632,0.3223063151041667,5.565036694208781,0.00025,0.2,2.814467430114746,0.9832327365875244,-7.200704549749692
28,2224.0,680,252,-529.66066673,172032,0.012562594245537184,108,0.02387848,0.3006591796875,4.652571767568588,0.00025,0.2,3.857642889022827,0.9889764189720154,-7.271199231346448
29,2224.0,705,252,-581.16233347,178176,0.045001810639708616,112,0.023906024,0.4991861979166667,6.224971291919549,0.00025,0.2,2.618687152862549,0.9880222082138062,-7.253089924653371
30,2224.0,727,253,-686.4740000999998,184320,0.014364337682006104,116,0.012279313,0.2874348958333333,7.922914865116279,0.00025,0.2,3.6155877113342285,0.9862070679664612,-7.453429271777471
31,2224.0,752,253,-777.2506667899999,190464,0.008354883716189457,120,0.020944716,0.20654296875,7.5007070899009705,0.00025,0.2,3.7736637592315674,0.9848137497901917,-7.554552023609479
32,2224.0,778,252,-907.0673334999999,196608,0.0133954078531436,124,0.036682613,0.3500569661458333,6.804248943924904,0.00025,0.2,4.210982322692871,0.9903836250305176,-7.624527156352997
33,2224.0,800,253,-1215.2173335299997,202752,0.005338915116832747,128,0.010212594,0.229248046875,6.777011146148046,0.00025,0.2,4.8002777099609375,0.9872143268585205,-7.501845384637515
34,2224.0,824,253,-1722.65066677,208896,0.011955373949604109,132,0.023196176,0.2972412109375,6.428204548855622,0.00025,0.2,4.078280925750732,0.9878195524215698,-7.517109627525012
35,2224.0,849,253,-2036.9290001000002,215040,0.023869739146903157,136,0.018689571,0.4208577473958333,7.011031394203504,0.00025,0.2,4.843495845794678,0.9858644008636475,-7.529456461469333
36,2224.0,871,253,-2624.47233353,221184,0.011215722578829931,140,0.020885522,0.35302734375,4.159024295707543,0.00025,0.2,1.968529224395752,0.9910176992416382,-7.596620053052902
37,2224.0,896,253,-4962.66733374,227328,0.014845427130543007,144,0.019558333,0.3472086588541667,4.795717639227708,0.00025,0.2,1.7598918676376343,0.988711416721344,-7.640295987327893
38,2224.0,920,253,-5765.0940003999995,233472,0.007467592835989005,148,0.014387124,0.2736409505208333,5.129988327622414,0.00025,0.2,1.9190070629119873,0.9864513278007507,-7.602488234639168
39,2224.0,943,254,-9522.33733432,239616,0.07853089554312949,152,0.25180456,0.5675455729166666,3.332396066437165,0.00025,0.2,1.050628900527954,0.9901810884475708,-7.541279137134552
40,2224.0,967,253,-14696.264001799998,245760,0.037117840334152184,156,0.019807994,0.4653727213541667,8.687203673024973,0.00025,0.2,3.906017303466797,0.976349949836731,-7.357032547394435
41,2224.0,992,253,-20434.55233573,251904,0.010823713576731583,160,0.013867337,0.3058675130208333,6.810241761306922,0.00025,0.2,2.573820114135742,0.9845895171165466,-7.483306373159091
42,2224.0,1017,253,-25753.659002999997,258048,0.009205845102163343,164,0.018830726,0.294189453125,5.491476761798064,0.00025,0.2,1.9995790719985962,0.9882184267044067,-7.574359854062398
43,2224.0,1040,254,-30130.17067064,264192,0.011107648174705295,168,0.020439044,0.2980550130208333,5.171620547771454,0.00025,0.2,2.0235798358917236,0.9900603890419006,-7.595058475931485
44,2224.0,1064,253,-34491.01733797,270336,0.009409413881561099,172,0.038437873,0.2989501953125,4.382784175376098,0.00025,0.2,1.0214229822158813,0.9919699430465698,-7.541177387038867
45,2224.0,1089,253,-36523.96733821,276480,0.011961618540226482,176,0.023805201,0.2991129557291667,3.9034013549486795,0.00025,0.2,1.2546286582946777,0.9933109283447266,-7.643058945735295
46,2224.0,1111,254,-38415.08400501,282624,0.01197820226176797,180,0.015833242,0.3201904296875,4.0957562526067095,0.00025,0.2,1.0629279613494873,0.9890207052230835,-7.54013108710448
47,2224.0,1136,254,-40964.21233888001,288768,0.011494825101787379,184,0.024227226,0.304931640625,3.6530343666672707,0.00025,0.2,1.072614312171936,0.9936468005180359,-7.533340046803157
48,2224.0,1160,254,-40581.71900502001,294912,0.04538698053511325,188,0.23120792,0.477783203125,4.356942129631837,0.00025,0.2,1.2579315900802612,0.9942565560340881,-7.448948125044505
49,2224.0,1183,254,-38867.22233787,301056,0.01497998492171367,192,0.020651646,0.3522135416666667,3.113243998338779,0.00025,0.2,1.2537108659744263,0.995424747467041,-7.599901964267095
50,2224.0,1207,254,-35539.34733739,307200,0.023163795670067582,196,0.035823427,0.4087727864583333,1.9817482742170494,0.00025,0.2,0.832137942314148,0.9959337115287781,-7.588353176911672
51,2224.0,1232,254,-34230.03233715,313344,0.057208960313194744,200,0.016076952,0.5249430338541666,4.074856858700514,0.00025,0.2,1.16758394241333,0.9959238767623901,-7.503021428982417
52,2224.0,1254,254,-30664.969003320002,319488,0.014741314056057794,204,0.023751667,0.3335774739583333,3.3588728345930576,0.00025,0.2,1.3317352533340454,0.9954761266708374,-7.5893291135629015
53,2224.0,1279,254,-28035.209002380005,325632,0.040238489838278234,208,0.021293128,0.4630940755208333,4.290342876066764,0.00025,0.2,2.9304583072662354,0.9966604709625244,-7.445324684182803
54,2224.0,1303,254,-25575.125668700006,331776,0.03178118551052952,212,0.08284415,0.4874267578125,2.923258720586697,0.00025,0.2,1.2217702865600586,0.9959348440170288,-7.426466758052508
55,2224.0,1328,254,-23740.32400177,337920,0.02452670881272449,216,0.01859482,0.3978271484375,2.811567537486553,0.00025,0.2,1.5662555694580078,0.9965768456459045,-7.52620704472065
56,2224.0,1350,254,-22432.119001470008,344064,0.011567279577623898,220,0.025476227,0.3369140625,2.485149392237266,0.00025,0.2,1.3619858026504517,0.9970343708992004,-7.549040834108989
57,2224.0,1375,254,-21630.32900135,350208,0.01270784906228073,224,0.018184615,0.3193766276041667,2.275302248696486,0.00025,0.2,1.513181209564209,0.997611939907074,-7.498443096876144
58,2224.0,1400,254,-20127.589001439996,356352,0.010204822751499401,228,0.021595037,0.3050537109375,2.6066359890004,0.00025,0.2,1.9184584617614746,0.996407687664032,-7.419920826951663
59,2224.0,1422,254,-18036.23400105,362496,0.013710950236903349,232,0.024716541,0.3365478515625,2.535460783789555,0.00025,0.2,1.0460667610168457,0.9960546493530273,-7.2620502809683485
60,2224.0,1447,254,-18286.54400109,368640,0.007706555171656267,236,0.018460546,0.2831217447916667,2.5115977140764394,0.00025,0.2,1.2320358753204346,0.9971538782119751,-7.245599115888278
61,2224.0,1472,254,-18697.96900113,374784,0.017615100730229944,240,0.027238151,0.3826497395833333,2.3889348904291787,0.00025,0.2,1.9406856298446655,0.9975268244743347,-7.350019320845604
62,2224.0,1494,254,-18317.2506677,380928,0.012105986982836233,244,0.023510566,0.31982421875,2.5605314088364444,0.00025,0.2,1.4843029975891113,0.9971657991409302,-7.427393039067586
63,2224.0,1519,254,-18788.764000990002,387072,0.006427829978444303,248,0.016231688,0.2949625651041667,2.678189986695846,0.00025,0.2,1.335906982421875,0.9964809417724609,-7.464633082350095
64,2224.0,1543,254,-18250.354001009997,393216,0.009795737916041011,252,0.025141848,0.28466796875,2.7596000793079534,0.00025,0.2,1.286293387413025,0.9964978098869324,-7.322640746831894
65,2224.0,1568,254,-17647.98066766,399360,0.01123679346831826,256,0.01630555,0.334228515625,2.0623282032708325,0.00025,0.2,1.2379441261291504,0.997011125087738,-7.324982886513074
66,2224.0,1590,254,-17276.449001069996,405504,0.01396389705769252,260,0.026716182,0.36474609375,1.9499346688389778,0.00025,0.2,1.1095324754714966,0.9979174137115479,-7.308919096986453
67,2224.0,1615,254,-17103.399001169993,411648,0.01392931295413291,264,0.022597522,0.3747965494791667,2.116073081890742,0.00025,0.2,1.2292364835739136,0.9976894855499268,-7.121759906411171
68,2224.0,1640,254,-17801.57900143,417792,0.013355697577935643,268,0.026952699,0.3440348307291667,2.0771199526886144,0.00025,0.2,1.295750617980957,0.9978749752044678,-6.998635783791542
69,2224.0,1662,254,-20494.644001919998,423936,0.009221745834414227,272,0.018211469,0.3153483072916667,2.5220270566642284,0.00025,0.2,1.3398475646972656,0.9966336488723755,-6.872554649909337
70,2224.0,1687,254,-20538.129001999998,430080,0.0099578172097002,276,0.022750946,0.3229166666666667,2.3942719462017217,0.00025,0.2,1.2256475687026978,0.9972301125526428,-6.85943507651488
71,2224.0,1712,254,-22488.26733546,436224,0.02124879702508527,280,0.020806126,0.3709716796875,1.9916329284509022,0.00025,0.2,1.2351242303848267,0.9971612691879272,-6.713324422637622
72,2224.0,1734,255,-22357.12900239,442368,0.01259477543256556,284,0.02208809,0.3321126302083333,1.792925663292408,0.00025,0.2,1.3187099695205688,0.9981812834739685,-6.725428958733876
73,2224.0,1758,254,-22910.62233569,448512,0.011589539768465329,288,0.033763245,0.3345540364583333,1.7803669000665348,0.00025,0.2,0.9805418848991394,0.9982904195785522,-6.879160851240158
74,2224.0,1783,254,-23752.085669149998,454656,0.00891576535165465,292,0.020846553,0.2897135416666667,1.8508483121792476,0.00025,0.2,1.449027419090271,0.9981250166893005,-6.792878895998001
75,2224.0,1806,255,-24447.054002529996,460800,0.013378588589451587,296,0.04001131,0.332763671875,1.9810624184707801,0.00025,0.2,1.061202883720398,0.9979106187820435,-6.76238585015138
76,2224.0,1830,255,-24699.98900256,466944,0.014665910033121085,300,0.022652095,0.3576253255208333,2.111904506882032,0.00025,0.2,1.2801058292388916,0.9976536631584167,-6.67570764819781
77,2224.0,1855,254,-25681.02400284,473088,0.017446059796687525,304,0.030046744,0.3799641927083333,2.17369744181633,0.00025,0.2,1.3770835399627686,0.9969713091850281,-6.648646652698517
78,2224.0,1879,254,-26770.81900328,479232,0.011174396073329262,308,0.029197082,0.3228759765625,2.1545785119136176,0.00025,0.2,1.2810921669006348,0.9966647624969482,-6.587945967912674
79,2224.0,1901,255,-27961.3573366,485376,0.016310000830950837,312,0.023822622,0.3640950520833333,2.4234170826772847,0.00025,0.2,0.6503520011901855,0.9969010353088379,-6.570375765363376
80,2224.0,1926,255,-29317.01067036,491520,0.046560779977880884,316,0.067664795,0.5270182291666666,2.085033256560564,0.00025,0.2,0.9031308889389038,0.9960132241249084,-6.41272467871507
81,2224.0,1951,255,-32409.267337110006,497664,0.015470226940427287,320,0.01732446,0.3223876953125,4.053866886844237,0.00025,0.2,1.724488377571106,0.9970327019691467,-6.636188338200252
82,2224.0,1973,255,-36510.7806708,503808,0.009934650302360145,324,0.019182127,0.2764078776041667,3.9990856125950813,0.00025,0.2,2.4306352138519287,0.996799111366272,-6.595464209715526
83,2224.0,1998,255,-37152.55400423,509952,0.009236059927692017,328,0.02022609,0.2688395182291667,3.6453458592295647,0.00025,0.2,2.1541895866394043,0.997052013874054,-6.630879248181979
84,2224.0,2023,255,-39381.83733804,516096,0.010103637827948356,332,0.020883488,0.2867431640625,3.5225139235456786,0.00025,0.2,2.0402724742889404,0.9957839846611023,-6.577725539604823
85,2224.0,2045,255,-41793.65233794,522240,0.006798148567516667,336,0.019035837,0.23502604166666666,3.3869676776230335,0.00025,0.2,1.5557743310928345,0.9972524046897888,-6.723012626171112
86,2224.0,2070,255,-45736.80567165001,528384,0.01626394558600926,340,0.034106012,0.3200276692708333,2.9057855059703193,0.00025,0.2,1.1739553213119507,0.9969531893730164,-6.590017219384511
87,2224.0,2094,255,-44587.600671259985,534528,0.014531871682265773,344,0.024170587,0.3658040364583333,2.11123163998127,0.00025,0.2,1.2984743118286133,0.9969151616096497,-6.465968430042267
88,2224.0,2116,255,-43506.539004349994,540672,0.023536996047672194,348,0.051435854,0.4228515625,1.8558131071428459,0.00025,0.2,1.2079799175262451,0.9975768327713013,-6.581495642662048
89,2224.0,2141,255,-43044.27400439,546816,0.013956417108905347,352,0.022014214,0.33837890625,1.7352527007460594,0.00025,0.2,0.7589647173881531,0.9980020523071289,-6.329193909962972
90,2224.0,2166,255,-39808.36900417,552960,0.014176291309316488,356,0.020363124,0.3399658203125,2.060595997919639,0.00025,0.2,1.064755916595459,0.9961321353912354,-6.236702034870784
91,2224.0,2188,255,-38736.930670689995,559104,0.012884597965845993,360,0.021746194,0.3188883463541667,2.0221228624383607,0.00025,0.2,0.8738146424293518,0.9971809387207031,-6.242578695217769
92,2224.0,2212,255,-38182.957337160005,565248,0.022949431649370428,364,0.084817655,0.3498128255208333,2.3313235541184745,0.00025,0.2,0.7861119508743286,0.9973888993263245,-6.139447167515755
93,2224.0,2237,255,-38895.609003260004,571392,0.014569036415196024,368,0.02005134,0.3350830078125,1.7817898628612359,0.00025,0.2,0.9605680108070374,0.997660219669342,-6.282369017601013
94,2224.0,2262,255,-36807.60400328,577536,0.013418241122659916,372,0.028099826,0.3282877604166667,1.4834697432816029,0.00025,0.2,1.0400214195251465,0.9983320236206055,-6.379077201088269
95,2224.0,2284,255,-35990.36733661,583680,0.013696010393080845,376,0.023025623,0.3170979817708333,1.7145131168266137,0.00025,0.2,1.10381019115448,0.9979317784309387,-6.192736143867175
96,2224.0,2308,255,-34183.817336529995,589824,0.013327621466790637,380,0.022609368,0.3288981119791667,1.6356600572665532,0.00025,0.2,1.103529930114746,0.9977956414222717,-6.347985903422038
97,2224.0,2334,255,-34612.18400303999,595968,0.01789653581605914,384,0.024508959,0.3533528645833333,1.5388548194120328,0.00025,0.2,0.9683893918991089,0.9978600144386292,-6.206879695256551
98,2224.0,2355,255,-36209.98900299,602112,0.012794468003752021,388,0.025371477,0.310546875,1.7153393849730492,0.00025,0.2,0.9587116241455078,0.9979380369186401,-6.175893863042195
99,2224.0,2381,255,-37302.06733615,608256,0.008692021966756633,392,0.02325272,0.2705485026041667,1.8571887575089931,0.00025,0.2,0.9448108077049255,0.9977099299430847,-6.0513196885585785
100,2224.0,2406,255,-38281.43566971001,614400,0.014642849305043152,396,0.025468638,0.332763671875,1.852209784090519,0.00025,0.2,0.8011749982833862,0.997696042060852,-6.137028257052104
101,2224.0,2428,255,-36822.555670249996,620544,0.00908421175457382,400,0.024243772,0.2557373046875,1.7439738623797894,0.00025,0.2,0.9046620726585388,0.9976723790168762,-6.094203382730484
102,2224.0,2452,255,-35848.90067045,626688,0.009787490850915978,404,0.018702986,0.2593994140625,1.9996129895250003,0.00025,0.2,1.0510683059692383,0.9972156882286072,-6.008776972691218
103,2224.0,2478,255,-35831.35567093999,632832,0.011142263902002014,408,0.018626265,0.3044026692708333,1.7762751045326393,0.00025,0.2,0.9984556436538696,0.9963243007659912,-5.853598872820537
104,2224.0,2500,255,-32653.984003550006,638976,0.013583561749934839,412,0.03230371,0.3229573567708333,1.5954353449245293,0.00025,0.2,0.8943394422531128,0.9980125427246094,-5.9209692279497785
105,2224.0,2525,255,-33745.509003470004,645120,0.05663905762291203,416,0.14098749,0.51123046875,1.405102564021945,0.00025,0.2,0.8482972979545593,0.9979457259178162,-5.77285539607207
106,2224.0,2550,255,-33161.14233676001,651264,0.0592264565784717,420,0.16340896,0.5884195963541666,1.6331818234175444,0.00025,0.2,0.5815731883049011,0.9968869090080261,-5.848340680201848
107,2224.0,2574,255,-28635.409003440003,657408,0.01127859470580006,424,0.01586117,0.3100992838541667,1.5118013508617878,0.00025,0.2,0.45787495374679565,0.9981017708778381,-6.103450884421666
108,2224.0,2596,255,-26693.32900375,663552,0.011457987828180194,428,0.01675327,0.3203938802083333,1.3058765393992264,0.00025,0.2,0.47033897042274475,0.9982922673225403,-6.129449084401131
109,2224.0,2620,255,-23068.280670149998,669696,0.021523549185076263,432,0.01246764,0.358642578125,1.1195768024772406,0.00025,0.2,0.41194140911102295,0.998249888420105,-6.2666346579790115
110,2224.0,2645,255,-19056.09400273,675840,0.006610959358416342,436,0.015908012,0.22757975260416666,1.0309251540650923,0.00025,0.2,0.343049019575119,0.9989687204360962,-6.244821558396022
111,2224.0,2667,255,-15738.33566872,681984,0.027567869556757312,440,0.029645352,0.4258219401041667,0.7300142828995982,0.00025,0.2,0.2355113923549652,0.9990038871765137,-6.354167590538661
112,2224.0,2692,255,-11308.177334519998,688128,0.05070131385097435,444,0.17008106,0.5279947916666666,1.141746772453189,0.00025,0.2,0.43199649453163147,0.9990494251251221,-6.257677718997002
113,2224.0,2717,255,-9037.607334459997,694272,0.016423451869438093,448,0.018478284,0.362060546875,0.5475424285978079,0.00025,0.2,0.16669130325317383,0.9991046190261841,-6.124708200494449
114,2224.0,2740,255,-6926.510667559998,700416,0.009433450558087012,452,0.03216529,0.3367513020833333,0.6196215643237034,0.00025,0.2,0.2669616639614105,0.9989135265350342,-6.1616883128881454
115,2224.0,2764,255,-2794.7256675200006,706560,0.008438879091651566,456,0.021243261,0.2746175130208333,0.4519094377756119,0.00025,0.2,0.2091313749551773,0.9992604851722717,-6.190686156352361
116,2224.0,2790,255,-2238.40566723,712704,0.007939171003575515,460,0.01775535,0.2742513020833333,0.4426937314371268,0.00025,0.2,0.14956898987293243,0.9991961121559143,-6.1608409235874815
117,2224.0,2814,255,-2665.2140001999996,718848,0.020607527520041913,464,0.02387064,0.398681640625,0.9349827763314048,0.00025,0.2,0.7811381220817566,0.9990766048431396,-6.202896123131116
118,2224.0,2837,255,-4052.7540002399996,724992,0.002555078788039585,468,0.009305807,0.1513671875,0.9366904286046823,0.00025,0.2,0.5559418797492981,0.9991023540496826,-6.193263471126556
119,2224.0,2862,255,-4058.2290002799996,731136,0.002844362228643149,472,0.011154727,0.187744140625,0.9080861161152521,0.00025,0.2,0.5594149827957153,0.9991725087165833,-6.150801186760266
120,2224.0,2887,255,-4034.17900033,737280,0.004845619572733995,476,0.013531995,0.21736653645833334,0.8199643169840177,0.00025,0.2,0.39883357286453247,0.9993650913238525,-6.316503663857778
121,2224.0,2909,255,-4146.7306671,743424,0.0038402737554861233,480,0.01562897,0.20206705729166666,0.7907497848694524,0.00025,0.2,0.49139660596847534,0.9994301199913025,-6.252343167861302
122,2224.0,2934,255,-4036.2140004400007,749568,0.005970745800974934,484,0.020111836,0.2669677734375,0.8810762244587144,0.00025,0.2,0.48934245109558105,0.9984781742095947,-6.106743901968002
123,2224.0,2959,255,-5051.12900067,755712,0.006405991567589808,488,0.014127269,0.22672526041666666,0.7460471273710331,0.00025,0.2,0.41226887702941895,0.999450147151947,-6.371664995948474
124,2224.0,2981,255,-5569.85566718,761856,0.0035213757194772675,492,0.019964427,0.2509358723958333,0.9880459265162548,0.00025,0.2,0.5002981424331665,0.9989694356918335,-6.417942136526108
125,2224.0,3007,255,-5347.620667199998,768000,0.010919977884138158,496,0.024113191,0.3245035807291667,0.9156221567342678,0.00025,0.2,0.5860101580619812,0.9990273714065552,-6.359231387575467
126,2224.0,3031,255,-4407.25233375,774144,0.008496988244587556,500,0.02971015,0.2953694661458333,0.7491778650631508,0.00025,0.2,0.45300474762916565,0.9993861317634583,-6.532429407040278
127,2224.0,3056,255,-3676.527333769999,780288,0.01104661660065176,504,0.03306394,0.3499348958333333,1.130231416163345,0.00025,0.2,0.6273366212844849,0.9984687566757202,-6.457823658982913
128,2224.0,3078,255,-4124.56400041,786432,0.005146275797111836,508,0.017158652,0.2743733723958333,0.8325107035537561,0.00025,0.2,0.5319413542747498,0.9987877011299133,-6.387474417686462
129,2224.0,3103,255,-4308.98900042,792576,0.009294243946593875,512,0.020664068,0.304443359375,0.806022260338068,0.00025,0.2,0.4308338761329651,0.999128520488739,-6.376415282487869
130,2224.0,3127,255,-5289.279000319999,798720,0.009890093439025804,516,0.023674538,0.3138427734375,0.7326073767617345,0.00025,0.2,0.45111626386642456,0.9993658661842346,-6.467690462867419
131,2224.0,3150,255,-5843.655666989998,804864,0.010005673410584373,520,0.023245698,0.3344319661458333,0.8839458993946513,0.00025,0.2,0.4350365400314331,0.9989879131317139,-6.468071470657985
132,2224.0,3174,255,-5378.37400021,811008,0.007527165338008975,524,0.019736124,0.2869873046875,0.8405583997567495,0.00025,0.2,0.48974430561065674,0.9990655779838562,-6.653038412332535
133,2224.0,3199,255,-6055.729000400001,817152,0.010036257323614942,528,0.037769068,0.34423828125,0.8520553298294544,0.00025,0.2,0.6325504183769226,0.9990675449371338,-6.654518509904544
134,2224.0,3221,255,-7274.202333759999,823296,0.01206477275263751,532,0.020040818,0.3133138020833333,0.9008010985950629,0.00025,0.2,0.3670818507671356,0.9986406564712524,-6.5973334312438965
135,2224.0,3246,255,-7952.747333780001,829440,0.012083099116959298,536,0.02411797,0.3528645833333333,0.8116603689268231,0.00025,0.2,0.48898547887802124,0.9990472793579102,-6.574718485275905
136,2224.0,3270,255,-9204.345667180001,835584,0.0054762404021554785,540,0.025126457,0.287109375,0.8908997854838768,0.00025,0.2,0.4314601719379425,0.9989614486694336,-6.522391190131505
137,2224.0,3292,255,-10621.832333909999,841728,0.00862132551750013,544,0.019086258,0.2691650390625,0.8848853340993325,0.00025,0.2,0.5540357828140259,0.9989126324653625,-6.622766996423404
138,2224.0,3317,255,-10472.512333829998,847872,0.01091662747785449,548,0.021857655,0.333251953125,0.8677800378451744,0.00025,0.2,0.5781493782997131,0.999024510383606,-6.629718100031217
139,2224.0,3342,255,-9372.889000539999,854016,0.03733041324206473,552,0.06250757,0.506103515625,0.768023315196236,0.00025,0.2,0.24964259564876556,0.999177098274231,-6.486987958351771
140,2224.0,3363,255,-9858.22400065,860160,0.013207442398803929,556,0.03684087,0.3533121744791667,0.691247023952504,0.00025,0.2,0.11693710088729858,0.9993414282798767,-6.341478918989499
141,2224.0,3388,255,-10657.832334129998,866304,0.016863233635376673,560,0.034759253,0.3474934895833333,0.7980818236246705,0.00025,0.2,0.2898576855659485,0.9985859394073486,-6.290538921952248
142,2224.0,3413,255,-13916.452334630001,872448,0.006602812000589135,564,0.018448362,0.2542724609375,0.8067947570234537,0.00025,0.2,0.21097955107688904,0.999058723449707,-6.265249674518903
143,2224.0,3435,255,-16496.485668229998,878592,0.00640596670806796,568,0.015312512,0.2528483072916667,0.8217397959282001,0.00025,0.2,0.2751995921134949,0.9990574717521667,-6.295840869347255
144,2224.0,3460,255,-18209.930668549998,884736,0.006835601816419512,572,0.020284494,0.2841796875,0.9715620552500089,0.00025,0.2,0.33289843797683716,0.9987006783485413,-6.328028713663419
145,2224.0,3485,255,-20821.064002529998,890880,0.013848251112600943,576,0.03539448,0.3376871744791667,0.9245694211373726,0.00025,0.2,0.1524377465248108,0.9989413619041443,-6.400427887837092
146,2224.0,3510,255,-20284.932335819998,897024,0.0076287232611017925,580,0.019563423,0.2831217447916667,0.9669355948766073,0.00025,0.2,0.23817071318626404,0.9987468719482422,-6.453683227300644
147,2224.0,3531,255,-21715.56900279,903168,0.013479072261058414,584,0.028181411,0.3410237630208333,0.7705713805432121,0.00025,0.2,0.24845562875270844,0.9987000823020935,-6.504439949989319
148,2224.0,3557,255,-24614.770669809997,909312,0.009503724773821887,588,0.0229835,0.3240559895833333,0.8830187637358904,0.00025,0.2,0.19665604829788208,0.9988709092140198,-6.49381260573864
149,2224.0,3581,255,-26847.350670030002,915456,0.010537964422837831,592,0.014695212,0.2957763671875,0.8886343923707803,0.00025,0.2,0.24132898449897766,0.998863160610199,-6.578274374206861
150,2224.0,3603,255,-27201.660669880006,921600,0.012023341041640379,596,0.02899774,0.3293050130208333,0.8347290713960925,0.00025,0.2,0.20973674952983856,0.9989914298057556,-6.6213919172684355
151,2224.0,3628,255,-25427.729003010005,927744,0.007138089664901297,600,0.025871605,0.2965901692708333,0.8090259289989868,0.00025,0.2,0.25392061471939087,0.9988976716995239,-6.540613780419032
152,2224.0,3653,255,-25680.770669790003,933888,0.019485926852212287,604,0.032571714,0.3831787109375,0.7975163344914714,0.00025,0.2,0.23522932827472687,0.9991022944450378,-6.591127023100853
153,2224.0,3675,255,-24605.86400291,940032,0.0072246998170157894,608,0.018349271,0.2947998046875,0.9619281105697155,0.00025,0.2,0.3186909556388855,0.9982552528381348,-6.554557119806607
154,2224.0,3699,255,-24837.775668870003,946176,0.019344693447540823,612,0.04595967,0.3857421875,0.8689078365763029,0.00025,0.2,0.20709660649299622,0.9986584782600403,-6.403447300195694
155,2224.0,3724,255,-25042.67066892,952320,0.006417795816863266,616,0.025427297,0.2751057942708333,0.843039959979554,0.00025,0.2,0.2115577757358551,0.9989197254180908,-6.542760759592056
156,2224.0,3746,255,-24072.90900201,958464,0.013245418459215822,620,0.033563625,0.3356119791666667,0.9387379735708237,0.00025,0.2,0.21615459024906158,0.9988749623298645,-6.577972918748856
157,2224.0,3770,255,-25005.800668720003,964608,0.009072795617006099,624,0.025396513,0.32568359375,0.8585164211690426,0.00025,0.2,0.22391080856323242,0.9988741278648376,-6.528761853774388
158,2224.0,3795,255,-24703.007335240007,970752,0.01957699437480187,628,0.053174477,0.3794759114583333,0.8878613213698069,0.00025,0.2,0.26439616084098816,0.9987437725067139,-6.4624674916267395
159,2224.0,3817,255,-27242.969001730005,976896,0.03652048990382658,632,0.045806944,0.4770914713541667,0.7466044981653491,0.00025,0.2,0.34478193521499634,0.9983823299407959,-6.24876011411349
160,2224.0,3842,255,-28918.142335030003,983040,0.015132222407070609,636,0.02450945,0.35009765625,0.6071947294597825,0.00025,0.2,0.21836084127426147,0.9981949329376221,-6.054590289791425
161,2224.0,3867,255,-30342.444001509997,989184,0.029189358559960965,640,0.07288965,0.447998046875,0.6970675028860569,0.00025,0.2,0.28265145421028137,0.9988329410552979,-5.990072483817737
162,2224.0,3890,255,-32534.26900182001,995328,0.024573375000424374,644,0.014576021,0.3756510416666667,0.8866027655700842,0.00025,0.2,0.5639820098876953,0.9988331198692322,-5.864345341920853
163,2224.0,3914,255,-32088.950668710004,1001472,0.003651245361349235,648,0.0141809955,0.19413248697916666,0.889866424103578,0.00025,0.2,0.4836482107639313,0.998846173286438,-5.934148793419202
164,2224.0,3939,255,-32985.404002200004,1007616,0.004499740595444261,652,0.015455146,0.2279052734375,1.0395553062359493,0.00025,0.2,0.5334420800209045,0.9984212517738342,-6.092476616303126
165,2224.0,3963,255,-32846.52066860001,1013760,0.007606121468901013,656,0.019535957,0.24934895833333334,0.974770998271803,0.00025,0.2,0.401819109916687,0.9985367655754089,-6.105245063702266
166,2224.0,3986,255,-34773.65400228,1019904,0.011296889055908347,660,0.025354259,0.2908528645833333,0.9420078881084919,0.00025,0.2,0.5188767313957214,0.9980805516242981,-5.85321373740832
167,2224.0,4010,255,-34047.76066909,1026048,0.005639965985513602,664,0.017361084,0.23274739583333334,0.9489762453983227,0.00025,0.2,0.5080710649490356,0.9985820055007935,-5.82386735578378
168,2224.0,4035,255,-31157.67066923,1032192,0.0060970830369721325,668,0.01862958,0.21293131510416666,0.8945976508160433,0.00025,0.2,0.36116722226142883,0.9987686276435852,-5.9959361751874285
169,2224.0,4057,255,-30691.82233587,1038336,0.012470556728658266,672,0.02549552,0.3231608072916667,0.9561661165207624,0.00025,0.2,0.4793536067008972,0.9986605048179626,-6.061209519704183
170,2224.0,4082,255,-28899.13566939,1044480,0.009062716152887637,676,0.016403634,0.2738037109375,0.8889440776159366,0.00025,0.2,0.4606946110725403,0.9987960457801819,-6.0727815280358
171,2224.0,4107,255,-26963.509002420004,1050624,0.006050047052364486,680,0.020500397,0.24283854166666666,0.8805113056053718,0.00025,0.2,0.5110706090927124,0.9988298416137695,-6.062586878736814
172,2224.0,4130,255,-26684.87900271,1056768,0.009948293164294833,684,0.015999874,0.282470703125,0.9226880185306072,0.00025,0.2,0.5279480218887329,0.9982390403747559,-6.02646001180013
173,2224.0,4155,255,-25601.410669150002,1062912,0.007127610714330028,688,0.0192866,0.2591959635416667,0.9304837317516407,0.00025,0.2,0.49626603722572327,0.9983636140823364,-6.019414693117142
174,2224.0,4180,255,-24084.2340024,1069056,0.007058654567420793,692,0.015256062,0.2652994791666667,0.9254315327852964,0.00025,0.2,0.5525517463684082,0.9987133741378784,-6.034288873275121
175,2224.0,4204,255,-22703.64400213,1075200,0.01246054425185624,696,0.023703486,0.2939860026041667,0.9336997885257006,0.00025,0.2,0.5627061724662781,0.9986876249313354,-6.163322543104489
176,2224.0,4227,255,-23557.395668770005,1081344,0.010054713629263764,700,0.024767317,0.2765299479166667,0.809937217583259,0.00025,0.2,0.49461108446121216,0.9988765716552734,-6.139810274044673
177,2224.0,4251,255,-24684.715668970002,1087488,0.021144821720857482,704,0.06393755,0.3477376302083333,0.9050277421871821,0.00025,0.2,0.22587348520755768,0.998633861541748,-6.267049471537272
178,2224.0,4277,255,-24478.787335809997,1093632,0.019161440499980625,708,0.028638573,0.3817952473958333,0.8382611218839884,0.00025,0.2,0.1868245005607605,0.9989022612571716,-6.200200155377388
179,2224.0,4299,255,-24929.429002310004,1099776,0.012305557984897556,712,0.011785035,0.2802734375,0.8045525830239058,0.00025,0.2,0.17074982821941376,0.9985626935958862,-6.154331256945928
180,2224.0,4324,255,-24566.66066877,1105920,0.006101154792607606,716,0.018812587,0.250732421875,0.8544858694076538,0.00025,0.2,0.32594218850135803,0.9988195300102234,-6.14411582549413
181,2224.0,4348,255,-23794.22233523,1112064,0.01134975172317354,720,0.014267146,0.2723795572916667,0.8190612370769182,0.00025,0.2,0.20230764150619507,0.9989303946495056,-6.040380577246348
182,2224.0,4371,255,-23522.609001840003,1118208,0.006458838016745479,724,0.017884178,0.2693277994791667,0.7545944349840283,0.00025,0.2,0.18921734392642975,0.9989860653877258,-6.245578696330388
183,2224.0,4396,255,-24519.114001870003,1124352,0.009181635323329829,728,0.015178961,0.2639973958333333,0.8075284752994776,0.00025,0.2,0.22167959809303284,0.9989263415336609,-6.196028878291448
184,2224.0,4420,255,-24334.437335100003,1130496,0.039861345886796094,732,0.052559655,0.4901123046875,0.5437116601193944,0.00025,0.2,0.37470880150794983,0.9991772770881653,-6.283267954985301
185,2224.0,4443,255,-24529.85400183,1136640,0.012843487386514122,736,0.013792629,0.3345133463541667,0.7390257815519968,0.00025,0.2,0.40382063388824463,0.9985170960426331,-6.173901369174321
186,2224.0,4468,255,-23904.115668450006,1142784,0.007413738244698227,740,0.01751024,0.2835286458333333,0.6688356073573232,0.00025,0.2,0.39067110419273376,0.9992086291313171,-6.0888273020585375
187,2224.0,4493,255,-22261.300668120002,1148928,0.007763253391506926,744,0.016126094,0.2528076171875,0.7619111320624748,0.00025,0.2,0.367170512676239,0.9990003705024719,-6.035460253556569
188,2224.0,4519,255,-21349.200668249996,1155072,0.006215114898319977,748,0.016556794,0.2529296875,0.7065403927117586,0.00025,0.2,0.4073220491409302,0.9990985989570618,-5.983617107073466
189,2224.0,4541,255,-20953.432334979996,1161216,0.008685056040121708,752,0.019639859,0.2630615234375,0.7110676821321249,0.00025,0.2,0.29871436953544617,0.9991604089736938,-5.992163037260373
190,2224.0,4566,255,-21089.694001559998,1167360,0.007035629673434111,756,0.022633677,0.2950846354166667,0.7428946361566583,0.00025,0.2,0.4322429299354553,0.999030590057373,-5.978930736581485
191,2224.0,4591,255,-21010.005668169997,1173504,0.005054120871742877,760,0.019177234,0.2571207682291667,0.680514097524186,0.00025,0.2,0.3693411946296692,0.9988901615142822,-5.943601667881012
192,2224.0,4613,255,-21731.844001780002,1179648,0.006496552933337322,764,0.016120356,0.2677001953125,0.7788038526972135,0.00025,0.2,0.43278267979621887,0.9988649487495422,-5.792274991671245
193,2224.0,4638,255,-21852.27566861,1185792,0.006926346701220609,768,0.026132248,0.303466796875,0.6756963223839799,0.00025,0.2,0.29216116666793823,0.9991520047187805,-5.978747432430585
194,2224.0,4663,255,-21680.054001840002,1191936,0.006243343195819762,772,0.017749658,0.2752278645833333,0.7097438781832656,0.00025,0.2,0.39264997839927673,0.999049961566925,-5.980806564291318
195,2224.0,4685,255,-20537.63733517,1198080,0.02056507140756973,776,0.045687973,0.3921305338541667,0.700791763762633,0.00025,0.2,0.3268870711326599,0.9990037083625793,-5.891474242011706
196,2224.0,4710,255,-20582.859001899997,1204224,0.019580862164730206,780,0.033508237,0.4115397135416667,0.646297707532843,0.00025,0.2,0.20753809809684753,0.9988656044006348,-6.009888773163159
197,2224.0,4735,255,-20649.929001779998,1210368,0.02136214863276109,784,0.030565804,0.4192708333333333,0.4686126426483194,0.00025,0.2,0.19045627117156982,0.9989223480224609,-5.559213270743688
198,2224.0,4760,255,-22320.374002120003,1216512,0.03850992650647337,788,0.050615374,0.5091145833333334,0.696000458051761,0.00025,0.2,0.3369419574737549,0.9986358284950256,-5.265056803822517
199,2224.0,4782,255,-24454.95066892,1222656,0.029479206141938146,792,0.09968075,0.4673258463541667,0.8357699836293856,0.00025,0.2,0.25362351536750793,0.9986697435379028,-5.2005922844012575
200,2224.0,4807,255,-23604.969002030004,1228800,0.004789469050592743,796,0.013551348,0.2853597005208333,0.593230725886921,0.00025,0.2,0.17154541611671448,0.9988787770271301,-5.165476540724437
201,2224.0,4832,255,-23649.714002020002,1234944,0.013077007587223003,800,0.015622507,0.3389078776041667,0.4857559421410163,0.00025,0.2,0.15838029980659485,0.9989606142044067,-5.294240698218346
202,2224.0,4854,255,-23440.54900187,1241088,0.006315029334170201,804,0.013755605,0.22774251302083334,0.7607838002343973,0.00025,0.2,0.4061899781227112,0.9991443753242493,-5.506166681647301
203,2224.0,4879,255,-24540.04733537,1247232,0.0039202599703761125,808,0.015297729,0.22635904947916666,0.6970735294744372,0.00025,0.2,0.4457913339138031,0.9991680979728699,-5.5671161363522215
204,2224.0,4905,255,-25194.964001960005,1253376,0.0018705460994776029,812,0.016612252,0.21537272135416666,0.7514069465299448,0.00025,0.2,0.422746479511261,0.9986086487770081,-5.4934853464365005
205,2224.0,4927,255,-26008.805668620007,1259520,0.003988732639603161,816,0.014403296,0.18636067708333334,0.6888065707559387,0.00025,0.2,0.3936183452606201,0.9991052746772766,-5.485587125023206
206,2224.0,4952,255,-27857.38233562,1265664,0.005114785706003507,820,0.017837303,0.247314453125,0.7072914534558853,0.00025,0.2,0.4476805627346039,0.9991689324378967,-5.676702911655108
207,2224.0,4977,255,-26694.28900201,1271808,0.003813444282665538,824,0.016736457,0.23095703125,0.7279031993821263,0.00025,0.2,0.43363893032073975,0.9991260170936584,-5.660360912481944
208,2224.0,4999,255,-24637.224002060004,1277952,0.0027346671849954873,828,0.018040404,0.21927897135416666,0.7397163854911923,0.00025,0.2,0.42908555269241333,0.9990216493606567,-5.785094891985257
209,2224.0,5024,255,-24578.294002060007,1284096,0.002510815048784328,832,0.018521577,0.22477213541666666,0.6369729749858379,0.00025,0.2,0.41986751556396484,0.9993380308151245,-5.589422682921092
210,2224.0,5050,255,-23844.0106688,1290240,0.010618493378084773,836,0.018706739,0.2703043619791667,0.7151403483003378,0.00025,0.2,0.4089539349079132,0.9987826347351074,-5.56218305726846
211,2224.0,5075,255,-23893.01733558,1296384,0.00795082009184019,840,0.022354716,0.27392578125,0.7037759801993767,0.00025,0.2,0.40374740958213806,0.9989819526672363,-5.636846408247948
212,2224.0,5096,255,-22871.105668710006,1302528,0.009990973223466426,844,0.025390128,0.267578125,0.6877449074139198,0.00025,0.2,0.4435552954673767,0.9991177320480347,-5.669112448891004
213,2224.0,5122,255,-22198.444001950007,1308672,0.01000038843145982,848,0.021849409,0.2930501302083333,0.7610087857271234,0.00025,0.2,0.4383459687232971,0.9989198446273804,-5.607948010166486
214,2224.0,5147,255,-23485.969002740007,1314816,0.025676952189921092,852,0.0830897,0.3855387369791667,0.6253436331947645,0.00025,0.2,0.15659649670124054,0.9987815618515015,-5.722213437159856
215,2224.0,5168,255,-24611.432336379996,1320960,0.005225360446881193,856,0.012872342,0.21280924479166666,0.8313503457854191,0.00025,0.2,0.35291579365730286,0.9986526966094971,-6.061595857143402
216,2224.0,5194,255,-25569.880669790004,1327104,0.009828085002178947,860,0.024784891,0.2955729166666667,0.6846251968915263,0.00025,0.2,0.35372549295425415,0.9986962080001831,-6.144321118791898
217,2224.0,5219,255,-26933.432336930004,1333248,0.006284455346758477,864,0.02350285,0.2797037760416667,0.7400886618221799,0.00025,0.2,0.3499463200569153,0.9984601140022278,-6.006762579083443
218,2224.0,5241,255,-27802.267337340003,1339392,0.012155784844556669,868,0.018910827,0.3192545572916667,0.7500106996546189,0.00025,0.2,0.37344473600387573,0.9988625049591064,-6.084061160683632
219,2224.0,5266,255,-29466.140671229994,1345536,0.010316078303731047,872,0.018653685,0.3209635416666667,0.7926714050893983,0.00025,0.2,0.4363325238227844,0.9988427758216858,-6.131640791893005
220,2224.0,5291,255,-29152.15233763,1351680,0.03284620784203677,876,0.07376264,0.4530029296875,0.7034026691690087,0.00025,0.2,0.15322013199329376,0.9985222220420837,-6.225006764133771
221,2224.0,5313,255,-29918.732338100002,1357824,0.01980822422289445,880,0.032764297,0.3934326171875,0.5653773934269944,0.00025,0.2,0.10958100110292435,0.9985387921333313,-6.364214614033699
222,2224.0,5338,255,-30328.719005029998,1363968,0.014796936923327545,884,0.03729525,0.364501953125,0.4566671422993143,0.00025,0.2,0.14740994572639465,0.9989578723907471,-6.257522424062093
223,2224.0,5363,255,-28932.70067086,1370112,0.02592432187035835,888,0.052100126,0.429443359375,0.6326946482683221,0.00025,0.2,0.22407032549381256,0.997442364692688,-6.2215681076049805
224,2224.0,5388,255,-27869.520670230002,1376256,0.03519943020607267,892,0.07059535,0.5096842447916666,0.5764980847015977,0.00025,0.2,0.4839714765548706,0.998649537563324,-6.109456151723862
225,2224.0,5410,255,-28536.424003510005,1382400,0.00511910753751484,896,0.011355236,0.21333821614583334,0.803366675041616,0.00025,0.2,0.4042935371398926,0.998729944229126,-6.341887225707372
226,2224.0,5436,255,-28277.417336509996,1388544,0.005446918885960865,900,0.015136662,0.22513834635416666,0.876002219816049,0.00025,0.2,0.5121825337409973,0.9986063838005066,-6.33814138174057
227,2224.0,5462,255,-28919.330669630002,1394688,0.0026504453853704035,904,0.010125015,0.18973795572916666,0.7557739714781443,0.00025,0.2,0.4171428382396698,0.9988500475883484,-6.254039838910103
228,2224.0,5484,255,-28622.472336319996,1400832,0.007074950146488845,908,0.019590652,0.24910481770833334,0.7655890565365553,0.00025,0.2,0.4016091823577881,0.9988904595375061,-6.286703074971835
229,2224.0,5509,255,-29496.97400338,1406976,0.006174998539790977,912,0.020464899,0.2880045572916667,0.7450765573109189,0.00025,0.2,0.33615607023239136,0.9984594583511353,-6.154316872358322
230,2224.0,5535,255,-31328.04400308,1413120,0.0073019156940669445,916,0.01767656,0.2802327473958333,0.754566265270114,0.00025,0.2,0.32258301973342896,0.9987829327583313,-6.145940845211347
231,2224.0,5558,255,-30607.46900286,1419264,0.007532028590503614,920,0.018657314,0.24881998697916666,0.717724704494079,0.00025,0.2,0.4559028148651123,0.998993992805481,-6.235125492016475
232,2224.0,5583,255,-31254.70566966,1425408,0.005021145252006439,924,0.022673445,0.25,0.7652488347763816,0.00025,0.2,0.27307531237602234,0.9987882375717163,-6.27059764166673
233,2224.0,5608,255,-30646.459003719996,1431552,0.023402640469915543,928,0.03862436,0.4375406901041667,0.5806612710778912,0.00025,0.2,0.1321389079093933,0.9988048076629639,-6.360893473029137
234,2224.0,5630,255,-30110.600670030002,1437696,0.030718007842854906,932,0.06638723,0.5032958984375,0.5366118398184577,0.00025,0.2,0.08802438527345657,0.9987860918045044,-6.161480416854222
235,2224.0,5656,255,-28457.052336620003,1443840,0.015340024976467248,936,0.025242522,0.3759358723958333,0.588076596458753,0.00025,0.2,0.1714528650045395,0.9984080791473389,-6.1667140275239944
236,2224.0,5681,255,-27187.204002899998,1449984,0.008814043457581041,940,0.024160543,0.342041015625,0.589773315936327,0.00025,0.2,0.23747022449970245,0.9982917904853821,-6.0840920358896255
237,2224.0,5706,255,-27894.635669210005,1456128,0.013653603624940539,944,0.0425141,0.3979899088541667,0.6603963874901334,0.00025,0.2,0.17632198333740234,0.9988959431648254,-6.184625322620074
238,2224.0,5729,255,-27956.449002480003,1462272,0.02906114311190322,948,0.02811714,0.439453125,0.6484508713086446,0.00025,0.2,0.20097225904464722,0.9988564252853394,-6.198620835940043
239,2224.0,5754,255,-26416.86733579,1468416,0.0078531322433264,952,0.016622813,0.2930094401041667,0.726218335951368,0.00025,0.2,0.2746913731098175,0.9989079236984253,-6.219776933391889
240,2224.0,5780,255,-29455.8006691,1474560,0.011547406194343543,956,0.009353339,0.3261311848958333,0.6803230118627349,0.00025,0.2,0.2894805073738098,0.9989827275276184,-6.2210284024477005
241,2224.0,5802,255,-28708.535668950008,1480704,0.02943614702477741,960,0.06550022,0.4884440104166667,0.537187517931064,0.00025,0.2,0.36802539229393005,0.9989973902702332,-6.170972401897113
242,2224.0,5827,255,-27919.125668870005,1486848,0.0048672316649269005,964,0.015089314,0.23282877604166666,0.7527157533913851,0.00025,0.2,0.4454082250595093,0.9983218312263489,-6.139719059069951
243,2224.0,5852,255,-26234.97400227,1492992,0.003915409247080485,968,0.014321596,0.23783365885416666,0.711671257391572,0.00025,0.2,0.37719959020614624,0.9990378618240356,-6.209568063418071
244,2224.0,5874,255,-25280.46066904,1499136,0.004429629135605258,972,0.020618683,0.2247314453125,0.7131670691693822,0.00025,0.2,0.2903901934623718,0.9989972114562988,-6.240189090371132
245,2224.0,5900,255,-24168.100669460004,1505280,0.0014661835812148638,976,0.015185599,0.220947265625,0.7939089642216762,0.00025,0.2,0.3574451506137848,0.9988451600074768,-6.207276821136475
246,2224.0,5926,255,-23683.75066982,1511424,0.002051847363569929,980,0.015383162,0.19759114583333334,0.672019576964279,0.00025,0.2,0.3124687969684601,0.9990265965461731,-6.173437267541885
247,2224.0,5948,255,-23482.53066992,1517568,0.0051692033860793645,984,0.014385343,0.23897298177083334,0.6318791039908925,0.00025,0.2,0.29573795199394226,0.9992080926895142,-6.156089355548223
248,2224.0,5973,255,-23158.56400304,1523712,0.004603782870011249,988,0.013780241,0.2646077473958333,0.7041031854848067,0.00025,0.2,0.3522036671638489,0.9985978603363037,-6.0793207834164305
249,2224.0,5999,255,-20181.265669939996,1529856,0.008909817290259525,992,0.016124928,0.2841389973958333,0.6594725418835878,0.00025,0.2,0.25127848982810974,0.9990200996398926,-6.113591308395068
250,2224.0,6023,254,-19461.73566962,1536000,0.0056721510700299405,996,0.017389528,0.2687581380208333,0.7675709382941326,0.00025,0.2,0.32554852962493896,0.998863697052002,-6.1404411147038145
251,2224.0,6046,255,-18585.759002939998,1542144,0.010058518460330864,1000,0.019710056,0.2945149739583333,0.6813600671788057,0.00025,0.2,0.37896013259887695,0.9990554451942444,-6.227293292681376
252,2224.0,6071,255,-19494.43900292,1548288,0.011740984589171907,1004,0.019527957,0.3108723958333333,0.6828820497418443,0.00025,0.2,0.3794572949409485,0.9990508556365967,-6.308220013976097
253,2224.0,6097,254,-19467.144002920002,1554432,0.007472162746125832,1008,0.013614406,0.276123046875,0.6762050995603204,0.00025,0.2,0.4323345422744751,0.9990091919898987,-6.262898311018944
254,2224.0,6119,255,-19485.46900263,1560576,0.008314169506775215,1012,0.016688723,0.240478515625,0.6945837968960404,0.00025,0.2,0.308428555727005,0.998629629611969,-6.25387766957283
255,2224.0,6145,254,-19441.599002499996,1566720,0.009272701252484694,1016,0.017701581,0.3190511067708333,0.6845265279213587,0.00025,0.2,0.38470524549484253,0.9987623691558838,-6.043856198589007
256,2224.0,6169,254,-19809.439002519997,1572864,0.00809945832103646,1020,0.020719592,0.251220703125,0.6856019863237938,0.00025,0.2,0.2726629674434662,0.9990529417991638,-6.159662589430809
257,2224.0,6191,255,-21846.529002350002,1579008,0.017548624923316918,1024,0.055759113,0.3562825520833333,0.6583247383435568,0.00025,0.2,0.22583632171154022,0.9989215135574341,-6.162311300635338
258,2224.0,6217,254,-23074.815669170002,1585152,0.029523562442288192,1028,0.052896544,0.4444580078125,0.40666821831837296,0.00025,0.2,0.10487344861030579,0.9991021752357483,-6.270578970511754
259,2224.0,6242,254,-24143.6906693,1591296,0.017461345113891486,1032,0.035194483,0.4130045572916667,0.6373265034829577,0.00025,0.2,0.2455940991640091,0.9990172982215881,-6.1531079560518265
260,2224.0,6267,254,-24170.800669340002,1597440,0.004588779617430798,1036,0.015441351,0.20402018229166666,0.6094099419812361,0.00025,0.2,0.3952808380126953,0.9992281198501587,-6.190805325905482
261,2224.0,6290,254,-24811.340669490004,1603584,0.002798113249203501,1040,0.016478477,0.2244873046875,0.661863922762374,0.00025,0.2,0.3633910119533539,0.9985018372535706,-5.918446709712346
262,2224.0,6316,254,-28348.765669460005,1609728,0.004850927980442066,1044,0.018509667,0.24641927083333334,0.7164604033653935,0.00025,0.2,0.333190381526947,0.9988714456558228,-6.061890592177709
263,2224.0,6342,254,-30098.80900311,1615872,0.008268572016580341,1048,0.020660684,0.3061116536458333,0.7332045088211695,0.00025,0.2,0.43311870098114014,0.9989070296287537,-6.14244319498539
264,2224.0,6364,254,-31587.704003370003,1622016,0.0030869757659578076,1052,0.02022312,0.2386474609375,0.761262291111052,0.00025,0.2,0.3396162688732147,0.9988369345664978,-6.16133917371432
265,2224.0,6389,254,-30052.84900289,1628160,0.00868736216701412,1056,0.013638597,0.2655843098958333,0.6993671438346306,0.00025,0.2,0.4011595845222473,0.9989158511161804,-6.15320419271787
266,2224.0,6415,254,-30062.92900267,1634304,0.010292786185649069,1060,0.024644071,0.3055419921875,0.6190322125330567,0.00025,0.2,0.2448241263628006,0.9991894960403442,-6.102430994311969
267,2224.0,6437,254,-29205.154002830004,1640448,0.008098296573734842,1064,0.011396785,0.2546793619791667,0.6082708605875572,0.00025,0.2,0.36145898699760437,0.9987948536872864,-5.936268995205562
268,2224.0,6461,254,-27820.852335829997,1646592,0.003884451046663647,1068,0.014763777,0.23128255208333334,0.6222258126363158,0.00025,0.2,0.2748648524284363,0.9990779161453247,-5.8686472823222475
269,2224.0,6486,254,-27828.58233567,1652736,0.008692486514822425,1072,0.020089025,0.3001302083333333,0.6038417754073938,0.00025,0.2,0.3982648551464081,0.9991782903671265,-5.908342286944389
270,2224.0,6509,254,-27041.425669130003,1658880,0.003322581333729128,1076,0.01496921,0.24247233072916666,0.6002839850261807,0.00025,0.2,0.2826467752456665,0.9992387890815735,-5.882501219709714
271,2224.0,6533,254,-23691.139002250005,1665024,0.0027136618203561134,1080,0.015364285,0.214111328125,0.6703695241982738,0.00025,0.2,0.24499216675758362,0.9990217089653015,-5.910833105444908
272,2224.0,6559,254,-22652.919002119997,1671168,0.0085968304022875,1084,0.019990453,0.2664794921875,0.5706169943635663,0.00025,0.2,0.2675378918647766,0.9993014931678772,-5.9412088096141815
273,2224.0,6584,254,-22578.38566856,1677312,0.005150604238830662,1088,0.020667901,0.28369140625,0.5992349612837037,0.00025,0.2,0.30813896656036377,0.9989811778068542,-5.896436442931493
274,2224.0,6606,254,-22036.6156683,1683456,0.005945398564411637,1092,0.01918787,0.2808430989583333,0.5726704156647126,0.00025,0.2,0.24449729919433594,0.9990755915641785,-5.681625783443451
275,2224.0,6631,254,-25051.855668640008,1689600,0.008120208833133802,1096,0.014396881,0.2768147786458333,0.6955570854867498,0.00025,0.2,0.3508092164993286,0.9989810585975647,-5.7900685866673784
276,2224.0,6657,254,-25437.005668680005,1695744,0.007229993563669268,1100,0.03002259,0.3028157552083333,0.5656913903852304,0.00025,0.2,0.2682194113731384,0.9992624521255493,-5.84711750348409
277,2224.0,6679,254,-27651.295668990006,1701888,0.015853798654764734,1104,0.06413276,0.354248046875,0.5271891234442592,0.00025,0.2,0.15282589197158813,0.9991528391838074,-5.74069707095623
278,2224.0,6704,254,-29960.425669200005,1708032,0.017890153258728485,1108,0.042490523,0.4308268229166667,0.4561562843931218,0.00025,0.2,0.13270771503448486,0.9989479780197144,-5.742407853404681
279,2224.0,6729,254,-29925.320669110006,1714176,0.018892430991400033,1112,0.03005405,0.4126383463541667,0.3407388984536131,0.00025,0.2,0.09027247130870819,0.9992036819458008,-5.703833828369777
280,2224.0,6751,254,-30411.49900267,1720320,0.017260265332273168,1116,0.044352274,0.3776041666666667,0.3930775908132394,0.00025,0.2,0.18261830508708954,0.9986532926559448,-5.465470766027768
281,2224.0,6777,254,-30473.24066924,1726464,0.011622433303273283,1120,0.033171564,0.3853352864583333,0.4525208557024598,0.00025,0.2,0.15406563878059387,0.9990664720535278,-5.466429283221562
282,2224.0,6802,254,-29530.904002479998,1732608,0.009751264893566258,1124,0.022595039,0.3240559895833333,0.46826220614214736,0.00025,0.2,0.15474313497543335,0.9988986849784851,-5.525504762927691
283,2224.0,6824,254,-30476.03066944,1738752,0.011713849642546847,1128,0.018834457,0.3346761067708333,0.43587730328241986,0.00025,0.2,0.08717087656259537,0.9990986585617065,-5.539244443178177
284,2224.0,6849,254,-28947.017336599998,1744896,0.03345484318560921,1132,0.07656219,0.5010172526041666,0.40115266665816307,0.00025,0.2,0.10702064633369446,0.9991812705993652,-5.684461752573649
285,2224.0,6874,254,-29653.040669979997,1751040,0.020162267678339656,1136,0.02624455,0.4268798828125,0.344730232997487,0.00025,0.2,0.10552026331424713,0.999390721321106,-5.886336808403333
286,2224.0,6899,254,-30834.542337000003,1757184,0.008359465828107204,1140,0.017881876,0.2959391276041667,0.5630320667599639,0.00025,0.2,0.17462575435638428,0.998981237411499,-5.87894827624162
287,2224.0,6921,254,-31525.739003590006,1763328,0.01381384396033051,1144,0.019358298,0.3791097005208333,0.33823585805172723,0.00025,0.2,0.07790099084377289,0.9993516206741333,-5.887490222851436
288,2224.0,6947,254,-33610.54400393,1769472,0.011297567189709904,1148,0.02955204,0.3309326171875,0.49724592998002964,0.00025,0.2,0.43155553936958313,0.999167263507843,-5.886906067530314
289,2224.0,6972,254,-39166.68233789,1775616,0.0070562891002434,1152,0.01407876,0.23832194010416666,1.1045978516340256,0.00025,0.2,0.6467375159263611,0.9991244077682495,-5.895600115259488
290,2224.0,6995,254,-43768.479005500005,1781760,0.031377167649528324,1156,0.049548518,0.4474690755208333,0.3952348136032621,0.00025,0.2,0.11242669075727463,0.9991852045059204,-5.966027542948723
291,2224.0,7020,254,-45704.37400572,1787904,0.011336270183771072,1160,0.023083245,0.3609212239583333,0.5125826730703315,0.00025,0.2,0.3568430542945862,0.9991209506988525,-5.853429118792216
292,2224.0,7045,254,-50672.44233943001,1794048,0.018731205816341873,1164,0.049455196,0.4038899739583333,0.5400508421783646,0.00025,0.2,0.15236727893352509,0.9984002113342285,-5.68465797106425
293,2224.0,7067,254,-54205.78900623,1800192,0.01415344215395938,1168,0.014652339,0.3364664713541667,0.8116462975740433,0.00025,0.2,0.3535751700401306,0.9979270100593567,-5.6340992997090025
294,2224.0,7093,254,-53818.03900650999,1806336,-0.001047776560881175,1172,0.01205797,0.17952473958333334,0.6094994628801942,0.00025,0.2,0.3148304224014282,0.9990724325180054,-5.7189837992191315
295,2224.0,7118,254,-56381.0206735,1812480,0.0016885246125942406,1176,0.014784654,0.19303385416666666,0.5811223024502397,0.00025,0.2,0.3202947676181793,0.9991877675056458,-5.815275624394417
296,2224.0,7140,254,-58251.43900743999,1818624,0.0006062999430772228,1180,0.014309958,0.18603515625,0.5569473228727778,0.00025,0.2,0.29485076665878296,0.9992703795433044,-5.8164618263642
297,2224.0,7165,254,-59533.555674200004,1824768,0.004380391338296856,1184,0.016880497,0.22505696614583334,0.5650534716745218,0.00025,0.2,0.20309770107269287,0.9991903305053711,-5.797096148133278
298,2224.0,7191,254,-59723.75234077001,1830912,0.005347484004839013,1188,0.01891864,0.2286376953125,0.6142592277998725,0.00025,0.2,0.3517804741859436,0.9990813732147217,-5.92496952911218
299,2224.0,7216,254,-60483.02234096,1837056,0.0038871505312272348,1192,0.019143414,0.21712239583333334,0.5387824572001895,0.00025,0.2,0.21971215307712555,0.9988988041877747,-5.650315140684445
300,2224.0,7239,254,-61794.42400729001,1843200,0.002527408139333905,1196,0.018179195,0.22843424479166666,0.5688180048018694,0.00025,0.2,0.2233315408229828,0.9991812705993652,-5.633086800575256
301,2224.0,7265,254,-57852.43734056001,1849344,0.005477018229915605,1200,0.02006326,0.2774658203125,0.5708532882854342,0.00025,0.2,0.405710369348526,0.9991954565048218,-5.651370460788409
302,2224.0,7289,254,-55197.91234008,1855488,0.0033064390445360914,1204,0.018477513,0.24169921875,0.6091278900081912,0.00025,0.2,0.3609964847564697,0.9990510940551758,-5.616321320335071
303,2224.0,7312,254,-57339.03900665001,1861632,0.0018331221023496862,1208,0.015926719,0.22806803385416666,0.5464949465046326,0.00025,0.2,0.3471217453479767,0.999206006526947,-5.58691601951917
304,2224.0,7337,254,-56934.779006950004,1867776,0.0037258943363364474,1212,0.01691362,0.22029622395833334,0.5773928062990308,0.00025,0.2,0.27962908148765564,0.9991419911384583,-5.649757767717044
305,2224.0,7363,254,-52161.58233914001,1873920,0.009248323394179655,1216,0.022596428,0.2761637369791667,0.5352046883975466,0.00025,0.2,0.26523876190185547,0.9988575577735901,-5.394558325409889
306,2224.0,7384,254,-52109.71233925001,1880064,0.0020242438913555816,1220,0.0144715635,0.23246256510416666,0.5489853598798314,0.00025,0.2,0.1976216733455658,0.9991205930709839,-5.5642270396153135
307,2224.0,7409,254,-52834.74567265,1886208,0.007174188581605752,1224,0.015947139,0.2644856770833333,0.6914921080072721,0.00025,0.2,0.35346657037734985,0.9985355734825134,-5.515224292874336
308,2224.0,7435,254,-54031.59900583001,1892352,0.002378901954216417,1228,0.02562368,0.2193603515625,0.6335219278310736,0.00025,0.2,0.2545296251773834,0.9989669322967529,-5.687271386384964
309,2224.0,7460,254,-53586.12733922999,1898496,0.005460402833705302,1232,0.019036314,0.2596842447916667,0.6351808523759246,0.00025,0.2,0.3481961488723755,0.998931884765625,-5.820242807269096
310,2224.0,7482,254,-53177.71233908999,1904640,0.005348378952476196,1236,0.021510867,0.2786051432291667,0.659663252842923,0.00025,0.2,0.22269397974014282,0.9987283945083618,-5.827718545993169
311,2224.0,7508,254,-54469.52567254,1910784,0.009009235585835995,1240,0.018115358,0.331787109375,0.6842652310927709,0.00025,0.2,0.30881446599960327,0.9984214305877686,-5.856633986035983
312,2224.0,7533,254,-55194.77567314999,1916928,0.0032189411310052187,1244,0.0139834285,0.2728271484375,0.865138053894043,0.00025,0.2,0.47786903381347656,0.9979209899902344,-5.676181226968765
313,2218.47,7555,254,-56930.023251989995,1923072,0.005290885533516605,1248,0.017288974,0.2543131510416667,0.9696845778574547,0.00025,0.2,0.5529278516769409,0.9979149103164673,-5.689654325445493
314,2218.47,7581,254,-60476.61491838,1929216,0.028023947845213115,1252,0.07062345,0.5078938802083334,4.552456513047218,0.00025,0.2,0.930627167224884,0.9809100031852722,-5.737075905005137
315,2218.47,7606,254,-59157.13325114999,1935360,0.012864954454319863,1256,0.032445703,0.384765625,1.4205621518194675,0.00025,0.2,0.3300761878490448,0.9962742328643799,-5.870325888196628
316,2218.47,7628,254,-58644.73491761999,1941504,0.016663339008421946,1260,0.022638962,0.348876953125,1.1595180456837018,0.00025,0.2,0.4276212751865387,0.9972586631774902,-5.806693077087402
317,2211.37,7653,254,-56391.42822954,1947648,0.014326775606605224,1264,0.02067676,0.3717447916666667,1.0828518277655046,0.00025,0.2,0.28694427013397217,0.9971454739570618,-5.925946821769078
318,2177.57,7678,254,-56256.08516211,1953792,0.030886371847979415,1268,0.1264174,0.5396728515625,6.031300896157821,0.00025,0.2,0.8858913779258728,0.9746505618095398,-5.635542218883832
319,2160.12,7700,254,-55983.38981005001,1959936,0.017559104405033093,1272,0.057634115,0.4773356119791667,18.579590062300365,0.00025,0.2,5.381105422973633,0.9308478236198425,-5.313103571534157
320,2143.29,7726,254,-54077.19329861,1966080,0.020871254984134186,1276,0.04475096,0.403564453125,6.266086511313915,0.00025,0.2,1.0880111455917358,0.9736636281013489,-5.750016222397487
321,2143.29,7751,254,-51899.89496463001,1972224,0.014723249238159042,1280,0.042714637,0.3509114583333333,7.7094684566060705,0.00025,0.2,2.16784405708313,0.9751235246658325,-5.568798904617627
322,2140.01,7777,254,-53094.009804260015,1978368,0.020470901077108767,1284,0.03520548,0.3797200520833333,2.676959555596113,0.00025,0.2,1.0002681016921997,0.9848752617835999,-5.824186225732167
323,2123.24,7800,254,-48788.40285951001,1984512,0.036392346053617075,1288,0.084835775,0.5084228515625,8.868998611966768,0.00025,0.2,2.533069133758545,0.9707391262054443,-5.474420458078384
324,2123.24,7824,254,-45507.11285959,1990656,0.039331863168627024,1292,0.07111884,0.5060628255208334,9.374246972302595,0.00025,0.2,7.289222240447998,0.9618704319000244,-5.683908944328626
325,2130.34,7849,254,-46652.81954769001,1996800,0.022954197595633257,1296,0.04893544,0.4639892578125,2.474075006941954,0.00025,0.2,0.632981538772583,0.9870615601539612,-5.8506294041872025
326,2122.16,7872,254,-46048.671627020005,2002944,0.028005294293204013,1300,0.04372892,0.479248046875,2.0044636546323695,0.00025,0.2,0.5682918429374695,0.9911931753158569,-5.725597009062767
327,2137.19,7898,254,-47423.38154195,2009088,0.030733337480342016,1304,0.051720288,0.5071614583333334,6.032329437633355,0.00025,0.2,1.2048649787902832,0.962231457233429,-5.442442188660304
328,2128.7,7923,254,-49796.322345969995,2015232,0.015540649221899608,1308,0.049749076,0.3695068359375,4.576538439840078,0.00025,0.2,1.9860918521881104,0.9799732565879822,-5.395567109187444
329,2113.74,7945,254,-49019.10137564,2021376,0.016286387438109767,1312,0.0369956,0.3933919270833333,10.756815607349077,0.00025,0.2,2.573723554611206,0.950860857963562,-5.115787893533707
330,2099.13,7970,254,-48065.3680358,2027520,0.013732463223277591,1316,0.024103483,0.3158772786458333,6.424393229186535,0.00025,0.2,1.9277573823928833,0.9738409519195557,-5.287768219908078
331,2090.88,7996,254,-48099.25498052,2033664,0.010646422112282986,1320,0.027612055,0.3417561848958333,6.026565479735534,0.00025,0.2,1.737969994544983,0.9760207533836365,-5.201409081617991
332,2082.73,8020,254,-51588.131990719994,2039808,0.009458046464715153,1324,0.022728464,0.3433430989583333,6.117430334289868,0.00025,0.2,1.077763557434082,0.9774577021598816,-5.283767282962799
333,2062.38,8042,254,-52853.64741995,2045952,0.01093021812751734,1328,0.030753715,0.3218994140625,6.895830633739631,0.00025,0.2,2.4663615226745605,0.9713306427001953,-5.375819697976112
334,2044.65,8067,254,-52305.61987283,2052096,0.014030862662669582,1332,0.028395578,0.351806640625,8.287998487552008,0.00025,0.2,1.6103957891464233,0.9720243811607361,-5.305640319983165
335,2045.38,8092,254,-50773.387681730004,2058240,0.014140249196013125,1336,0.04251944,0.37646484375,5.297921523451805,0.00025,0.2,2.410132646560669,0.9712271690368652,-5.28006237745285
336,2035.74,8114,254,-50018.912274669994,2064384,0.007410418021512062,1340,0.037045557,0.3332926432291667,6.356011472642422,0.00025,0.2,1.9224215745925903,0.9687997102737427,-5.133770515521367
337,2025.24,8140,254,-49902.49041873,2070528,0.009100161609239876,1344,0.02564915,0.3395182291666667,6.693702834347884,0.00025,0.2,2.313516139984131,0.9700641632080078,-5.008836393555005
338,2016.7,8165,254,-48806.993272210006,2076672,0.0047158877132460475,1348,0.039067555,0.31591796875,7.791550616423289,0.00025,0.2,3.287736177444458,0.9696758389472961,-5.023642053206761
339,2001.7,8187,254,-49781.969625809994,2082816,0.008971532529055063,1352,0.030752784,0.3092854817708333,10.169210637609163,0.00025,0.2,2.848173141479492,0.9672701954841614,-4.874692445000012
340,1962.97,8213,254,-48315.86558848,2088960,0.010864272039422454,1356,0.038040057,0.3901774088541667,10.20788169403871,0.00025,0.2,2.7916982173919678,0.9607735872268677,-4.7911065220832825
341,1939.4,8238,254,-46508.452779900006,2095104,0.01060890446145398,1360,0.028787645,0.3530680338541667,10.380533168713251,0.00025,0.2,4.867060661315918,0.9655731320381165,-4.715538332859675
342,1917.01,8263,254,-47081.599429509995,2101248,0.008573693135986105,1364,0.038419124,0.3395182291666667,8.229294950763384,0.00025,0.2,2.835408926010132,0.970281720161438,-4.862273032466571
343,1882.88,8285,254,-42244.995162429994,2107392,0.013965690074352702,1368,0.041460905,0.3627115885416667,10.035801510016123,0.00025,0.2,2.668833017349243,0.9658555388450623,-4.8426735401153564
344,1840.94,8310,254,-40233.65741035,2113536,0.010655970419369018,1372,0.03034705,0.3318684895833333,9.764067386587461,0.00025,0.2,3.7246432304382324,0.9679612517356873,-4.493765955169995
345,1740.49,8334,254,-35434.02162685,2119680,0.003097964193633137,1376,0.03420413,0.3393961588541667,9.802042956153551,0.00025,0.2,2.612098217010498,0.9619918465614319,-4.57865796983242
346,1714.86,8356,254,-32600.01412217,2125824,0.009381578124399917,1380,0.030407846,0.2832845052083333,8.86691057185332,0.00025,0.2,3.7575411796569824,0.971749484539032,-3.8057440544168153
347,1656.17,8381,254,-28049.14241258,2131968,0.01496369686598579,1384,0.046585005,0.3888346354166667,5.729600625733535,0.00025,0.2,1.48762845993042,0.9651059508323669,-4.70959089199702
348,1598.02,8406,254,-24430.815871670005,2138112,0.011397843996140486,1388,0.041512102,0.2978108723958333,8.787995080153147,0.00025,0.2,2.2604546546936035,0.9749243855476379,-3.989922491212686
349,1553.35,8429,254,-21846.971801720007,2144256,0.010200812230323208,1392,0.030122822,0.3266194661458333,5.46280974894762,0.00025,0.2,1.6067876815795898,0.9799897074699402,-3.896198439101378
350,1533.45,8453,254,-21287.603291080002,2150400,0.009909576653929738,1396,0.05503418,0.3533121744791667,6.6473415444294615,0.00025,0.2,1.628202199935913,0.9718398451805115,-4.0873806575934095
351,1545.31,8478,254,-20772.68732215,2156544,0.004080041534810637,1400,0.02986078,0.312255859375,9.772834420204163,0.00025,0.2,2.3606910705566406,0.961439847946167,-4.198058386643727
352,1539.52,8500,254,-19606.67305266,2162688,0.015188391698757187,1404,0.04030161,0.3309326171875,7.717690974473953,0.00025,0.2,2.818295478820801,0.976306676864624,-3.945506788790226
353,1515.5,8525,254,-17748.60274832,2168832,0.01258487259716882,1408,0.03143896,0.3265380859375,6.854648299515247,0.00025,0.2,2.278517246246338,0.9762805104255676,-4.381991592546304
354,1555.27,8550,254,-19278.39533703,2174976,0.008157476520864293,1412,0.027722925,0.3368733723958333,7.252164031068484,0.00025,0.2,3.103353261947632,0.972415566444397,-3.7561454698443413
355,1545.3,8571,254,-17551.29194544,2181120,0.013406485527715025,1416,0.030005382,0.3673502604166667,6.602504521608353,0.00025,0.2,1.8691444396972656,0.9721938371658325,-3.8871326446533203
356,1560.81,8596,254,-18808.507277139997,2187264,0.010380175575846806,1420,0.027576545,0.3396402994791667,4.534295196334521,0.00025,0.2,1.4799928665161133,0.9810656905174255,-3.814770301183065
357,1562.3,8621,254,-18403.01509089,2193408,0.017403656893293373,1424,0.03639394,0.3918050130208333,5.940736465156078,0.00025,0.2,1.904207468032837,0.9755853414535522,-4.294849251707395
358,1496.39,8643,254,-13718.186323150001,2199552,0.0066759386245394126,1428,0.031617206,0.3206787109375,11.418560296297073,0.00025,0.2,5.91174840927124,0.9611465930938721,-3.96748086810112
359,1484.72,8667,254,-12637.730153490002,2205696,0.02423513343092054,1432,0.040521625,0.3756510416666667,4.747628162304561,0.00025,0.2,2.40743350982666,0.9790992736816406,-3.441130335132281
360,1439.59,8692,254,-10194.986707430002,2211840,0.01337855365515376,1436,0.033067413,0.3519287109375,2.857912592589855,0.00025,0.2,0.9887111186981201,0.9880268573760986,-3.7545385087529817
361,1386.3,8717,254,-6659.93709523,2217984,0.007903183686721604,1440,0.017631294,0.2776692708333333,2.7675742444892726,0.00025,0.2,0.9284259080886841,0.9908401966094971,-3.322164369126161
362,1364.85,8739,254,-5833.372589960001,2224128,0.010186220417381264,1444,0.028921396,0.3243815104166667,1.9946917134026687,0.00025,0.2,0.8251558542251587,0.9934855103492737,-3.3961523547768593
363,1330.71,8764,254,-4530.9608167100005,2230272,0.016352222480539542,1448,0.052848507,0.3371175130208333,2.34344000245134,0.00025,0.2,0.8878676295280457,0.98896324634552,-3.4525504807631173
364,1314.54,8788,254,-4561.229297059999,2236416,0.011875390089699067,1452,0.032217596,0.28369140625,1.8586195160945256,0.00025,0.2,0.5567225813865662,0.9944944977760315,-3.117746373017629
365,1324.48,8811,254,-6322.17199803,2242560,0.02923185571611005,1456,0.17349167,0.3758544921875,2.5628333054482937,0.00025,0.2,1.6569337844848633,0.989713728427887,-3.17902018626531
366,1354.82,8836,254,-8538.32326135,2248704,0.011043528553273063,1460,0.02056059,0.3035481770833333,3.3659525948266187,0.00025,0.2,1.6446276903152466,0.9855574369430542,-3.364630714058876
367,1371.69,8861,254,-9988.04132787,2254848,0.003694637712518064,1464,0.029763872,0.3039143880208333,3.6916085903843245,0.00025,0.2,1.153704047203064,0.9840241074562073,-3.2896213283141456
368,1358.75,8883,254,-9215.49744874,2260992,0.014581762518597921,1468,0.033575635,0.3452962239583333,6.263024635612965,0.00025,0.2,1.670035481452942,0.9724168181419373,-2.992958145836989
369,1395.09,8908,254,-11449.185279880003,2267136,0.008900741721542241,1472,0.029382268,0.2748616536458333,3.4385764313240847,0.00025,0.2,1.591919183731079,0.9868879914283752,-2.8201953396201134
370,1365.22,8933,254,-9228.45248905,2273280,0.0037349189442466013,1476,0.020421239,0.2522786458333333,4.617924369871616,0.00025,0.2,1.285929799079895,0.9782664775848389,-3.33844663699468
371,1337.61,8954,254,-7846.59939976,2279424,0.0035439708008198068,1480,0.023853341,0.2353515625,5.195863644282023,0.00025,0.2,2.043313503265381,0.9838496446609497,-2.819465388854345
372,1333.43,8979,254,-7105.905725979999,2285568,0.009182626699233273,1484,0.027972758,0.3000895182291667,3.705628159145514,0.00025,0.2,0.8288177847862244,0.9805149435997009,-2.8791670724749565
373,1340.44,9005,254,-6784.7537997499985,2291712,0.015336485754232854,1488,0.042765785,0.3262125651041667,4.379073480765025,0.00025,0.2,1.1144087314605713,0.9823699593544006,-3.4789241204659143
374,1346.15,9027,254,-8428.234777140002,2297856,0.024948041449533775,1492,0.031247325,0.3791097005208333,2.7314934184153876,0.00025,0.2,0.6249433755874634,0.9847995042800903,-3.1877215802669525
375,1345.35,9052,254,-8781.295277239999,2304000,0.0106077708939362,1496,0.035428077,0.2502848307291667,5.914742921789487,0.00025,0.2,1.3458915948867798,0.9765454530715942,-3.2190744976202645
376,1331.96,9076,254,-8238.305341510002,2310144,0.007509969368887444,1500,0.0303587,0.2764078776041667,2.6604004638890424,0.00025,0.2,0.9811482429504395,0.9879636764526367,-2.900087329248587
377,1300.39,9099,254,-6810.403461629999,2316288,0.00235802373814901,1504,0.010487779,0.14164225260416666,2.665956512093544,0.00025,0.2,1.226925253868103,0.9930117726325989,-2.391597139338652
378,1262.42,9124,254,-4935.393331510001,2322432,-0.00023610648834922662,1508,0.015485726,0.1190185546875,2.6082050328453383,0.00025,0.2,1.0545496940612793,0.9939417243003845,-2.497379610935847
379,1248.55,9150,254,-3485.86527627,2328576,0.010538625598807508,1512,0.03881203,0.278076171875,2.1532022592922053,0.00025,0.2,0.7861655950546265,0.9889408349990845,-2.8177556693553925
380,1224.93,9173,254,-1211.06479431,2334720,0.005025165664847009,1516,0.028709665,0.262451171875,2.4724382969240346,0.00025,0.2,0.6150586009025574,0.9884828925132751,-2.812154876689116
381,1235.27,9196,254,-2136.3473343,2340864,0.010757493291748688,1520,0.033645794,0.288330078125,2.3233545819918313,0.00025,0.2,1.0607757568359375,0.9925350546836853,-2.72582438091437
382,1228.11,9221,254,-1797.7528795900005,2347008,0.004197665119136218,1524,0.015130428,0.2027587890625,2.508581260840098,0.00025,0.2,1.163364052772522,0.9882529973983765,-2.5696509554982185
383,1230.99,9246,254,-3290.2067830499996,2353152,0.001998107305553276,1528,0.017248569,0.19498697916666666,1.6347915064543486,0.00025,0.2,0.547483503818512,0.9945604205131531,-2.315781166156133
384,1220.79,9268,254,-2717.31917289,2359296,0.0037281501378553608,1532,0.024535382,0.2403564453125,2.3595373990635076,0.00025,0.2,0.8381255865097046,0.9894329309463501,-2.6429990058143935
385,1233.12,9293,254,-4001.719435679999,2365440,0.006484486021993992,1536,0.027838217,0.2493896484375,6.080120017131169,0.00025,0.2,2.214642286300659,0.975786030292511,-2.6835327769319215
386,1225.16,9318,254,-3040.54884263,2371584,0.013649280493458113,1540,0.05658405,0.3035074869791667,4.222690845529239,0.00025,0.2,1.7042597532272339,0.9825654625892639,-2.9182667483886084
387,1225.61,9343,254,-3013.862812929999,2377728,0.00483963533770293,1544,0.022646854,0.2643636067708333,2.4789461456239223,0.00025,0.2,0.6801468133926392,0.9798821210861206,-2.677619611223539
388,1231.72,9365,254,-1989.2413866,2383872,0.011912720418573977,1548,0.033063218,0.3081461588541667,2.140353618810574,0.00025,0.2,0.6976863145828247,0.992762565612793,-2.642139069736004
389,1216.23,9390,254,-1190.8156425700001,2390016,0.01835557430846772,1552,0.022276403,0.3239339192708333,2.1343279692033925,0.00025,0.2,0.8413114547729492,0.9919800162315369,-2.877001424630483
390,1199.08,9415,254,95.43895165999987,2396160,0.006807541969465092,1556,0.027547846,0.22770182291666666,2.27607619514068,0.00025,0.2,0.7772154808044434,0.9939672350883484,-2.6309956535696983
391,1196.38,9438,254,-303.40169532000016,2402304,0.01806987103676268,1560,0.061916996,0.3100179036458333,2.805984888225794,0.00025,0.2,0.819116473197937,0.9859927892684937,-2.9980537394682565
392,1221.44,9463,254,-2702.0158877500003,2408448,0.011565568080792824,1564,0.038267,0.2759195963541667,1.7441331905623276,0.00025,0.2,0.7485839128494263,0.9930749535560608,-2.8813136716683707
393,1195.55,9487,254,-1807.0870112500002,2414592,0.012362167176130848,1568,0.02809144,0.2936604817708333,7.732368436952432,0.00025,0.2,2.7658498287200928,0.961554229259491,-2.82916272431612
394,1219.22,9509,254,-2937.1685397,2420736,0.0035811404765505963,1572,0.025139503,0.2681070963541667,1.167353176822265,0.00025,0.2,0.42973124980926514,0.9955713748931885,-2.587021971742312
395,1210.97,9534,254,-2563.2265560999995,2426880,0.021185405254072975,1576,0.05146895,0.3248291015625,2.144305653249224,0.00025,0.2,0.8277060985565186,0.9902142882347107,-2.8877504592140517
396,1199.0,9558,254,-765.7604529900001,2433024,0.007849271923381215,1580,0.024193807,0.24776204427083334,1.447037013868491,0.00025,0.2,0.3789588212966919,0.9951491951942444,-2.3615206057826676
397,1186.69,9580,254,719.41016892,2439168,0.007359309134092958,1584,0.027687112,0.2697347005208333,0.8559735783686241,0.00025,0.2,0.31561392545700073,0.997024416923523,-2.4777029380202293
398,1191.43,9605,254,765.3457657900002,2445312,0.004372733783384319,1588,0.013184858,0.1982421875,0.9854468672225872,0.00025,0.2,0.4279196858406067,0.9974164962768555,-2.492289811372757
399,1168.23,9630,254,2040.08799481,2451456,0.0004973868029386116,1592,0.017265968,0.19038899739583334,0.8237327821552753,0.00025,0.2,0.35975539684295654,0.9973487257957458,-2.4403308803836503
400,1177.9,9655,254,1385.7189495800003,2457600,0.0053459962728084065,1596,0.019392643,0.21919759114583334,3.119663517922163,0.00025,0.2,0.9974935054779053,0.989165186882019,-2.289480040470759
401,1173.66,9678,254,1453.2817177400002,2463744,0.007500377862015739,1600,0.042462308,0.2566731770833333,1.0506792534142733,0.00025,0.2,0.46928852796554565,0.9941733479499817,-2.376305085917314
402,1179.16,9703,254,1520.91866887,2469888,0.0006826129101682454,1604,0.00748823,0.14534505208333334,1.0766522027552128,0.00025,0.2,0.3921165466308594,0.9978715181350708,-2.1979456146558127
403,1175.8,9728,254,1476.14906925,2476032,0.008718874775998605,1608,0.027549827,0.23055013020833334,1.1383507642894983,0.00025,0.2,0.38614508509635925,0.9921894669532776,-2.250275624295076
404,1164.44,9752,254,1957.9522573600004,2482176,0.0024025244444298246,1612,0.016287198,0.2003173828125,0.9879864317675432,0.00025,0.2,0.3198576867580414,0.996642529964447,-2.243480861186981
405,1164.71,9777,254,1604.8903315699997,2488320,0.01015439076096906,1616,0.03442821,0.2738037109375,1.1755140759050846,0.00025,0.2,0.4856349527835846,0.9954479932785034,-2.2118667798737683
406,1168.9,9802,254,969.7736887000003,2494464,0.010936702664669914,1620,0.020237619,0.24161783854166666,4.231145975490411,0.00025,0.2,0.8659287691116333,0.9790974259376526,-2.2452268848816552
407,1149.39,9826,254,806.9207161699998,2500608,0.004837495624087751,1624,0.025795484,0.2566731770833333,4.427971712003152,0.00025,0.2,0.8538091778755188,0.9831140041351318,-2.21511202181379
408,1138.34,9850,254,968.8045663700001,2506752,0.0007745324934755141,1628,0.01080886,0.14908854166666666,1.8589348035554092,0.00025,0.2,0.6728970408439636,0.9924697279930115,-2.028186894953251
409,1132.3,9876,254,1012.3990647400002,2512896,0.0019757798727368936,1632,0.011042102,0.1253662109375,1.384414030238986,0.00025,0.2,0.8122013211250305,0.9968231320381165,-2.081931684166193
410,1112.12,9901,254,1919.20485598,2519040,0.0027860045714381463,1636,0.022301875,0.14892578125,1.442671325057745,0.00025,0.2,0.42172062397003174,0.9954202175140381,-2.090882713596026
411,1117.18,9924,254,1256.8541113799997,2525184,-0.0015951017679374975,1640,0.011110223,0.14664713541666666,1.1200634371489286,0.00025,0.2,0.32957297563552856,0.9961708188056946,-1.882670550296704
412,1114.83,9948,254,1278.4911803099997,2531328,0.0007906218913073341,1644,0.02355347,0.208984375,1.5042948288222153,0.00025,0.2,0.4158152639865875,0.9924339056015015,-1.8925352804362774
413,1121.6,9974,254,1139.8754154,2537472,0.008645521787305674,1648,0.030290693,0.23872884114583334,1.5951925205687683,0.00025,0.2,0.5799767374992371,0.9891282320022583,-1.9573386224607627
414,1128.11,10000,254,1025.18041509,2543616,0.003958922859358911,1652,0.020895505,0.19746907552083334,1.0334466298421223,0.00025,0.2,0.3723093271255493,0.9961780309677124,-1.8610397279262543
415,1115.89,10023,254,1737.92127328,2549760,-0.0004086784222939362,1656,0.018628448,0.2008056640625,1.5772465163220961,0.00025,0.2,0.379554808139801,0.991025984287262,-2.0299203507602215
416,1124.49,10048,254,1849.11235772,2555904,0.011560918578955656,1660,0.06696931,0.3032633463541667,1.6021827117850382,0.00025,0.2,0.5383553504943848,0.9865530729293823,-1.9650306776165962
417,1126.78,10073,254,1367.7895544599999,2562048,0.008775070071957694,1664,0.041239806,0.2519124348958333,1.669921159123381,0.00025,0.2,0.7516126036643982,0.9923557639122009,-1.93619899948438
418,1129.11,10097,254,1169.02980425,2568192,0.001434488517891926,1668,0.013318797,0.17683919270833334,1.4033421048273642,0.00025,0.2,0.4251946210861206,0.9942001700401306,-1.966731246560812
419,1119.32,10122,254,1361.63050434,2574336,0.0012733655482103738,1672,0.01123112,0.17667643229166666,1.2286800394455593,0.00025,0.2,0.4870871305465698,0.9958505630493164,-1.9214351723591487
420,1119.21,10146,254,408.49701288000006,2580480,0.013959786059179654,1676,0.021165289,0.22920735677083334,1.4796385901669662,0.00025,0.2,0.5773168802261353,0.9940677285194397,-2.0072248627742133
421,1102.1,10171,254,1305.0554288600001,2586624,0.005400913241222345,1680,0.027102163,0.1988525390625,1.1749010657270749,0.00025,0.2,0.43582767248153687,0.9959475994110107,-1.9399701990187168
422,1099.04,10195,254,1494.3038923099998,2592768,0.009515239617030602,1684,0.012413509,0.19930013020833334,0.8555549227943023,0.00025,0.2,0.183136448264122,0.9974572062492371,-1.7182299631337326
423,1092.67,10221,254,1523.33402765,2598912,-0.000950290348555427,1688,0.010569293,0.14937337239583334,1.0163908389707406,0.00025,0.2,0.36310115456581116,0.9973225593566895,-1.7969315126538277
424,1080.05,10246,254,2226.51947857,2605056,0.004065752003953094,1692,0.022673987,0.2093505859375,0.7706202069918314,0.00025,0.2,0.3273613452911377,0.9974315762519836,-1.79427641009291
425,1081.32,10268,254,1921.23302847,2611200,0.004886955595187222,1696,0.031507593,0.22847493489583334,0.8717248110721508,0.00025,0.2,0.36785995960235596,0.9967423677444458,-1.8383902832865715
426,1080.11,10295,254,1676.3446091400003,2617344,0.0015988440233437966,1700,0.010053781,0.16748046875,0.9716359755645195,0.00025,0.2,0.489200234413147,0.9965804219245911,-1.82503142952919
427,1078.4,10320,254,1701.1555253999998,2623488,-0.003435874901091059,1704,0.012204722,0.1278076171875,0.9563070988903443,0.00025,0.2,0.3743399977684021,0.9969671368598938,-1.8670511183639367
428,1079.09,10346,254,1671.1246195100002,2629632,0.0018462135946416918,1708,0.020358043,0.22701009114583334,0.8149927134315172,0.00025,0.2,0.2268223613500595,0.9976512789726257,-1.8762107752263546
429,1086.33,10368,254,1339.6051267100001,2635776,0.012196784116288958,1712,0.04856032,0.2683919270833333,1.0141381279875834,0.00025,0.2,0.27308735251426697,0.9946285486221313,-1.853079006075859
430,1084.5,10393,254,1609.6800003600001,2641920,0.00971638771443395,1716,0.0344101,0.2587483723958333,3.3376377212504544,0.00025,0.2,1.4839656352996826,0.97878098487854,-1.8715115934610367
431,1102.48,10418,254,729.32882546,2648064,0.014485775061378567,1720,0.027533248,0.22810872395833334,4.209928096582492,0.00025,0.2,1.437955379486084,0.9789189100265503,-1.8880340047180653
432,1114.79,10441,254,-95.34072220999992,2654208,0.009491410681221168,1724,0.024149498,0.22892252604166666,1.8237689932187398,0.00025,0.2,0.39174604415893555,0.9896527528762817,-1.9211349387963612
433,1114.65,10467,254,438.29414579000013,2660352,-0.0035034140892094,1728,0.05545644,0.24308268229166666,1.461868445078532,0.00025,0.2,1.0007803440093994,0.9924449920654297,-2.106098908931017
434,1112.49,10492,254,880.8957892700004,2666496,-0.000738273978640791,1732,0.011459112,0.16056315104166666,0.8065152807782093,0.00025,0.2,0.3013254404067993,0.9975059628486633,-2.0007088792820773
435,1112.26,10514,254,1389.0477800699998,2672640,0.0017852471986164649,1736,0.023719763,0.243896484375,0.9721332440773646,0.00025,0.2,0.35548755526542664,0.9968557953834534,-2.0253169337908425
436,1105.31,10539,254,1397.4319338200003,2678784,0.047988977001902335,1740,0.5335887,0.3649495442708333,1.0942384308824937,0.00025,0.2,0.46784645318984985,0.9921830892562866,-2.320904355496168
437,1103.76,10566,254,1493.8596222699998,2684928,0.004507686251599807,1744,0.027353525,0.211181640625,0.8298525915791591,0.00025,0.2,0.31991395354270935,0.9972978830337524,-2.099319132665793
438,1097.93,10592,254,1461.5006558,2691072,0.009925078508482935,1748,0.041859824,0.3139241536458333,4.309937744090955,0.00025,0.2,1.3511009216308594,0.9765785932540894,-2.4443180362383523
439,1118.71,10615,254,-341.00131357999993,2697216,0.008199801930459216,1752,0.06434232,0.3076578776041667,0.9662934324393669,0.00025,0.2,0.4326406717300415,0.9955604076385498,-2.495976611971855
440,1109.32,10638,254,-306.23123339000017,2703360,0.014391264786051275,1756,0.049006294,0.3821207682291667,4.143914184222619,0.00025,0.2,0.9671385884284973,0.9775978326797485,-3.0992560436328254
441,1123.3,10664,254,-1303.3280574500004,2709504,0.010809093628874203,1760,0.03409249,0.281494140625,1.2359001537164052,0.00025,0.2,0.6204143762588501,0.995303213596344,-2.81804695725441
442,1137.78,10687,254,-2185.27395934,2715648,0.022676034617082525,1764,0.03583774,0.3343098958333333,2.461951739465197,0.00025,0.2,0.717593789100647,0.9818122386932373,-3.0614549815654755
443,1174.03,10711,254,-5254.49034195,2721792,0.0036839587652745345,1768,0.033211686,0.2941487630208333,3.806508125116428,0.00025,0.2,1.5646523237228394,0.9815325140953064,-2.880138615767161
444,1159.19,10737,254,-4195.44759195,2727936,0.012604813106008805,1772,0.024977475,0.3205973307291667,3.6053534174958863,0.00025,0.2,1.0241711139678955,0.9798499941825867,-3.4042293975750604
445,1183.47,10762,254,-6237.05992022,2734080,0.02142323356141181,1776,0.044906724,0.3855794270833333,1.6230087267855804,0.00025,0.2,0.455349862575531,0.9917415976524353,-2.713118185599645
446,1175.84,10785,254,-4135.9211775799995,2740224,0.01572330201937196,1780,0.056188703,0.3977864583333333,2.8581913535793624,0.00025,0.2,0.9600120782852173,0.9799076914787292,-3.212126170595487
447,1172.76,10810,254,-4306.37931826,2746368,0.0298117348041463,1784,0.08435094,0.3494873046875,1.0963584315031767,0.00025,0.2,0.4028644561767578,0.9897913932800293,-2.9363161449631057
448,1123.54,10835,254,-248.88149010999973,2752512,0.013218840351328254,1788,0.05367985,0.3267008463541667,1.7331129529823859,0.00025,0.2,0.6637555360794067,0.9944180846214294,-2.8199362431963286
449,1100.0,10857,254,1694.1909695300003,2758656,0.002519197267247364,1792,0.021869585,0.24214680989583334,0.9374815206974745,0.00025,0.2,0.41904017329216003,0.996615469455719,-2.4794416651129723
450,1070.28,10884,254,1526.88121023,2764800,0.002977508876938373,1796,0.014314379,0.2021484375,0.811828322087725,0.00025,0.2,0.2611679136753082,0.9974222183227539,-2.316068852941195
451,1059.42,10909,253,2300.29083691,2770944,-0.00031667015233930823,1800,0.029061602,0.17378743489583334,0.8383448226377368,0.00025,0.2,0.2964876890182495,0.9972671270370483,-2.3589084719618163
452,1067.24,10934,253,1890.33490151,2777088,0.010090292091869438,1804,0.035843775,0.27392578125,1.7190641220659018,0.00025,0.2,0.7259778380393982,0.991081714630127,-2.3480117420355477
453,1065.7,10957,254,1811.1481001299999,2783232,0.0035351025871932507,1808,0.022040218,0.2560628255208333,0.9551390254249176,0.00025,0.2,0.4352737069129944,0.9954372644424438,-2.5064768344163895
454,1068.4,10982,253,1860.8572385199996,2789376,-0.0014225806638326806,1812,0.027941158,0.18477376302083334,1.0179205456127722,0.00025,0.2,0.492412269115448,0.9962565302848816,-2.456876945992311
455,1067.26,11007,253,2086.1430262299996,2795520,0.003610346670029685,1816,0.016733846,0.24991861979166666,0.8810408382366101,0.00025,0.2,0.354158878326416,0.9966682195663452,-2.413640280564626
456,1061.21,11031,253,2299.1864496800004,2801664,-0.00220496144174831,1820,0.02183169,0.2474365234375,0.787484435364604,0.00025,0.2,0.2361777424812317,0.9971004724502563,-2.508177769680818
457,1063.86,11057,253,2208.8629846100002,2807808,0.0009601349108076344,1824,0.036715347,0.273193359375,0.8916198133180538,0.00025,0.2,0.46264147758483887,0.9964414834976196,-2.505503199994564
458,1057.86,11082,253,2163.61790213,2813952,0.005464294973838453,1828,0.042632114,0.22465006510416666,0.8174271890893579,0.00025,0.2,0.5344340801239014,0.9973686337471008,-2.4158804764350257
459,1054.03,11107,253,2100.83675488,2820096,0.0009448690858941214,1832,0.013819394,0.20426432291666666,0.9275552692512671,0.00025,0.2,0.2382129728794098,0.9972363114356995,-2.503623122970263
460,1045.56,11131,253,2208.21633127,2826240,-0.0034986503305844963,1836,0.010678262,0.13191731770833334,1.1592160121848185,0.00025,0.2,0.3867720365524292,0.9969426989555359,-2.587364482382933
461,1042.7,11156,253,2189.841649,2832384,-0.0033180618581051626,1840,0.011679243,0.15547688802083334,0.9789005114386479,0.00025,0.2,0.28982043266296387,0.9978616833686829,-2.643022117515405
462,1042.2,11181,253,1959.51118575,2838528,-0.004137246229220182,1844,0.017845817,0.15983072916666666,1.0003336258232594,0.00025,0.2,0.27900710701942444,0.9978822469711304,-2.675087427099546
463,1054.82,11204,253,994.92434012,2844672,0.0011795508920234472,1848,0.021863438,0.22749837239583334,1.1060006624708574,0.00025,0.2,0.3908657431602478,0.9966865181922913,-2.5237751503785453
464,1052.99,11229,253,932.7080840000001,2850816,0.020592895891847245,1852,0.051592734,0.3447265625,1.596676863109072,0.00025,0.2,0.5582938194274902,0.9862074851989746,-2.7490557357668877
465,1074.49,11255,253,-791.4638895699999,2856960,0.009119768180729201,1856,0.02903553,0.3213297526041667,0.8769342464705309,0.00025,0.2,0.40790829062461853,0.996661901473999,-2.5985798637072244
466,1077.55,11280,253,-675.2814427999999,2863104,0.018899865545487653,1860,0.05004723,0.3618977864583333,2.389887177695831,0.00025,0.2,0.5050807595252991,0.9745107889175415,-3.0661337127288184
467,1075.97,11303,253,-479.4696755700001,2869248,0.0075210409098266,1864,0.017697081,0.2812093098958333,1.0535888982315857,0.00025,0.2,0.40998533368110657,0.9951226711273193,-2.6237337812781334
468,1066.28,11328,253,16.340417939999927,2875392,0.009769662363396492,1868,0.023320554,0.3020833333333333,0.7291224490230283,0.00025,0.2,0.23478055000305176,0.9971858263015747,-2.7066902592778206
469,1055.92,11353,253,910.99915715,2881536,0.008365031761059072,1872,0.031223858,0.3035074869791667,1.1869080321242411,0.00025,0.2,0.5131853818893433,0.9960037469863892,-2.712282675007979
470,1038.81,11376,253,1857.29613987,2887680,0.009290782715349147,1876,0.03321055,0.3002115885416667,0.7402013887961706,0.00025,0.2,0.3079404830932617,0.997499942779541,-2.708211310207844
471,1041.01,11401,253,1813.3517714400004,2893824,0.004438599295099266,1880,0.026949989,0.2587483723958333,0.5347513845190406,0.00025,0.2,0.15126782655715942,0.9981560707092285,-2.695641433199247
472,1037.96,11427,253,2191.5138892600003,2899968,0.004798752558902682,1884,0.031853106,0.3148600260416667,0.7369062763949236,0.00025,0.2,0.23597608506679535,0.9974954724311829,-2.6209972401460013
473,1036.86,11449,253,2254.75544139,2906112,-0.0010052328410286766,1888,0.023464432,0.24007161458333334,0.7271939711645246,0.00025,0.2,0.530449390411377,0.9976128339767456,-2.7499758203824363
474,1037.19,11474,253,2287.7743100400003,2912256,0.004326473482554623,1892,0.030736933,0.3018798828125,0.5414861524477601,0.00025,0.2,0.16262614727020264,0.9982637763023376,-2.89615015933911
475,1034.77,11501,253,2425.65202,2918400,0.011003098049210772,1896,0.026473343,0.3233642578125,0.44854936717698973,0.00025,0.2,0.1721777319908142,0.998569130897522,-2.941058066984018
476,1032.8,11527,253,2506.4050655,2924544,0.00015180525466954956,1900,0.018180603,0.2559814453125,0.6069637186204394,0.00025,0.2,0.25676724314689636,0.9978752732276917,-3.097944714128971
477,1029.55,11549,253,2411.7968786,2930688,0.00412818791422372,1904,0.033772778,0.3113606770833333,0.5809346729268631,0.00025,0.2,0.1918354630470276,0.997840404510498,-3.2840051452318826
478,1027.71,11575,253,2273.8497575,2936832,0.0023586677707498893,1908,0.02919863,0.3096923828125,0.6989204504837593,0.00025,0.2,0.32085102796554565,0.9974271059036255,-3.316560914119085
479,1029.22,11600,253,2163.94168908,2942976,0.0037626474998736135,1912,0.03299647,0.3238932291666667,0.6101308465003967,0.00025,0.2,0.24777370691299438,0.9976929426193237,-3.397034540772438
480,1031.14,11623,253,2082.42351506,2949120,-0.0015491724528449897,1916,0.018470889,0.2642415364583333,0.9181382876510421,0.00025,0.2,0.34483566880226135,0.9964442253112793,-3.2865531171361604
481,1035.02,11648,253,2105.1451950200003,2955264,0.00669285534483303,1920,0.038962405,0.3060302734375,0.7561564228187004,0.00025,0.2,0.20117054879665375,0.9973036646842957,-3.3620824366807938
482,1035.3,11674,253,2180.7244390699993,2961408,-0.0011445966762645792,1924,0.02576144,0.2968343098958333,0.732203864492476,0.00025,0.2,0.2847824692726135,0.9971857666969299,-3.3839911445975304
483,1031.65,11699,253,2355.0290702499997,2967552,-0.0043016981314091636,1928,0.017191933,0.23567708333333334,0.6333184490601221,0.00025,0.2,0.22908571362495422,0.9977445602416992,-3.4676895762483277
484,1027.75,11723,253,2230.6768258499997,2973696,-0.003717839819728397,1932,0.0137885995,0.22562662760416666,0.49986560984204215,0.00025,0.2,0.15871456265449524,0.9986236691474915,-3.5203411231438317
485,1021.6,11748,253,2287.8972087000006,2979840,-0.004922773274302017,1936,0.018347213,0.2127685546875,0.6876537017524242,0.00025,0.2,0.29800495505332947,0.9978262186050415,-3.4879233116904893
486,1021.68,11773,253,2295.01406418,2985984,-0.0017821052412424858,1940,0.029017724,0.2684733072916667,0.5059624134252468,0.00025,0.2,0.16457444429397583,0.9984138607978821,-3.4362339402238526
487,1019.16,11795,253,2106.10274707,2992128,3.4012664400506765e-05,1944,0.016443787,0.2597249348958333,0.788495134562254,0.00025,0.2,0.31994885206222534,0.9970681667327881,-3.5011152451237044
488,1042.92,11820,253,-19.126261409999803,2998272,0.012573332326913563,1948,0.036319863,0.3948974609375,1.3263417438914378,0.00025,0.2,0.39920854568481445,0.992238461971283,-3.530790982147058
489,1043.89,11847,253,-389.0323869300001,3004416,0.010588880046270788,1952,0.048192203,0.33154296875,1.9446066692471504,0.00025,0.2,0.6815671324729919,0.9842682480812073,-3.736596035460631
