step,kart1_X,kart1_Y,kart1_direction,kart1_speed,DrivingMode,GameMode,getFrame,current_checkpoint,surface,reward,total_reward
0,3712,2288,0,0,4,2,282,29,64,0.0,0.0
1,3712,2288,0,0,4,2,283,29,64,0.0,0.0
2,3712,2288,0,0,4,2,284,29,64,0.0,0.0
3,3712,2288,0,0,4,2,285,29,64,0.0,0.0
4,3712,2288,0,0,4,2,286,29,64,0.0,0.0
5,3712,2288,0,0,4,2,287,29,64,0.0,0.0
6,3712,2288,0,0,4,2,288,29,64,0.0,0.0
7,3712,2288,0,0,4,2,289,29,64,0.0,0.0
8,3712,2288,0,0,4,2,290,29,64,0.0,0.0
9,3712,2288,0,0,4,2,291,29,64,0.0,0.0
10,3712,2288,0,0,4,2,292,29,64,0.0,0.0
11,3712,2288,0,0,4,2,293,29,64,0.0,0.0
12,3712,2288,0,0,4,2,294,29,64,0.0,0.0
13,3712,2288,0,0,4,2,295,29,64,0.0,0.0
14,3712,2288,0,0,4,2,296,29,64,0.0,0.0
15,3712,2288,0,0,4,2,297,29,64,0.0,0.0
16,3712,2288,0,0,4,2,298,29,64,0.0,0.0
17,3712,2288,0,0,4,2,299,29,64,0.0,0.0
18,3712,2288,0,0,4,2,300,29,64,0.0,0.0
19,3712,2288,0,0,4,2,301,29,64,0.0,0.0
20,3712,2288,0,0,4,2,302,29,64,0.0,0.0
21,3712,2288,0,0,4,2,303,29,64,0.0,0.0
22,3712,2288,0,0,4,2,304,29,64,0.0,0.0
23,3712,2288,0,0,4,2,305,29,64,0.0,0.0
24,3712,2288,0,0,4,2,306,29,64,0.0,0.0
25,3712,2288,0,0,4,2,307,29,64,0.0,0.0
26,3712,2288,0,0,4,2,308,29,64,0.0,0.0
27,3712,2288,0,0,4,2,309,29,64,0.0,0.0
28,3712,2288,0,0,4,2,310,29,64,0.0,0.0
29,3712,2288,0,0,4,2,311,29,64,0.0,0.0
30,3712,2288,0,0,4,2,312,29,64,0.0,0.0
31,3712,2288,0,0,4,2,313,29,64,0.0,0.0
32,3712,2288,0,0,4,2,314,29,64,0.0,0.0
33,3712,2288,0,0,4,2,315,29,64,0.0,0.0
34,3712,2288,0,0,4,2,316,29,64,0.0,0.0
35,3712,2288,0,0,4,2,317,29,64,0.0,0.0
36,3712,2288,0,0,4,2,318,29,64,0.0,0.0
37,3712,2288,0,0,4,2,319,29,64,0.0,0.0
38,3712,2288,0,0,4,2,320,29,64,0.0,0.0
39,3712,2288,0,0,4,2,321,29,64,0.0,0.0
40,3712,2288,0,0,4,2,322,29,64,0.0,0.0
41,3712,2288,0,0,4,2,323,29,64,0.0,0.0
42,3712,2288,0,0,4,2,324,29,64,0.0,0.0
43,3712,2288,0,0,4,2,325,29,64,0.0,0.0
44,3712,2288,0,0,4,2,326,29,64,0.0,0.0
45,3712,2288,0,0,4,2,327,29,64,0.0,0.0
46,3712,2288,0,0,4,2,328,29,64,0.0,0.0
47,3712,2288,0,0,4,2,329,29,64,0.0,0.0
48,3712,2288,0,0,4,2,330,29,64,0.0,0.0
49,3712,2288,0,0,4,2,331,29,64,0.0,0.0
50,3712,2288,0,0,4,2,332,29,64,0.0,0.0
51,3712,2288,0,0,4,2,333,29,64,0.0,0.0
52,3712,2288,0,0,4,2,334,29,64,0.0,0.0
53,3712,2288,0,0,4,2,335,29,64,0.0,0.0
54,3712,2288,0,0,6,2,336,29,64,0.0,0.0
55,3712,2288,0,0,6,2,337,29,64,0.0,0.0
56,3712,2288,0,2,6,2,338,29,64,0.0,0.0
57,3712,2287,0,4,6,2,339,29,64,0.0,0.0
58,3712,2287,0,6,6,2,340,29,64,0.0,0.0
59,3712,2287,0,8,6,2,341,29,64,0.0,0.0
60,3712,2287,0,10,6,2,342,29,64,0.0,0.0
61,3712,2287,0,12,6,2,343,29,64,0.0,0.0
62,3712,2287,0,14,6,2,344,29,64,0.0,0.0
63,3712,2287,0,16,6,2,345,29,64,0.0,0.0
64,3712,2287,0,18,6,2,346,29,64,0.0,0.0
65,3711,2286,0,20,6,2,347,29,64,0.0,0.0
66,3711,2286,0,22,6,2,348,29,64,0.0,0.0
67,3711,2286,0,24,6,2,349,29,64,0.0,0.0
68,3711,2285,0,26,6,2,350,29,64,0.0,0.0
69,3711,2285,0,28,6,2,351,29,64,-1.0,-1.0
70,3711,2284,0,30,6,2,352,29,64,-1.0,-2.0
71,3711,2284,0,32,6,2,353,29,64,-1.0,-3.0
72,3711,2284,0,34,6,2,354,29,64,-1.0,-4.0
73,3711,2283,0,36,6,2,355,29,64,-1.0,-5.0
74,3711,2282,0,38,6,2,356,29,64,-1.0,-6.0
75,3711,2282,255,40,6,2,357,29,64,-1.0,-7.0
76,3711,2281,255,42,6,2,358,29,64,-1.0,-8.0
77,3711,2281,255,44,6,2,359,29,64,-1.0,-9.0
78,3711,2280,255,46,6,2,360,29,64,-1.0,-10.0
79,3711,2279,255,48,6,2,361,29,64,-1.0,-11.0
80,3711,2279,255,50,6,2,362,29,64,-1.0,-12.0
81,3711,2278,255,52,6,2,363,29,64,-1.0,-13.0
82,3711,2277,255,54,6,2,364,29,64,-1.0,-14.0
83,3711,2276,254,56,6,2,365,29,64,-1.0,-15.0
84,3711,2275,254,58,6,2,366,29,64,-1.0,-16.0
85,3711,2274,254,60,6,2,367,29,64,-1.0,-17.0
86,3711,2273,254,62,6,2,368,29,64,-1.0,-18.0
87,3711,2272,254,64,6,2,369,29,64,-1.0,-19.0
88,3711,2272,254,70,6,2,370,29,64,-1.0,-20.0
89,3711,2270,254,76,6,2,371,29,64,-1.0,-21.0
90,3711,2269,253,82,6,2,372,29,64,-1.0,-22.0
91,3711,2268,253,88,6,2,373,29,64,-1.0,-23.0
92,3710,2267,253,94,6,2,374,29,64,-1.0,-24.0
93,3710,2265,253,100,6,2,375,29,64,-1.0,-25.0
94,3710,2264,253,106,6,2,376,29,64,-1.0,-26.0
95,3710,2262,252,112,6,2,377,29,64,-1.0,-27.0
96,3710,2260,252,118,6,2,378,29,64,-1.0,-28.0
97,3710,2258,252,124,6,2,379,29,64,-1.0,-29.0
98,3709,2257,252,130,6,2,380,29,64,-1.0,-30.0
99,3709,2254,252,134,6,2,381,29,64,-1.0,-31.0
100,3709,2252,252,138,6,2,382,29,64,-1.0,-32.0
101,3709,2250,252,142,6,2,383,29,64,-1.0,-33.0
102,3708,2248,252,146,6,2,384,29,64,-1.0,-34.0
103,3708,2246,252,150,6,2,385,29,64,-1.0,-35.0
104,3708,2243,252,154,6,2,386,29,64,-1.0,-36.0
105,3708,2241,252,158,6,2,387,29,64,-1.0,-37.0
106,3707,2239,252,162,6,2,388,0,64,1.0,-36.0
107,3707,2236,252,166,6,2,389,0,64,-1.0,-37.0
108,3707,2234,252,170,6,2,390,0,64,-1.0,-38.0
109,3707,2231,252,174,6,2,391,0,64,-1.0,-39.0
110,3706,2228,252,178,6,2,392,0,64,-1.0,-40.0
111,3706,2225,252,182,6,2,393,0,64,-1.0,-41.0
112,3706,2223,252,186,6,2,394,0,64,-1.0,-42.0
113,3705,2220,252,190,6,2,395,0,64,-1.0,-43.0
114,3705,2217,252,194,6,2,396,0,64,-1.0,-44.0
115,3705,2214,252,202,6,2,397,0,64,-1.0,-45.0
116,3704,2211,252,210,6,2,398,0,64,-1.0,-46.0
117,3704,2207,252,218,6,2,399,0,64,-1.0,-47.0
118,3704,2204,252,226,6,2,400,0,64,-1.0,-48.0
119,3703,2201,252,234,6,2,401,0,64,-1.0,-49.0
120,3703,2197,252,242,6,2,402,0,64,-1.0,-50.0
121,3702,2193,252,250,6,2,403,0,64,-1.0,-51.0
122,3702,2189,252,258,6,2,404,0,64,-1.0,-52.0
123,3702,2185,252,270,6,2,405,0,64,-1.0,-53.0
124,3701,2181,252,282,6,2,406,0,64,-1.0,-54.0
125,3701,2177,252,294,6,2,407,0,64,-1.0,-55.0
126,3700,2172,252,306,6,2,408,0,64,-1.0,-56.0
127,3700,2167,252,318,6,2,409,0,64,-1.0,-57.0
128,3699,2163,252,330,6,2,410,0,64,-1.0,-58.0
129,3698,2157,252,342,6,2,411,0,64,-1.0,-59.0
130,3698,2152,252,354,6,2,412,0,64,-1.0,-60.0
131,3697,2147,252,366,6,2,413,0,64,-1.0,-61.0
132,3697,2141,252,378,6,2,414,0,64,-1.0,-62.0
133,3696,2135,252,390,6,2,415,0,64,-1.0,-63.0
134,3695,2129,252,402,6,2,416,0,64,-1.0,-64.0
135,3695,2123,252,414,6,2,417,0,64,-1.0,-65.0
136,3694,2116,252,426,6,2,418,0,64,-1.0,-66.0
137,3693,2110,252,438,6,2,419,0,64,-1.0,-67.0
138,3692,2103,252,450,6,2,420,0,64,-1.0,-68.0
139,3692,2096,252,458,6,2,421,0,64,-1.0,-69.0
140,3691,2089,252,466,6,2,422,0,64,-1.0,-70.0
141,3690,2082,252,474,6,2,423,0,64,-1.0,-71.0
142,3689,2074,252,482,6,2,424,0,64,-1.0,-72.0
143,3688,2067,252,490,6,2,425,0,64,-1.0,-73.0
144,3687,2059,252,498,6,2,426,0,64,-1.0,-74.0
145,3687,2051,252,506,6,2,427,0,64,-1.0,-75.0
146,3686,2044,252,514,6,2,428,0,64,-1.0,-76.0
147,3685,2036,251,522,6,2,429,0,64,-1.0,-77.0
148,3684,2028,251,530,6,2,430,0,64,-1.0,-78.0
149,3683,2019,251,538,6,2,431,0,64,-1.0,-79.0
150,3682,2011,251,546,6,2,432,0,64,-1.0,-80.0
151,3680,2003,250,554,6,2,433,0,64,-1.0,-81.0
152,3679,1994,250,562,6,2,434,0,64,-1.0,-82.0
153,3678,1985,249,570,6,2,435,0,64,-1.0,-83.0
154,3676,1977,249,578,6,2,436,0,64,-1.0,-84.0
155,3675,1968,248,582,6,2,437,0,64,-1.0,-85.0
156,3673,1959,248,586,6,2,438,0,64,-1.0,-86.0
157,3671,1950,247,590,6,2,439,0,64,-1.0,-87.0
158,3669,1941,246,594,6,2,440,0,64,-1.0,-88.0
159,3667,1932,246,598,6,2,441,0,64,-1.0,-89.0
160,3664,1923,245,602,6,2,442,0,64,-1.0,-90.0
161,3662,1914,244,606,6,2,443,0,64,-1.0,-91.0
162,3659,1905,243,610,6,2,444,0,64,-1.0,-92.0
163,3656,1896,242,614,6,2,445,0,64,-1.0,-93.0
164,3653,1887,241,618,6,2,446,0,64,-1.0,-94.0
165,3649,1878,240,622,6,2,447,0,64,-1.0,-95.0
166,3645,1869,239,626,6,2,448,0,64,-1.0,-96.0
167,3641,1860,238,630,6,2,449,0,64,-1.0,-97.0
168,3637,1851,236,634,6,2,450,1,64,1.0,-96.0
169,3632,1842,235,638,6,2,451,1,64,-1.0,-97.0
170,3627,1834,234,642,6,2,452,1,64,-1.0,-98.0
171,3622,1825,233,644,6,2,453,1,64,-1.0,-99.0
172,3617,1817,232,646,6,2,454,1,64,-1.0,-100.0
173,3611,1808,231,648,6,2,455,1,64,-1.0,-101.0
174,3605,1800,230,650,6,2,456,1,64,-1.0,-102.0
175,3599,1792,229,652,6,2,457,1,64,-1.0,-103.0
176,3592,1784,228,654,6,2,458,1,64,-1.0,-104.0
177,3586,1776,227,656,6,2,459,1,64,-1.0,-105.0
178,3579,1769,226,658,6,2,460,1,64,-1.0,-106.0
179,3572,1761,225,660,6,2,461,1,64,-1.0,-107.0
180,3565,1754,225,662,6,2,462,1,64,-1.0,-108.0
181,3558,1746,224,664,6,2,463,1,64,-1.0,-109.0
182,3550,1739,223,666,6,2,464,1,64,-1.0,-110.0
183,3543,1732,223,668,6,2,465,1,64,-1.0,-111.0
184,3535,1725,222,670,6,2,466,1,64,-1.0,-112.0
185,3527,1718,222,672,6,2,467,1,64,-1.0,-113.0
186,3519,1711,221,674,6,2,468,1,64,-1.0,-114.0
187,3512,1704,221,676,6,2,469,1,64,-1.0,-115.0
188,3503,1697,221,678,6,2,470,1,64,-1.0,-116.0
189,3495,1690,221,680,6,2,471,1,64,-1.0,-117.0
190,3487,1683,221,672,6,2,472,1,64,-1.0,-118.0
191,3479,1677,220,674,6,2,473,1,64,-1.0,-119.0
192,3471,1670,220,676,6,2,474,1,64,-1.0,-120.0
193,3463,1663,220,678,6,2,475,1,64,-1.0,-121.0
194,3455,1656,220,680,6,2,476,2,64,1.0,-120.0
195,3447,1650,220,682,6,2,477,2,64,-1.0,-121.0
196,3438,1643,220,684,6,2,478,2,64,-1.0,-122.0
197,3430,1636,220,686,6,2,479,2,64,-1.0,-123.0
198,3422,1629,220,688,6,2,480,2,64,-1.0,-124.0
199,3413,1622,220,690,6,2,481,2,64,-1.0,-125.0
200,3405,1615,220,692,6,2,482,2,64,-1.0,-126.0
201,3397,1609,220,694,6,2,483,2,64,-1.0,-127.0
202,3388,1602,220,696,6,2,484,2,64,-1.0,-128.0
203,3380,1595,220,698,6,2,485,2,64,-1.0,-129.0
204,3372,1588,220,700,6,2,486,2,64,-1.0,-130.0
205,3363,1581,220,702,6,2,487,2,64,-1.0,-131.0
206,3355,1574,220,704,6,2,488,2,64,-1.0,-132.0
207,3346,1567,220,705,6,2,489,2,64,-1.0,-133.0
208,3338,1560,220,707,6,2,490,2,64,-1.0,-134.0
209,3329,1553,220,708,6,2,491,2,64,-1.0,-135.0
210,3321,1546,220,710,6,2,492,2,64,-1.0,-136.0
211,3312,1539,220,711,6,2,493,2,64,-1.0,-137.0
212,3304,1532,220,713,6,2,494,2,64,-1.0,-138.0
213,3295,1525,220,714,6,2,495,2,64,-1.0,-139.0
214,3286,1517,220,716,6,2,496,2,64,-1.0,-140.0
215,3278,1510,220,717,6,2,497,2,64,-1.0,-141.0
216,3269,1503,220,719,6,2,498,2,64,-1.0,-142.0
217,3260,1496,220,720,6,2,499,3,64,1.0,-141.0
218,3252,1489,220,722,6,2,500,3,64,-1.0,-142.0
219,3243,1482,220,723,6,2,501,3,64,-1.0,-143.0
220,3234,1474,220,725,6,2,502,3,64,-1.0,-144.0
221,3226,1467,220,726,6,2,503,3,64,-1.0,-145.0
222,3217,1460,220,728,6,2,504,3,64,-1.0,-146.0
223,3208,1453,220,729,6,2,505,3,64,-1.0,-147.0
224,3199,1445,220,731,6,2,506,3,64,-1.0,-148.0
225,3191,1438,220,732,6,2,507,3,64,-1.0,-149.0
226,3182,1431,220,734,6,2,508,3,64,-1.0,-150.0
227,3173,1424,220,735,6,2,509,3,64,-1.0,-151.0
228,3164,1416,220,737,6,2,510,3,64,-1.0,-152.0
229,3155,1409,220,738,6,2,511,3,64,-1.0,-153.0
230,3146,1402,220,740,6,2,512,3,64,-1.0,-154.0
231,3137,1394,220,741,6,2,513,3,64,-1.0,-155.0
232,3128,1387,220,743,6,2,514,3,64,-1.0,-156.0
233,3120,1379,220,744,6,2,515,3,64,-1.0,-157.0
234,3111,1372,220,746,6,2,516,3,64,-1.0,-158.0
235,3102,1365,220,747,6,2,517,3,64,-1.0,-159.0
236,3093,1357,220,749,6,2,518,3,64,-1.0,-160.0
237,3084,1350,220,750,6,2,519,3,64,-1.0,-161.0
238,3075,1342,220,752,6,2,520,3,64,-1.0,-162.0
239,3066,1335,220,753,6,2,521,3,64,-1.0,-163.0
240,3056,1327,220,755,6,2,522,3,64,-1.0,-164.0
241,3047,1320,220,756,6,2,523,3,64,-1.0,-165.0
242,3038,1312,220,758,6,2,524,3,64,-1.0,-166.0
243,3029,1305,220,759,6,2,525,3,64,-1.0,-167.0
244,3020,1297,220,761,6,2,526,3,64,-1.0,-168.0
245,3011,1289,220,762,6,2,527,3,64,-1.0,-169.0
246,3002,1282,220,764,6,2,528,3,64,-1.0,-170.0
247,2992,1274,220,765,6,2,529,3,64,-1.0,-171.0
248,2983,1267,220,767,6,2,530,3,64,-1.0,-172.0
249,2974,1259,220,768,6,2,531,3,64,-1.0,-173.0
250,2965,1251,220,769,6,2,532,3,64,-1.0,-174.0
251,2956,1244,220,770,6,2,533,3,64,-1.0,-175.0
252,2946,1236,220,771,6,2,534,3,64,-1.0,-176.0
253,2937,1228,221,772,6,2,535,3,64,-1.0,-177.0
254,2928,1221,221,773,6,2,536,3,64,-1.0,-178.0
255,2918,1213,221,774,6,2,537,3,64,-1.0,-179.0
256,2909,1205,221,775,6,2,538,3,64,-1.0,-180.0
257,2900,1197,221,776,6,2,539,3,64,-1.0,-181.0
258,2890,1190,221,777,6,2,540,3,64,-1.0,-182.0
259,2881,1182,221,778,6,2,541,3,64,-1.0,-183.0
260,2872,1174,221,779,6,2,542,4,64,1.0,-182.0
261,2862,1166,221,780,6,2,543,4,64,-1.0,-183.0
262,2853,1159,221,781,6,2,544,4,64,-1.0,-184.0
263,2844,1151,221,782,6,2,545,4,64,-1.0,-185.0
264,2834,1143,220,783,6,2,546,4,64,-1.0,-186.0
265,2825,1135,220,784,6,2,547,4,64,-1.0,-187.0
266,2815,1127,220,785,6,2,548,4,64,-1.0,-188.0
267,2806,1120,220,786,6,2,549,4,64,-1.0,-189.0
268,2796,1112,220,787,6,2,550,4,64,-1.0,-190.0
269,2787,1104,220,788,6,2,551,4,64,-1.0,-191.0
270,2777,1096,220,789,6,2,552,4,64,-1.0,-192.0
271,2768,1088,220,790,6,2,553,4,64,-1.0,-193.0
272,2758,1080,220,791,6,2,554,4,64,-1.0,-194.0
273,2749,1072,220,792,6,2,555,4,64,-1.0,-195.0
274,2739,1065,220,793,6,2,556,4,64,-1.0,-196.0
275,2730,1057,220,794,6,2,557,4,64,-1.0,-197.0
276,2720,1049,220,795,6,2,558,4,64,-1.0,-198.0
277,2711,1041,220,796,6,2,559,4,64,-1.0,-199.0
278,2701,1033,220,797,6,2,560,4,64,-1.0,-200.0
279,2691,1025,220,798,6,2,561,4,64,-1.0,-201.0
280,2682,1017,220,799,6,2,562,4,64,-1.0,-202.0
281,2672,1009,220,800,6,2,563,4,64,-1.0,-203.0
282,2662,1001,220,801,6,2,564,4,64,-1.0,-204.0
283,2653,993,220,802,6,2,565,4,64,-1.0,-205.0
284,2643,985,220,803,6,2,566,4,64,-1.0,-206.0
285,2633,978,220,804,6,2,567,4,64,-1.0,-207.0
286,2623,970,220,805,6,2,568,4,64,-1.0,-208.0
287,2614,962,220,806,6,2,569,4,64,-1.0,-209.0
288,2604,954,220,807,6,2,570,4,64,-1.0,-210.0
289,2594,946,220,808,6,2,571,4,64,-1.0,-211.0
290,2584,938,220,809,6,2,572,4,64,-1.0,-212.0
291,2574,930,220,810,6,2,573,4,64,-1.0,-213.0
292,2564,922,219,811,6,2,574,4,64,-1.0,-214.0
293,2554,915,219,812,6,2,575,5,64,1.0,-213.0
294,2544,907,219,813,6,2,576,5,64,-1.0,-214.0
295,2534,899,219,814,6,2,577,5,64,-1.0,-215.0
296,2524,891,219,815,6,2,578,5,64,-1.0,-216.0
297,2514,884,219,816,6,2,579,5,64,-1.0,-217.0
298,2504,876,219,817,6,2,580,5,64,-1.0,-218.0
299,2494,868,219,818,6,2,581,5,64,-1.0,-219.0
300,2483,861,218,819,6,2,582,5,64,-1.0,-220.0
301,2473,853,218,820,6,2,583,5,64,-1.0,-221.0
302,2463,845,218,821,6,2,584,5,64,-1.0,-222.0
303,2453,838,218,822,6,2,585,5,64,-1.0,-223.0
304,2442,830,218,823,6,2,586,5,84,-1.0,-224.0
305,2432,822,218,799,6,2,587,5,84,-1.0,-225.0
306,2422,815,218,775,6,2,588,5,64,-1.0,-226.0
307,2412,808,218,776,6,2,589,5,64,-1.0,-227.0
308,2402,800,218,777,6,2,590,5,84,-1.0,-228.0
309,2393,793,218,753,6,2,591,5,84,-1.0,-229.0
310,2383,786,218,737,6,2,592,5,84,-1.0,-230.0
311,2374,779,218,721,6,2,593,5,84,-1.0,-231.0
312,2365,772,218,705,6,2,594,5,64,-1.0,-232.0
313,2356,766,218,707,6,2,595,5,84,-1.0,-233.0
314,2347,759,218,691,6,2,596,5,84,-1.0,-234.0
315,2339,753,218,676,6,2,597,5,84,-1.0,-235.0
316,2330,747,218,660,6,2,598,5,84,-1.0,-236.0
317,2322,740,218,645,6,2,599,5,84,-1.0,-237.0
318,2314,734,218,637,6,2,600,5,84,-1.0,-238.0
319,2306,729,218,630,6,2,601,5,84,-1.0,-239.0
320,2298,723,218,614,6,2,602,6,84,1.0,-238.0
321,2290,717,218,599,6,2,603,6,84,-1.0,-239.0
322,2283,711,218,583,6,2,604,6,84,-1.0,-240.0
323,2275,706,218,587,6,2,605,6,84,-1.0,-241.0
324,2268,701,218,591,6,2,606,6,84,-1.0,-242.0
325,2260,695,218,595,6,2,607,6,84,-1.0,-243.0
326,2253,690,218,579,6,2,608,6,84,-1.0,-244.0
327,2246,684,218,583,6,2,609,6,84,-1.0,-245.0
328,2238,679,218,587,6,2,610,6,84,-1.0,-246.0
329,2231,674,217,579,6,2,611,6,84,-1.0,-247.0
330,2223,668,217,583,6,2,612,6,84,-1.0,-248.0
331,2216,663,217,587,6,2,613,6,84,-1.0,-249.0
332,2208,658,216,591,6,2,614,6,84,-1.0,-250.0
333,2201,653,216,595,6,2,615,6,84,-1.0,-251.0
334,2193,648,215,579,6,2,616,6,84,-1.0,-252.0
335,2185,643,215,583,6,2,617,6,84,-1.0,-253.0
336,2177,638,214,587,6,2,618,6,84,-1.0,-254.0
337,2170,633,214,591,6,2,619,6,84,-1.0,-255.0
338,2162,629,213,595,6,2,620,6,84,-1.0,-256.0
339,2153,624,212,579,6,2,621,6,84,-1.0,-257.0
340,2145,620,211,583,6,2,622,6,84,-1.0,-258.0
341,2137,616,211,587,6,2,623,6,84,-1.0,-259.0
342,2129,612,210,591,6,2,624,6,84,-1.0,-260.0
343,2121,608,209,595,6,2,625,6,84,-1.0,-261.0
344,2112,604,209,579,6,2,626,6,84,-1.0,-262.0
345,2104,601,208,583,6,2,627,6,84,-1.0,-263.0
346,2095,597,207,575,6,2,628,6,84,-1.0,-264.0
347,2087,594,207,583,6,2,629,6,84,-1.0,-265.0
348,2078,591,206,587,6,2,630,6,84,-1.0,-266.0
349,2070,588,206,591,6,2,631,6,84,-1.0,-267.0
350,2061,585,206,595,6,2,632,6,84,-1.0,-268.0
351,2052,582,205,579,6,2,633,6,84,-1.0,-269.0
352,2044,579,205,583,6,2,634,6,84,-1.0,-270.0
353,2035,576,204,587,6,2,635,6,84,-1.0,-271.0
354,2026,574,204,591,6,2,636,6,84,-1.0,-272.0
355,2017,571,204,595,6,2,637,6,84,-1.0,-273.0
356,2008,568,203,579,6,2,638,6,84,-1.0,-274.0
357,2000,566,203,583,6,2,639,6,84,-1.0,-275.0
358,1991,564,203,587,6,2,640,6,84,-1.0,-276.0
359,1982,561,203,591,6,2,641,6,84,-1.0,-277.0
360,1973,559,202,595,6,2,642,6,84,-1.0,-278.0
361,1964,557,202,579,6,2,643,6,84,-1.0,-279.0
362,1955,554,202,571,6,2,644,6,84,-1.0,-280.0
363,1947,552,202,579,6,2,645,6,84,-1.0,-281.0
364,1938,550,202,583,6,2,646,6,84,-1.0,-282.0
365,1929,548,202,587,6,2,647,6,84,-1.0,-283.0
366,1920,546,202,591,6,2,648,6,84,-1.0,-284.0
367,1911,544,202,583,6,2,649,6,84,-1.0,-285.0
368,1902,542,202,587,6,2,650,6,84,-1.0,-286.0
369,1893,540,202,591,6,2,651,6,84,-1.0,-287.0
370,1884,538,202,595,6,2,652,6,84,-1.0,-288.0
371,1875,536,202,579,6,2,653,6,84,-1.0,-289.0
372,1866,534,202,583,6,2,654,6,84,-1.0,-290.0
373,1857,532,202,587,6,2,655,6,84,-1.0,-291.0
374,1848,530,202,591,6,2,656,7,64,1.0,-290.0
375,1839,527,202,595,6,2,657,7,64,-1.0,-291.0
376,1830,525,201,599,6,2,658,7,64,-1.0,-292.0
377,1821,523,201,603,6,2,659,7,64,-1.0,-293.0
378,1812,521,201,607,6,2,660,7,64,-1.0,-294.0
379,1803,519,201,611,6,2,661,7,64,-1.0,-295.0
380,1794,517,201,615,6,2,662,7,64,-1.0,-296.0
381,1784,515,202,619,6,2,663,7,64,-1.0,-297.0
382,1775,513,202,623,6,2,664,7,64,-1.0,-298.0
383,1765,510,202,627,6,2,665,7,64,-1.0,-299.0
384,1756,508,202,631,6,2,666,7,64,-1.0,-300.0
385,1746,506,202,635,6,2,667,7,64,-1.0,-301.0
386,1736,504,202,639,6,2,668,7,64,-1.0,-302.0
387,1727,501,202,643,6,2,669,7,64,-1.0,-303.0
388,1717,499,202,645,6,2,670,7,64,-1.0,-304.0
389,1707,497,202,647,6,2,671,7,64,-1.0,-305.0
390,1697,495,202,649,6,2,672,7,64,-1.0,-306.0
391,1687,492,202,651,6,2,673,7,64,-1.0,-307.0
392,1677,490,202,653,6,2,674,7,64,-1.0,-308.0
393,1667,488,202,655,6,2,675,7,64,-1.0,-309.0
394,1657,485,202,657,6,2,676,7,64,-1.0,-310.0
395,1647,483,202,659,6,2,677,7,64,-1.0,-311.0
396,1637,481,202,661,6,2,678,7,64,-1.0,-312.0
397,1627,479,202,663,6,2,679,7,64,-1.0,-313.0
398,1617,476,202,665,6,2,680,7,64,-1.0,-314.0
399,1607,474,202,667,6,2,681,7,64,-1.0,-315.0
400,1597,472,202,669,6,2,682,7,64,-1.0,-316.0
401,1587,469,202,671,6,2,683,7,64,-1.0,-317.0
402,1577,467,202,673,6,2,684,7,64,-1.0,-318.0
403,1566,464,202,675,6,2,685,7,64,-1.0,-319.0
404,1556,462,202,677,6,2,686,7,64,-1.0,-320.0
405,1546,460,202,679,6,2,687,7,64,-1.0,-321.0
406,1535,457,202,681,6,2,688,7,64,-1.0,-322.0
407,1525,455,202,683,6,2,689,7,64,-1.0,-323.0
408,1515,453,202,685,6,2,690,7,64,-1.0,-324.0
409,1504,450,202,687,6,2,691,7,64,-1.0,-325.0
410,1494,448,202,689,6,2,692,7,64,-1.0,-326.0
411,1483,445,202,691,6,2,693,7,64,-1.0,-327.0
412,1473,443,202,693,6,2,694,7,64,-1.0,-328.0
413,1462,440,202,695,6,2,695,7,64,-1.0,-329.0
414,1451,438,202,697,6,2,696,7,64,-1.0,-330.0
415,1441,435,202,699,6,2,697,7,64,-1.0,-331.0
416,1430,433,202,701,6,2,698,7,64,-1.0,-332.0
417,1420,431,202,703,6,2,699,7,64,-1.0,-333.0
418,1409,428,202,705,6,2,700,7,64,-1.0,-334.0
419,1398,426,202,707,6,2,701,7,64,-1.0,-335.0
420,1387,423,202,708,6,2,702,7,64,-1.0,-336.0
421,1377,421,202,710,6,2,703,7,64,-1.0,-337.0
422,1366,418,202,702,6,2,704,7,64,-1.0,-338.0
423,1355,416,202,704,6,2,705,7,64,-1.0,-339.0
424,1344,413,202,706,6,2,706,7,64,-1.0,-340.0
425,1334,411,202,707,6,2,707,8,64,1.0,-339.0
426,1323,408,202,709,6,2,708,8,64,-1.0,-340.0
427,1312,406,202,710,6,2,709,8,64,-1.0,-341.0
428,1301,403,202,712,6,2,710,8,64,-1.0,-342.0
429,1290,401,202,713,6,2,711,8,64,-1.0,-343.0
430,1280,398,202,715,6,2,712,8,64,-1.0,-344.0
431,1269,396,202,716,6,2,713,8,64,-1.0,-345.0
432,1258,393,202,718,6,2,714,8,64,-1.0,-346.0
433,1247,391,202,719,6,2,715,8,64,-1.0,-347.0
434,1236,388,202,721,6,2,716,8,64,-1.0,-348.0
435,1225,385,202,722,6,2,717,8,64,-1.0,-349.0
436,1214,383,202,724,6,2,718,8,64,-1.0,-350.0
437,1203,380,202,725,6,2,719,8,64,-1.0,-351.0
438,1192,378,202,727,6,2,720,8,64,-1.0,-352.0
439,1181,375,202,728,6,2,721,8,64,-1.0,-353.0
440,1170,373,202,730,6,2,722,8,64,-1.0,-354.0
441,1158,370,202,731,6,2,723,8,64,-1.0,-355.0
442,1147,368,202,733,6,2,724,8,64,-1.0,-356.0
443,1136,365,202,734,6,2,725,8,64,-1.0,-357.0
444,1125,362,201,736,6,2,726,8,64,-1.0,-358.0
445,1114,360,201,728,6,2,727,8,64,-1.0,-359.0
446,1103,357,201,730,6,2,728,8,64,-1.0,-360.0
447,1092,355,201,731,6,2,729,8,64,-1.0,-361.0
448,1080,352,201,733,6,2,730,8,64,-1.0,-362.0
449,1069,350,201,734,6,2,731,8,64,-1.0,-363.0
450,1058,348,200,736,6,2,732,8,64,-1.0,-364.0
451,1047,345,200,737,6,2,733,8,64,-1.0,-365.0
452,1035,343,200,739,6,2,734,8,64,-1.0,-366.0
453,1024,341,199,740,6,2,735,8,64,-1.0,-367.0
454,1013,339,199,742,6,2,736,8,64,-1.0,-368.0
455,1001,337,198,743,6,2,737,8,64,-1.0,-369.0
456,990,335,198,745,6,2,738,8,64,-1.0,-370.0
457,978,334,197,746,6,2,739,8,64,-1.0,-371.0
458,966,332,197,748,6,2,740,8,64,-1.0,-372.0
459,955,331,196,740,6,2,741,8,64,-1.0,-373.0
460,943,330,195,742,6,2,742,8,64,-1.0,-374.0
461,932,329,194,743,6,2,743,8,64,-1.0,-375.0
462,920,329,193,736,6,2,744,8,64,-1.0,-376.0
463,909,328,193,737,6,2,745,8,64,-1.0,-377.0
464,897,328,192,739,6,2,746,8,64,-1.0,-378.0
465,886,329,191,731,6,2,747,9,64,1.0,-377.0
466,874,329,189,733,6,2,748,9,64,-1.0,-378.0
467,863,330,188,734,6,2,749,9,64,-1.0,-379.0
468,851,331,187,736,6,2,750,9,64,-1.0,-380.0
469,840,332,186,737,6,2,751,9,64,-1.0,-381.0
470,828,334,185,739,6,2,752,9,64,-1.0,-382.0
471,817,336,184,740,6,2,753,9,64,-1.0,-383.0
472,806,339,182,742,6,2,754,9,64,-1.0,-384.0
473,795,341,181,743,6,2,755,9,64,-1.0,-385.0
474,783,345,180,745,6,2,756,9,64,-1.0,-386.0
475,772,348,179,746,6,2,757,9,64,-1.0,-387.0
476,761,352,178,748,6,2,758,9,64,-1.0,-388.0
477,750,356,176,749,6,2,759,9,64,-1.0,-389.0
478,739,360,175,751,6,2,760,9,64,-1.0,-390.0
479,729,365,174,752,6,2,761,9,64,-1.0,-391.0
480,718,370,173,754,6,2,762,9,64,-1.0,-392.0
481,708,376,172,746,6,2,763,9,64,-1.0,-393.0
482,697,381,170,748,6,2,764,9,64,-1.0,-394.0
483,687,387,169,749,6,2,765,9,64,-1.0,-395.0
484,677,394,168,751,6,2,766,9,64,-1.0,-396.0
485,668,400,167,743,6,2,767,9,64,-1.0,-397.0
486,658,407,166,736,6,2,768,9,64,-1.0,-398.0
487,649,414,164,737,6,2,769,9,64,-1.0,-399.0
488,640,421,163,739,6,2,770,9,64,-1.0,-400.0
489,631,429,162,740,6,2,771,10,64,1.0,-399.0
490,623,437,161,742,6,2,772,10,64,-1.0,-400.0
491,615,445,160,743,6,2,773,10,64,-1.0,-401.0
492,607,453,158,745,6,2,774,10,64,-1.0,-402.0
493,599,462,157,746,6,2,775,10,64,-1.0,-403.0
494,591,471,156,748,6,2,776,10,64,-1.0,-404.0
495,584,480,155,749,6,2,777,10,64,-1.0,-405.0
496,577,489,154,751,6,2,778,10,64,-1.0,-406.0
497,570,498,153,752,6,2,779,10,64,-1.0,-407.0
498,563,508,152,754,6,2,780,10,64,-1.0,-408.0
499,557,518,151,755,6,2,781,10,64,-1.0,-409.0
500,550,528,150,757,6,2,782,10,64,-1.0,-410.0
501,544,538,149,758,6,2,783,10,64,-1.0,-411.0
502,538,549,148,760,6,2,784,10,64,-1.0,-412.0
503,533,559,148,761,6,2,785,10,64,-1.0,-413.0
504,527,570,147,763,6,2,786,10,64,-1.0,-414.0
505,522,580,147,764,6,2,787,10,64,-1.0,-415.0
506,517,591,146,766,6,2,788,10,64,-1.0,-416.0
507,512,602,146,767,6,2,789,10,64,-1.0,-417.0
508,507,613,145,769,6,2,790,11,64,1.0,-416.0
509,502,624,145,770,6,2,791,11,64,-1.0,-417.0
510,497,635,144,771,6,2,792,11,64,-1.0,-418.0
511,492,646,144,772,6,2,793,11,64,-1.0,-419.0
512,488,657,144,773,6,2,794,11,64,-1.0,-420.0
513,483,668,144,774,6,2,795,11,64,-1.0,-421.0
514,479,680,144,775,6,2,796,11,64,-1.0,-422.0
515,474,691,144,776,6,2,797,11,64,-1.0,-423.0
516,470,702,144,777,6,2,798,11,64,-1.0,-424.0
517,465,713,144,778,6,2,799,11,64,-1.0,-425.0
518,461,725,144,779,6,2,800,11,64,-1.0,-426.0
519,456,736,144,780,6,2,801,11,64,-1.0,-427.0
520,452,747,144,781,6,2,802,11,64,-1.0,-428.0
521,447,759,144,782,6,2,803,11,64,-1.0,-429.0
522,443,770,144,783,6,2,804,12,64,1.0,-428.0
523,438,782,144,784,6,2,805,12,64,-1.0,-429.0
524,434,793,144,785,6,2,806,12,64,-1.0,-430.0
525,429,804,144,775,6,2,807,12,64,-1.0,-431.0
526,425,816,144,776,6,2,808,12,64,-1.0,-432.0
527,420,827,144,777,6,2,809,12,64,-1.0,-433.0
528,416,838,144,778,6,2,810,12,64,-1.0,-434.0
529,411,850,144,779,6,2,811,12,64,-1.0,-435.0
530,407,861,144,780,6,2,812,12,64,-1.0,-436.0
531,402,872,144,781,6,2,813,12,64,-1.0,-437.0
532,398,884,144,782,6,2,814,12,64,-1.0,-438.0
533,393,895,144,783,6,2,815,12,64,-1.0,-439.0
534,389,906,144,784,6,2,816,12,64,-1.0,-440.0
535,384,918,144,785,6,2,817,12,64,-1.0,-441.0
536,380,929,144,786,6,2,818,12,64,-1.0,-442.0
537,375,941,144,787,6,2,819,12,64,-1.0,-443.0
538,371,952,144,788,6,2,820,12,64,-1.0,-444.0
539,366,963,144,778,6,2,821,12,64,-1.0,-445.0
540,362,975,144,779,6,2,822,12,64,-1.0,-446.0
541,357,986,144,780,6,2,823,12,64,-1.0,-447.0
542,353,997,144,781,6,2,824,12,64,-1.0,-448.0
543,348,1009,144,782,6,2,825,12,64,-1.0,-449.0
544,344,1020,144,772,6,2,826,12,64,-1.0,-450.0
545,340,1031,143,773,6,2,827,12,64,-1.0,-451.0
546,335,1043,143,774,6,2,828,12,64,-1.0,-452.0
547,331,1054,143,775,6,2,829,12,64,-1.0,-453.0
548,326,1065,143,776,6,2,830,12,64,-1.0,-454.0
549,322,1077,143,777,6,2,831,12,64,-1.0,-455.0
550,317,1088,143,778,6,2,832,12,64,-1.0,-456.0
551,313,1099,143,779,6,2,833,12,64,-1.0,-457.0
552,309,1111,143,780,6,2,834,12,64,-1.0,-458.0
553,304,1122,143,781,6,2,835,12,64,-1.0,-459.0
554,300,1133,143,782,6,2,836,12,64,-1.0,-460.0
555,295,1145,143,783,6,2,837,12,64,-1.0,-461.0
556,291,1156,143,784,6,2,838,12,64,-1.0,-462.0
557,287,1168,143,774,6,2,839,12,64,-1.0,-463.0
558,282,1179,143,775,6,2,840,12,64,-1.0,-464.0
559,278,1190,143,776,6,2,841,12,64,-1.0,-465.0
560,273,1201,143,766,6,2,842,12,64,-1.0,-466.0
561,269,1213,143,767,6,2,843,12,64,-1.0,-467.0
562,265,1224,143,769,6,2,844,13,64,1.0,-466.0
563,261,1235,143,770,6,2,845,13,64,-1.0,-467.0
564,257,1246,142,771,6,2,846,13,64,-1.0,-468.0
565,253,1258,142,772,6,2,847,13,64,-1.0,-469.0
566,249,1269,142,773,6,2,848,13,64,-1.0,-470.0
567,245,1281,141,763,6,2,849,13,64,-1.0,-471.0
568,241,1292,141,764,6,2,850,13,64,-1.0,-472.0
569,237,1303,140,766,6,2,851,13,64,-1.0,-473.0
570,234,1315,140,767,6,2,852,13,64,-1.0,-474.0
571,230,1326,139,769,6,2,853,13,64,-1.0,-475.0
572,227,1338,138,770,6,2,854,13,64,-1.0,-476.0
573,224,1350,138,771,6,2,855,13,64,-1.0,-477.0
574,221,1361,137,772,6,2,856,13,64,-1.0,-478.0
575,219,1373,136,773,6,2,857,13,64,-1.0,-479.0
576,217,1385,135,774,6,2,858,13,64,-1.0,-480.0
577,214,1397,134,775,6,2,859,13,64,-1.0,-481.0
578,213,1409,134,776,6,2,860,13,64,-1.0,-482.0
579,211,1421,133,766,6,2,861,13,64,-1.0,-483.0
580,210,1433,132,767,6,2,862,13,64,-1.0,-484.0
581,209,1445,131,769,6,2,863,13,64,-1.0,-485.0
582,208,1457,131,770,6,2,864,13,64,-1.0,-486.0
583,207,1469,130,771,6,2,865,13,64,-1.0,-487.0
584,206,1481,129,772,6,2,866,13,64,-1.0,-488.0
585,206,1493,128,773,6,2,867,13,64,-1.0,-489.0
586,206,1505,128,774,6,2,868,13,64,-1.0,-490.0
587,206,1517,127,775,6,2,869,13,64,-1.0,-491.0
588,207,1529,127,776,6,2,870,13,64,-1.0,-492.0
589,207,1541,126,777,6,2,871,13,64,-1.0,-493.0
590,208,1553,126,778,6,2,872,13,64,-1.0,-494.0
591,208,1566,125,779,6,2,873,13,64,-1.0,-495.0
592,209,1578,125,780,6,2,874,13,64,-1.0,-496.0
593,210,1590,124,781,6,2,875,13,64,-1.0,-497.0
594,212,1602,124,782,6,2,876,13,64,-1.0,-498.0
595,213,1614,124,772,6,2,877,13,64,-1.0,-499.0
596,214,1626,124,773,6,2,878,13,64,-1.0,-500.0
597,216,1638,123,774,6,2,879,13,64,-1.0,-501.0
598,217,1650,123,775,6,2,880,13,64,-1.0,-502.0
599,218,1662,123,776,6,2,881,13,64,-1.0,-503.0
600,220,1674,123,777,6,2,882,13,64,-1.0,-504.0
601,221,1686,123,778,6,2,883,13,64,-1.0,-505.0
602,223,1698,123,768,6,2,884,13,64,-1.0,-506.0
603,224,1710,123,769,6,2,885,13,64,-1.0,-507.0
604,225,1722,123,770,6,2,886,13,64,-1.0,-508.0
605,227,1734,123,771,6,2,887,13,64,-1.0,-509.0
606,228,1746,123,772,6,2,888,13,64,-1.0,-510.0
607,230,1758,123,773,6,2,889,13,64,-1.0,-511.0
608,231,1770,123,763,6,2,890,13,64,-1.0,-512.0
609,233,1782,123,764,6,2,891,13,64,-1.0,-513.0
610,234,1794,123,766,6,2,892,14,64,1.0,-512.0
611,235,1806,123,767,6,2,893,14,64,-1.0,-513.0
612,237,1818,123,769,6,2,894,14,64,-1.0,-514.0
613,238,1830,123,770,6,2,895,14,64,-1.0,-515.0
614,240,1842,123,771,6,2,896,14,64,-1.0,-516.0
615,241,1854,123,772,6,2,897,14,64,-1.0,-517.0
616,243,1866,123,773,6,2,898,14,64,-1.0,-518.0
617,244,1878,123,774,6,2,899,14,64,-1.0,-519.0
618,245,1890,123,775,6,2,900,14,64,-1.0,-520.0
619,247,1902,123,776,6,2,901,14,64,-1.0,-521.0
620,248,1914,123,777,6,2,902,14,64,-1.0,-522.0
621,250,1926,123,778,6,2,903,14,64,-1.0,-523.0
622,251,1938,123,779,6,2,904,14,64,-1.0,-524.0
623,253,1950,123,780,6,2,905,14,64,-1.0,-525.0
624,254,1962,123,781,6,2,906,14,64,-1.0,-526.0
625,255,1974,123,782,6,2,907,14,64,-1.0,-527.0
626,257,1986,123,783,6,2,908,14,64,-1.0,-528.0
627,258,1998,123,784,6,2,909,14,64,-1.0,-529.0
628,260,2011,123,785,6,2,910,14,64,-1.0,-530.0
629,261,2023,123,786,6,2,911,14,64,-1.0,-531.0
630,263,2035,123,787,6,2,912,14,64,-1.0,-532.0
631,264,2047,123,788,6,2,913,14,64,-1.0,-533.0
632,266,2059,123,789,6,2,914,14,64,-1.0,-534.0
633,267,2072,123,790,6,2,915,14,64,-1.0,-535.0
634,269,2084,123,791,6,2,916,14,64,-1.0,-536.0
635,270,2096,123,792,6,2,917,14,64,-1.0,-537.0
636,271,2108,123,793,6,2,918,14,64,-1.0,-538.0
637,273,2121,123,794,6,2,919,14,64,-1.0,-539.0
638,274,2133,123,795,6,2,920,14,64,-1.0,-540.0
639,276,2145,123,796,6,2,921,14,64,-1.0,-541.0
640,277,2158,123,797,6,2,922,14,64,-1.0,-542.0
641,279,2170,123,798,6,2,923,14,64,-1.0,-543.0
642,280,2183,123,799,6,2,924,14,64,-1.0,-544.0
643,282,2195,123,800,6,2,925,14,64,-1.0,-545.0
644,283,2207,123,801,6,2,926,14,64,-1.0,-546.0
645,285,2220,123,802,6,2,927,14,64,-1.0,-547.0
646,286,2232,123,803,6,2,928,14,64,-1.0,-548.0
647,288,2245,123,804,6,2,929,14,64,-1.0,-549.0
648,289,2257,123,805,6,2,930,14,64,-1.0,-550.0
649,291,2270,123,806,6,2,931,14,64,-1.0,-551.0
650,292,2282,123,807,6,2,932,14,64,-1.0,-552.0
651,294,2295,123,808,6,2,933,14,64,-1.0,-553.0
652,295,2307,123,809,6,2,934,14,64,-1.0,-554.0
653,297,2320,123,810,6,2,935,14,64,-1.0,-555.0
654,298,2332,123,811,6,2,936,14,64,-1.0,-556.0
655,300,2345,123,812,6,2,937,14,64,-1.0,-557.0
656,301,2358,123,813,6,2,938,14,64,-1.0,-558.0
657,303,2370,123,814,6,2,939,15,64,1.0,-557.0
658,304,2383,123,815,6,2,940,15,64,-1.0,-558.0
659,306,2396,122,816,6,2,941,15,64,-1.0,-559.0
660,308,2408,122,817,6,2,942,15,64,-1.0,-560.0
661,310,2421,122,818,6,2,943,15,64,-1.0,-561.0
662,312,2433,121,819,6,2,944,15,64,-1.0,-562.0
663,314,2446,121,820,6,2,945,15,64,-1.0,-563.0
664,317,2459,120,821,6,2,946,15,64,-1.0,-564.0
665,319,2471,119,822,6,2,947,15,64,-1.0,-565.0
666,322,2484,119,823,6,2,948,15,64,-1.0,-566.0
667,325,2496,118,824,6,2,949,15,64,-1.0,-567.0
668,328,2509,117,814,6,2,950,15,64,-1.0,-568.0
669,331,2521,117,815,6,2,951,15,64,-1.0,-569.0
670,335,2533,116,805,6,2,952,15,64,-1.0,-570.0
671,339,2545,115,806,6,2,953,15,64,-1.0,-571.0
672,343,2557,114,807,6,2,954,15,64,-1.0,-572.0
673,347,2569,113,808,6,2,955,15,64,-1.0,-573.0
674,352,2581,112,798,6,2,956,15,64,-1.0,-574.0
675,357,2592,111,799,6,2,957,15,64,-1.0,-575.0
676,362,2604,110,800,6,2,958,15,64,-1.0,-576.0
677,367,2615,108,801,6,2,959,15,64,-1.0,-577.0
678,373,2626,107,802,6,2,960,15,64,-1.0,-578.0
679,379,2637,106,803,6,2,961,15,64,-1.0,-579.0
680,386,2648,105,804,6,2,962,15,64,-1.0,-580.0
681,393,2658,104,805,6,2,963,15,64,-1.0,-581.0
682,400,2668,102,806,6,2,964,15,64,-1.0,-582.0
683,407,2679,101,807,6,2,965,15,64,-1.0,-583.0
684,415,2689,100,797,6,2,966,16,64,1.0,-582.0
685,423,2698,99,798,6,2,967,16,64,-1.0,-583.0
686,431,2707,98,799,6,2,968,16,64,-1.0,-584.0
687,440,2717,96,800,6,2,969,16,64,-1.0,-585.0
688,449,2725,95,801,6,2,970,16,64,-1.0,-586.0
689,458,2734,94,802,6,2,971,16,64,-1.0,-587.0
690,467,2742,93,792,6,2,972,16,64,-1.0,-588.0
691,476,2750,92,793,6,2,973,16,64,-1.0,-589.0
692,486,2758,90,794,6,2,974,16,64,-1.0,-590.0
693,496,2765,89,795,6,2,975,16,64,-1.0,-591.0
694,506,2773,88,796,6,2,976,16,64,-1.0,-592.0
695,517,2779,87,797,6,2,977,16,64,-1.0,-593.0
696,527,2786,86,798,6,2,978,16,64,-1.0,-594.0
697,538,2792,84,799,6,2,979,16,64,-1.0,-595.0
698,549,2798,83,800,6,2,980,16,64,-1.0,-596.0
699,560,2804,82,801,6,2,981,16,64,-1.0,-597.0
700,572,2809,81,802,6,2,982,16,64,-1.0,-598.0
701,583,2814,79,803,6,2,983,16,64,-1.0,-599.0
702,595,2818,78,804,6,2,984,17,64,1.0,-598.0
703,607,2823,77,805,6,2,985,17,64,-1.0,-599.0
704,619,2827,76,806,6,2,986,17,64,-1.0,-600.0
705,631,2830,75,807,6,2,987,17,64,-1.0,-601.0
706,643,2833,74,808,6,2,988,17,64,-1.0,-602.0
707,655,2836,72,809,6,2,989,17,64,-1.0,-603.0
708,668,2839,71,810,6,2,990,17,64,-1.0,-604.0
709,680,2841,70,811,6,2,991,17,64,-1.0,-605.0
710,693,2843,69,812,6,2,992,17,64,-1.0,-606.0
711,705,2844,67,813,6,2,993,17,64,-1.0,-607.0
712,718,2845,66,814,6,2,994,17,64,-1.0,-608.0
713,731,2846,65,815,6,2,995,17,64,-1.0,-609.0
714,743,2846,64,816,6,2,996,17,64,-1.0,-610.0
715,756,2846,63,817,6,2,997,17,64,-1.0,-611.0
716,769,2845,62,818,6,2,998,18,64,1.0,-610.0
717,781,2845,61,819,6,2,999,18,64,-1.0,-611.0
718,794,2843,60,820,6,2,1000,18,64,-1.0,-612.0
719,807,2842,59,821,6,2,1001,18,64,-1.0,-613.0
720,820,2840,58,822,6,2,1002,18,64,-1.0,-614.0
721,832,2838,57,823,6,2,1003,18,64,-1.0,-615.0
722,845,2836,57,824,6,2,1004,18,64,-1.0,-616.0
723,858,2834,56,825,6,2,1005,18,64,-1.0,-617.0
724,870,2831,55,826,6,2,1006,18,64,-1.0,-618.0
725,883,2828,55,827,6,2,1007,18,64,-1.0,-619.0
726,895,2825,54,828,6,2,1008,18,64,-1.0,-620.0
727,908,2822,54,829,6,2,1009,18,64,-1.0,-621.0
728,920,2819,53,830,6,2,1010,18,64,-1.0,-622.0
729,933,2816,53,831,6,2,1011,18,64,-1.0,-623.0
730,945,2812,53,832,6,2,1012,18,64,-1.0,-624.0
731,958,2808,53,832,6,2,1013,18,64,-1.0,-625.0
732,970,2805,52,833,6,2,1014,18,64,-1.0,-626.0
733,983,2801,52,833,6,2,1015,18,64,-1.0,-627.0
734,995,2797,52,834,6,2,1016,18,64,-1.0,-628.0
735,1008,2794,52,834,6,2,1017,18,64,-1.0,-629.0
736,1020,2790,52,835,6,2,1018,18,64,-1.0,-630.0
737,1033,2786,52,835,6,2,1019,18,64,-1.0,-631.0
738,1045,2782,52,826,6,2,1020,18,64,-1.0,-632.0
739,1058,2779,52,827,6,2,1021,18,64,-1.0,-633.0
740,1070,2775,52,828,6,2,1022,18,64,-1.0,-634.0
741,1082,2771,52,829,6,2,1023,18,64,-1.0,-635.0
742,1095,2767,52,830,6,2,1024,18,64,-1.0,-636.0
743,1107,2764,52,831,6,2,1025,18,64,-1.0,-637.0
744,1120,2760,52,832,6,2,1026,18,64,-1.0,-638.0
745,1132,2756,52,832,6,2,1027,18,64,-1.0,-639.0
746,1144,2752,52,833,6,2,1028,18,64,-1.0,-640.0
747,1157,2749,52,833,6,2,1029,19,64,1.0,-639.0
748,1169,2745,52,824,6,2,1030,19,64,-1.0,-640.0
749,1182,2741,52,825,6,2,1031,19,64,-1.0,-641.0
750,1194,2737,52,826,6,2,1032,19,64,-1.0,-642.0
751,1206,2734,52,827,6,2,1033,19,64,-1.0,-643.0
752,1219,2730,52,828,6,2,1034,19,64,-1.0,-644.0
753,1231,2726,52,829,6,2,1035,19,64,-1.0,-645.0
754,1243,2723,52,830,6,2,1036,19,64,-1.0,-646.0
755,1256,2719,52,831,6,2,1037,19,64,-1.0,-647.0
756,1268,2715,52,832,6,2,1038,19,64,-1.0,-648.0
757,1281,2711,52,832,6,2,1039,19,64,-1.0,-649.0
758,1293,2707,52,833,6,2,1040,19,64,-1.0,-650.0
759,1306,2704,52,833,6,2,1041,19,64,-1.0,-651.0
760,1318,2700,52,834,6,2,1042,19,64,-1.0,-652.0
761,1330,2696,52,834,6,2,1043,19,64,-1.0,-653.0
762,1343,2692,52,835,6,2,1044,19,64,-1.0,-654.0
763,1355,2689,52,825,6,2,1045,19,64,-1.0,-655.0
764,1368,2685,52,826,6,2,1046,19,64,-1.0,-656.0
765,1380,2681,52,827,6,2,1047,19,64,-1.0,-657.0
766,1392,2677,52,828,6,2,1048,19,64,-1.0,-658.0
767,1405,2673,52,829,6,2,1049,19,64,-1.0,-659.0
768,1417,2670,52,830,6,2,1050,19,64,-1.0,-660.0
769,1430,2666,52,831,6,2,1051,19,64,-1.0,-661.0
770,1442,2662,52,821,6,2,1052,19,64,-1.0,-662.0
771,1454,2658,52,822,6,2,1053,19,64,-1.0,-663.0
772,1466,2654,52,823,6,2,1054,19,64,-1.0,-664.0
773,1479,2650,52,824,6,2,1055,19,64,-1.0,-665.0
774,1491,2646,52,825,6,2,1056,19,64,-1.0,-666.0
775,1503,2643,52,826,6,2,1057,19,64,-1.0,-667.0
776,1515,2639,52,827,6,2,1058,19,64,-1.0,-668.0
777,1528,2635,52,828,6,2,1059,19,64,-1.0,-669.0
778,1540,2631,52,829,6,2,1060,19,64,-1.0,-670.0
779,1552,2627,52,830,6,2,1061,19,64,-1.0,-671.0
780,1565,2623,52,831,6,2,1062,19,64,-1.0,-672.0
781,1577,2619,52,832,6,2,1063,19,64,-1.0,-673.0
782,1589,2615,52,833,6,2,1064,19,64,-1.0,-674.0
783,1602,2611,52,833,6,2,1065,20,64,1.0,-673.0
784,1614,2607,52,834,6,2,1066,20,64,-1.0,-674.0
785,1627,2603,52,834,6,2,1067,20,64,-1.0,-675.0
786,1639,2599,52,835,6,2,1068,20,64,-1.0,-676.0
787,1651,2595,52,835,6,2,1069,20,64,-1.0,-677.0
788,1664,2591,52,836,6,2,1070,20,64,-1.0,-678.0
789,1676,2587,52,836,6,2,1071,20,64,-1.0,-679.0
790,1689,2583,52,837,6,2,1072,20,64,-1.0,-680.0
791,1701,2579,52,837,6,2,1073,20,64,-1.0,-681.0
792,1714,2575,52,838,6,2,1074,20,64,-1.0,-682.0
793,1726,2571,52,838,6,2,1075,20,64,-1.0,-683.0
794,1739,2567,52,839,6,2,1076,20,64,-1.0,-684.0
795,1751,2563,52,839,6,2,1077,20,64,-1.0,-685.0
796,1764,2559,52,840,6,2,1078,20,64,-1.0,-686.0
797,1776,2555,52,840,6,2,1079,20,64,-1.0,-687.0
798,1789,2551,51,831,6,2,1080,20,64,-1.0,-688.0
799,1801,2547,51,832,6,2,1081,20,64,-1.0,-689.0
800,1813,2543,51,832,6,2,1082,20,64,-1.0,-690.0
801,1826,2539,51,833,6,2,1083,20,64,-1.0,-691.0
802,1838,2535,51,833,6,2,1084,20,64,-1.0,-692.0
803,1850,2531,51,834,6,2,1085,20,64,-1.0,-693.0
804,1862,2527,51,834,6,2,1086,20,64,-1.0,-694.0
805,1875,2522,51,835,6,2,1087,20,64,-1.0,-695.0
806,1887,2518,50,835,6,2,1088,20,64,-1.0,-696.0
807,1899,2514,50,836,6,2,1089,20,64,-1.0,-697.0
808,1912,2509,50,836,6,2,1090,20,64,-1.0,-698.0
809,1924,2505,50,837,6,2,1091,20,64,-1.0,-699.0
810,1936,2500,49,837,6,2,1092,20,64,-1.0,-700.0
811,1948,2496,49,838,6,2,1093,20,64,-1.0,-701.0
812,1961,2491,49,838,6,2,1094,20,64,-1.0,-702.0
813,1973,2486,48,839,6,2,1095,20,64,-1.0,-703.0
814,1985,2481,48,839,6,2,1096,21,64,1.0,-702.0
815,1997,2476,47,830,6,2,1097,21,64,-1.0,-703.0
816,2009,2470,46,831,6,2,1098,21,64,-1.0,-704.0
817,2020,2465,46,821,6,2,1099,21,64,-1.0,-705.0
818,2032,2459,45,822,6,2,1100,21,64,-1.0,-706.0
819,2043,2453,44,823,6,2,1101,21,64,-1.0,-707.0
820,2055,2447,43,824,6,2,1102,21,64,-1.0,-708.0
821,2066,2441,43,825,6,2,1103,21,64,-1.0,-709.0
822,2077,2434,42,826,6,2,1104,21,64,-1.0,-710.0
823,2088,2428,41,816,6,2,1105,21,64,-1.0,-711.0
824,2099,2421,40,817,6,2,1106,21,64,-1.0,-712.0
825,2109,2413,39,818,6,2,1107,21,64,-1.0,-713.0
826,2119,2406,38,819,6,2,1108,21,64,-1.0,-714.0
827,2130,2398,36,820,6,2,1109,21,64,-1.0,-715.0
828,2139,2390,35,821,6,2,1110,21,64,-1.0,-716.0
829,2149,2382,34,822,6,2,1111,21,64,-1.0,-717.0
830,2159,2373,33,823,6,2,1112,21,64,-1.0,-718.0
831,2168,2364,31,824,6,2,1113,21,64,-1.0,-719.0
832,2177,2355,30,825,6,2,1114,21,64,-1.0,-720.0
833,2185,2345,29,826,6,2,1115,21,64,-1.0,-721.0
834,2194,2335,28,827,6,2,1116,21,64,-1.0,-722.0
835,2202,2325,27,828,6,2,1117,21,64,-1.0,-723.0
836,2210,2315,25,829,6,2,1118,21,64,-1.0,-724.0
837,2217,2304,24,830,6,2,1119,21,64,-1.0,-725.0
838,2224,2294,23,831,6,2,1120,21,64,-1.0,-726.0
839,2231,2283,22,832,6,2,1121,21,64,-1.0,-727.0
840,2238,2271,21,832,6,2,1122,21,64,-1.0,-728.0
841,2244,2260,19,833,6,2,1123,21,64,-1.0,-729.0
842,2250,2248,18,833,6,2,1124,21,64,-1.0,-730.0
843,2255,2237,17,834,6,2,1125,21,64,-1.0,-731.0
844,2261,2225,16,834,6,2,1126,21,64,-1.0,-732.0
845,2265,2213,14,835,6,2,1127,21,64,-1.0,-733.0
846,2270,2200,13,835,6,2,1128,21,84,-1.0,-734.0
847,2274,2188,12,812,6,2,1129,21,84,-1.0,-735.0
848,2278,2176,11,788,6,2,1130,21,84,-1.0,-736.0
849,2281,2164,10,765,6,2,1131,21,84,-1.0,-737.0
850,2283,2152,8,749,6,2,1132,21,84,-1.0,-738.0
851,2286,2141,7,734,6,2,1133,21,84,-1.0,-739.0
852,2288,2130,6,718,6,2,1134,21,84,-1.0,-740.0
853,2289,2118,5,703,6,2,1135,21,84,-1.0,-741.0
854,2291,2108,4,687,6,2,1136,21,84,-1.0,-742.0
855,2291,2097,2,672,6,2,1137,21,84,-1.0,-743.0
856,2292,2086,1,656,6,2,1138,21,84,-1.0,-744.0
857,2292,2076,0,641,6,2,1139,21,84,-1.0,-745.0
858,2292,2066,255,625,6,2,1140,21,84,-1.0,-746.0
859,2292,2056,254,610,6,2,1141,21,84,-1.0,-747.0
860,2291,2047,252,594,6,2,1142,21,84,-1.0,-748.0
861,2290,2038,251,579,6,2,1143,21,84,-1.0,-749.0
862,2289,2029,250,583,6,2,1144,21,84,-1.0,-750.0
863,2288,2020,249,587,6,2,1145,21,84,-1.0,-751.0
864,2286,2011,248,591,6,2,1146,21,84,-1.0,-752.0
865,2284,2002,246,595,6,2,1147,21,84,-1.0,-753.0
866,2282,1993,245,579,6,2,1148,21,84,-1.0,-754.0
867,2280,1984,244,579,6,2,1149,21,128,-1.0,-755.0
868,2277,1993,243,314,6,2,1150,21,84,-1.0,-756.0
869,2275,1997,242,314,6,2,1151,21,84,-1.0,-757.0
870,2273,2001,240,314,6,2,1152,21,84,-1.0,-758.0
871,2270,2006,239,314,6,2,1153,21,84,-1.0,-759.0
872,2268,2010,238,314,6,2,1154,21,84,-1.0,-760.0
873,2266,2014,237,314,6,2,1155,21,84,-1.0,-761.0
874,2264,2019,236,314,6,2,1156,21,84,-1.0,-762.0
875,2261,2023,234,314,6,2,1157,21,84,-1.0,-763.0
876,2259,2027,233,318,6,2,1158,21,84,-1.0,-764.0
877,2258,2032,232,233,6,2,1159,21,84,-1.0,-765.0
878,2257,2036,231,148,6,2,1160,21,84,-1.0,-766.0
879,2256,2038,230,152,6,2,1161,21,84,-1.0,-767.0
880,2256,2040,228,156,6,2,1162,21,84,-1.0,-768.0
881,2254,2039,227,160,6,2,1163,21,84,-1.0,-769.0
882,2253,2037,226,164,6,2,1164,21,84,-1.0,-770.0
883,2251,2035,225,168,6,2,1165,21,84,-1.0,-771.0
884,2249,2033,224,172,6,2,1166,21,84,-1.0,-772.0
885,2247,2031,222,176,6,2,1167,21,84,-1.0,-773.0
886,2245,2029,221,180,6,2,1168,21,84,-1.0,-774.0
887,2243,2027,220,184,6,2,1169,21,84,-1.0,-775.0
888,2241,2026,219,188,6,2,1170,21,84,-1.0,-776.0
889,2239,2024,218,192,6,2,1171,21,84,-1.0,-777.0
890,2236,2022,217,200,6,2,1172,21,84,-1.0,-778.0
891,2234,2020,215,208,6,2,1173,21,84,-1.0,-779.0
892,2231,2019,214,216,6,2,1174,21,84,-1.0,-780.0
893,2228,2017,213,224,6,2,1175,21,84,-1.0,-781.0
894,2225,2015,212,232,6,2,1176,21,84,-1.0,-782.0
895,2222,2013,211,240,6,2,1177,21,84,-1.0,-783.0
896,2218,2012,209,248,6,2,1178,21,84,-1.0,-784.0
897,2215,2010,208,244,6,2,1179,21,84,-1.0,-785.0
898,2211,2009,207,252,6,2,1180,21,84,-1.0,-786.0
899,2207,2007,206,260,6,2,1181,21,84,-1.0,-787.0
900,2204,2006,205,272,6,2,1182,21,84,-1.0,-788.0
901,2200,2005,203,284,6,2,1183,21,84,-1.0,-789.0
902,2195,2004,202,296,6,2,1184,21,84,-1.0,-790.0
903,2191,2003,201,308,6,2,1185,21,84,-1.0,-791.0
904,2186,2002,200,320,6,2,1186,21,84,-1.0,-792.0
905,2181,2001,199,332,6,2,1187,21,84,-1.0,-793.0
906,2176,2000,199,326,6,2,1188,21,84,-1.0,-794.0
907,2171,1999,198,338,6,2,1189,21,84,-1.0,-795.0
908,2166,1998,197,350,6,2,1190,21,84,-1.0,-796.0
909,2160,1998,196,362,6,2,1191,21,84,-1.0,-797.0
910,2155,1997,195,374,6,2,1192,21,84,-1.0,-798.0
911,2149,1997,193,386,6,2,1193,21,84,-1.0,-799.0
912,2143,1997,192,398,6,2,1194,21,84,-1.0,-800.0
913,2137,1997,191,410,6,2,1195,21,84,-1.0,-801.0
914,2130,1997,190,422,6,2,1196,21,84,-1.0,-802.0
915,2124,1997,189,434,6,2,1197,21,84,-1.0,-803.0
916,2117,1998,187,446,6,2,1198,21,84,-1.0,-804.0
917,2110,1999,186,458,6,2,1199,21,84,-1.0,-805.0
918,2103,2000,185,466,6,2,1200,21,84,-1.0,-806.0
919,2096,2001,184,474,6,2,1201,21,84,-1.0,-807.0
920,2088,2003,183,482,6,2,1202,21,84,-1.0,-808.0
921,2081,2004,181,490,6,2,1203,21,84,-1.0,-809.0
922,2074,2006,180,498,6,2,1204,21,84,-1.0,-810.0
923,2066,2009,179,506,6,2,1205,21,84,-1.0,-811.0
924,2059,2011,178,514,6,2,1206,21,84,-1.0,-812.0
925,2051,2014,177,522,6,2,1207,21,84,-1.0,-813.0
926,2044,2017,175,530,6,2,1208,21,84,-1.0,-814.0
927,2036,2020,174,538,6,2,1209,21,84,-1.0,-815.0
928,2028,2024,173,546,6,2,1210,21,84,-1.0,-816.0
929,2021,2028,172,554,6,2,1211,21,84,-1.0,-817.0
930,2013,2032,171,562,6,2,1212,21,84,-1.0,-818.0
931,2006,2036,169,570,6,2,1213,21,84,-1.0,-819.0
932,1998,2041,168,578,6,2,1214,21,84,-1.0,-820.0
933,1990,2046,167,582,6,2,1215,21,84,-1.0,-821.0
934,1983,2051,166,586,6,2,1216,20,84,-1.0,-822.0
935,1976,2057,165,590,6,2,1217,20,84,-1.0,-823.0
936,1969,2063,163,594,6,2,1218,20,84,-1.0,-824.0
937,1961,2069,162,578,6,2,1219,20,84,-1.0,-825.0
938,1955,2075,161,582,6,2,1220,20,84,-1.0,-826.0
939,1948,2081,160,586,6,2,1221,20,84,-1.0,-827.0
940,1942,2088,159,590,6,2,1222,20,84,-1.0,-828.0
941,1936,2094,157,594,6,2,1223,20,84,-1.0,-829.0
942,1929,2101,156,578,6,2,1224,20,84,-1.0,-830.0
943,1924,2108,155,582,6,2,1225,20,84,-1.0,-831.0
944,1918,2116,154,586,6,2,1226,20,84,-1.0,-832.0
945,1913,2123,153,590,6,2,1227,20,84,-1.0,-833.0
946,1908,2131,151,594,6,2,1228,20,84,-1.0,-834.0
947,1902,2138,150,578,6,2,1229,20,84,-1.0,-835.0
948,1898,2146,149,582,6,2,1230,20,84,-1.0,-836.0
949,1893,2154,148,586,6,2,1231,20,64,-1.0,-837.0
950,1889,2162,147,590,6,2,1232,20,64,-1.0,-838.0
951,1885,2171,145,594,6,2,1233,20,64,-1.0,-839.0
952,1881,2179,144,598,6,2,1234,20,64,-1.0,-840.0
953,1878,2188,143,602,6,2,1235,20,64,-1.0,-841.0
954,1874,2196,142,606,6,2,1236,20,64,-1.0,-842.0
955,1871,2205,141,610,6,2,1237,20,64,-1.0,-843.0
956,1868,2215,139,614,6,2,1238,20,64,-1.0,-844.0
957,1866,2224,138,618,6,2,1239,20,64,-1.0,-845.0
958,1863,2233,137,622,6,2,1240,20,64,-1.0,-846.0
959,1861,2243,136,626,6,2,1241,20,64,-1.0,-847.0
960,1859,2252,135,630,6,2,1242,20,64,-1.0,-848.0
961,1858,2262,133,634,6,2,1243,20,64,-1.0,-849.0
962,1857,2272,132,638,6,2,1244,20,64,-1.0,-850.0
963,1856,2282,131,642,6,2,1245,20,64,-1.0,-851.0
964,1855,2292,130,644,6,2,1246,20,64,-1.0,-852.0
965,1854,2302,129,646,6,2,1247,20,64,-1.0,-853.0
966,1854,2312,127,648,6,2,1248,20,64,-1.0,-854.0
967,1855,2322,126,650,6,2,1249,20,64,-1.0,-855.0
968,1855,2332,125,652,6,2,1250,20,64,-1.0,-856.0
969,1856,2342,124,654,6,2,1251,20,64,-1.0,-857.0
970,1857,2353,123,656,6,2,1252,20,64,-1.0,-858.0
971,1858,2363,121,658,6,2,1253,20,64,-1.0,-859.0
972,1860,2373,120,660,6,2,1254,20,64,-1.0,-860.0
973,1862,2383,119,662,6,2,1255,20,64,-1.0,-861.0
974,1864,2393,118,664,6,2,1256,20,64,-1.0,-862.0
975,1867,2403,117,666,6,2,1257,20,64,-1.0,-863.0
976,1870,2413,116,668,6,2,1258,20,64,-1.0,-864.0
977,1873,2423,114,670,6,2,1259,20,64,-1.0,-865.0
978,1876,2433,113,672,6,2,1260,20,64,-1.0,-866.0
979,1880,2443,112,674,6,2,1261,20,64,-1.0,-867.0
980,1884,2452,111,676,6,2,1262,20,64,-1.0,-868.0
981,1889,2462,110,678,6,2,1263,20,64,-1.0,-869.0
982,1893,2472,109,680,6,2,1264,20,64,-1.0,-870.0
983,1898,2481,108,682,6,2,1265,20,64,-1.0,-871.0
984,1903,2491,108,684,6,2,1266,20,64,-1.0,-872.0
985,1908,2500,107,686,6,2,1267,20,64,-1.0,-873.0
986,1914,2509,106,688,6,2,1268,20,64,-1.0,-874.0
987,1919,2518,105,690,6,2,1269,20,64,-1.0,-875.0
988,1925,2528,105,692,6,2,1270,20,64,-1.0,-876.0
989,1931,2537,104,694,6,2,1271,20,84,-1.0,-877.0
990,1937,2546,104,678,6,2,1272,20,84,-1.0,-878.0
991,1943,2554,103,662,6,2,1273,20,84,-1.0,-879.0
992,1949,2563,103,646,6,2,1274,20,84,-1.0,-880.0
993,1954,2571,103,630,6,2,1275,20,84,-1.0,-881.0
994,1960,2579,102,614,6,2,1276,20,84,-1.0,-882.0
995,1966,2587,102,598,6,2,1277,20,84,-1.0,-883.0
996,1971,2594,102,582,6,2,1278,20,84,-1.0,-884.0
997,1977,2602,102,586,6,2,1279,20,84,-1.0,-885.0
998,1982,2609,102,590,6,2,1280,20,84,-1.0,-886.0
999,1988,2616,102,594,6,2,1281,21,84,-1.0,-887.0
1000,1994,2624,102,578,6,2,1282,21,84,-1.0,-888.0
1001,1999,2631,102,582,6,2,1283,21,84,-1.0,-889.0
1002,2004,2638,102,586,6,2,1284,21,84,-1.0,-890.0
1003,2010,2646,102,590,6,2,1285,21,84,-1.0,-891.0
1004,2016,2653,102,594,6,2,1286,21,84,-1.0,-892.0
1005,2021,2660,102,578,6,2,1287,21,84,-1.0,-893.0
1006,2027,2668,102,582,6,2,1288,21,84,-1.0,-894.0
1007,2032,2675,102,586,6,2,1289,21,84,-1.0,-895.0
1008,2038,2682,102,590,6,2,1290,21,84,-1.0,-896.0
1009,2043,2689,102,594,6,2,1291,21,84,-1.0,-897.0
1010,2049,2697,102,578,6,2,1292,21,84,-1.0,-898.0
1011,2054,2704,102,582,6,2,1293,21,84,-1.0,-899.0
1012,2060,2711,102,586,6,2,1294,21,84,-1.0,-900.0
1013,2065,2719,102,590,6,2,1295,21,84,-1.0,-901.0
1014,2071,2726,102,594,6,2,1296,21,84,-1.0,-902.0
1015,2076,2733,102,578,6,2,1297,21,84,-1.0,-903.0
1016,2082,2741,102,582,6,2,1298,21,84,-1.0,-904.0
1017,2087,2748,102,586,6,2,1299,21,84,-1.0,-905.0
1018,2093,2755,102,590,6,2,1300,21,84,-1.0,-906.0
1019,2098,2763,102,594,6,2,1301,21,84,-1.0,-907.0
1020,2104,2770,102,578,6,2,1302,21,84,-1.0,-908.0
1021,2109,2777,102,582,6,2,1303,21,84,-1.0,-909.0
1022,2115,2784,102,586,6,2,1304,21,84,-1.0,-910.0
1023,2120,2792,102,590,6,2,1305,21,84,-1.0,-911.0
1024,2126,2799,102,594,6,2,1306,21,84,-1.0,-912.0
1025,2131,2807,102,578,6,2,1307,21,84,-1.0,-913.0
1026,2137,2814,102,582,6,2,1308,21,84,-1.0,-914.0
1027,2142,2821,102,586,6,2,1309,21,84,-1.0,-915.0
1028,2148,2828,102,590,6,2,1310,21,84,-1.0,-916.0
1029,2153,2836,102,594,6,2,1311,21,84,-1.0,-917.0
1030,2159,2843,102,578,6,2,1312,21,84,-1.0,-918.0
1031,2164,2850,102,582,6,2,1313,21,84,-1.0,-919.0
1032,2170,2858,102,586,6,2,1314,21,84,-1.0,-920.0
1033,2175,2865,102,590,6,2,1315,21,84,-1.0,-921.0
1034,2181,2872,102,594,6,2,1316,21,84,-1.0,-922.0
1035,2186,2880,102,578,6,2,1317,21,84,-1.0,-923.0
1036,2192,2887,102,582,6,2,1318,21,84,-1.0,-924.0
1037,2197,2894,102,586,6,2,1319,21,84,-1.0,-925.0
1038,2203,2901,102,590,6,2,1320,21,84,-1.0,-926.0
1039,2208,2909,102,594,6,2,1321,21,84,-1.0,-927.0
1040,2214,2916,102,578,6,2,1322,21,84,-1.0,-928.0
1041,2219,2923,102,582,6,2,1323,21,84,-1.0,-929.0
1042,2225,2931,102,586,6,2,1324,21,84,-1.0,-930.0
1043,2230,2938,102,590,6,2,1325,21,84,-1.0,-931.0
1044,2236,2945,102,594,6,2,1326,21,84,-1.0,-932.0
1045,2242,2953,102,578,6,2,1327,21,84,-1.0,-933.0
1046,2247,2960,102,582,6,2,1328,21,84,-1.0,-934.0
1047,2253,2967,102,586,6,2,1329,21,84,-1.0,-935.0
1048,2258,2975,102,590,6,2,1330,21,84,-1.0,-936.0
1049,2264,2982,102,594,6,2,1331,21,84,-1.0,-937.0
1050,2269,2989,102,578,6,2,1332,21,84,-1.0,-938.0
1051,2275,2997,102,582,6,2,1333,21,84,-1.0,-939.0
1052,2280,3004,102,586,6,2,1334,21,84,-1.0,-940.0
1053,2286,3011,102,590,6,2,1335,21,84,-1.0,-941.0
1054,2291,3019,102,594,6,2,1336,21,84,-1.0,-942.0
1055,2297,3026,102,578,6,2,1337,21,84,-1.0,-943.0
1056,2302,3033,102,582,6,2,1338,21,84,-1.0,-944.0
1057,2308,3040,102,586,6,2,1339,21,84,-1.0,-945.0
1058,2313,3048,102,590,6,2,1340,21,84,-1.0,-946.0
1059,2319,3055,102,594,6,2,1341,21,84,-1.0,-947.0
1060,2324,3062,102,578,6,2,1342,21,84,-1.0,-948.0
1061,2330,3070,102,582,6,2,1343,21,84,-1.0,-949.0
1062,2335,3077,102,586,6,2,1344,21,84,-1.0,-950.0
1063,2341,3084,102,590,6,2,1345,21,84,-1.0,-951.0
1064,2346,3092,102,594,6,2,1346,21,84,-1.0,-952.0
1065,2352,3099,102,578,6,2,1347,21,84,-1.0,-953.0
1066,2357,3106,102,582,6,2,1348,21,84,-1.0,-954.0
1067,2363,3114,102,586,6,2,1349,21,84,-1.0,-955.0
1068,2368,3121,102,590,6,2,1350,22,84,1.0,-954.0
1069,2374,3128,102,594,6,2,1351,22,84,-1.0,-955.0
1070,2379,3136,102,578,6,2,1352,22,84,-1.0,-956.0
1071,2385,3143,102,582,6,2,1353,22,84,-1.0,-957.0
1072,2390,3150,102,586,6,2,1354,22,84,-1.0,-958.0
1073,2396,3157,102,590,6,2,1355,22,84,-1.0,-959.0
1074,2401,3165,102,594,6,2,1356,22,64,-1.0,-960.0
1075,2407,3172,102,598,6,2,1357,22,84,-1.0,-961.0
1076,2413,3180,102,582,6,2,1358,22,84,-1.0,-962.0
1077,2418,3187,102,586,6,2,1359,22,84,-1.0,-963.0
1078,2424,3194,102,590,6,2,1360,22,84,-1.0,-964.0
1079,2429,3202,102,594,6,2,1361,22,84,-1.0,-965.0
1080,2435,3209,102,578,6,2,1362,22,64,-1.0,-966.0
1081,2440,3216,102,582,6,2,1363,22,64,-1.0,-967.0
1082,2446,3223,102,586,6,2,1364,22,64,-1.0,-968.0
1083,2451,3231,102,590,6,2,1365,22,64,-1.0,-969.0
1084,2457,3238,102,594,6,2,1366,22,84,-1.0,-970.0
1085,2462,3246,102,578,6,2,1367,22,84,-1.0,-971.0
1086,2468,3253,102,582,6,2,1368,22,64,-1.0,-972.0
1087,2473,3260,102,586,6,2,1369,22,64,-1.0,-973.0
1088,2479,3267,102,590,6,2,1370,22,64,-1.0,-974.0
1089,2484,3275,102,594,6,2,1371,22,64,-1.0,-975.0
1090,2490,3282,102,598,6,2,1372,22,64,-1.0,-976.0
1091,2495,3290,102,602,6,2,1373,22,64,-1.0,-977.0
1092,2501,3297,102,606,6,2,1374,22,64,-1.0,-978.0
1093,2507,3305,102,610,6,2,1375,22,64,-1.0,-979.0
1094,2513,3312,101,614,6,2,1376,22,64,-1.0,-980.0
1095,2519,3320,101,618,6,2,1377,22,64,-1.0,-981.0
1096,2525,3327,101,622,6,2,1378,22,64,-1.0,-982.0
1097,2531,3335,100,626,6,2,1379,22,64,-1.0,-983.0
1098,2537,3343,100,630,6,2,1380,22,64,-1.0,-984.0
1099,2543,3350,100,634,6,2,1381,22,64,-1.0,-985.0
1100,2549,3358,99,638,6,2,1382,22,64,-1.0,-986.0
1101,2556,3365,99,642,6,2,1383,22,64,-1.0,-987.0
1102,2563,3373,98,644,6,2,1384,22,64,-1.0,-988.0
1103,2569,3380,98,646,6,2,1385,22,64,-1.0,-989.0
1104,2576,3388,97,648,6,2,1386,22,64,-1.0,-990.0
1105,2583,3395,96,650,6,2,1387,22,64,-1.0,-991.0
1106,2590,3402,96,652,6,2,1388,22,64,-1.0,-992.0
1107,2598,3409,95,654,6,2,1389,22,64,-1.0,-993.0
1108,2605,3416,94,656,6,2,1390,22,64,-1.0,-994.0
1109,2613,3423,93,658,6,2,1391,22,64,-1.0,-995.0
1110,2621,3430,92,660,6,2,1392,22,64,-1.0,-996.0
1111,2629,3436,91,662,6,2,1393,22,64,-1.0,-997.0
1112,2637,3443,90,664,6,2,1394,22,64,-1.0,-998.0
1113,2645,3449,89,666,6,2,1395,22,64,-1.0,-999.0
1114,2653,3455,88,668,6,2,1396,22,64,-1.0,-1000.0
1115,2662,3461,87,670,6,2,1397,22,64,-1.0,-1001.0
1116,2671,3466,86,672,6,2,1398,22,64,-1.0,-1002.0
1117,2680,3472,85,674,6,2,1399,22,64,-1.0,-1003.0
1118,2689,3477,83,676,6,2,1400,23,64,1.0,-1002.0
1119,2699,3481,82,678,6,2,1401,23,64,-1.0,-1003.0
1120,2708,3486,81,680,6,2,1402,23,64,-1.0,-1004.0
1121,2718,3490,80,682,6,2,1403,23,64,-1.0,-1005.0
1122,2728,3494,79,684,6,2,1404,23,64,-1.0,-1006.0
1123,2738,3498,78,686,6,2,1405,23,64,-1.0,-1007.0
1124,2748,3501,77,688,6,2,1406,23,64,-1.0,-1008.0
1125,2758,3505,76,690,6,2,1407,23,64,-1.0,-1009.0
1126,2769,3508,75,692,6,2,1408,23,64,-1.0,-1010.0
1127,2779,3510,74,694,6,2,1409,23,64,-1.0,-1011.0
1128,2790,3513,73,696,6,2,1410,23,64,-1.0,-1012.0
1129,2800,3515,72,698,6,2,1411,23,64,-1.0,-1013.0
1130,2811,3518,72,700,6,2,1412,23,64,-1.0,-1014.0
1131,2822,3520,71,702,6,2,1413,23,64,-1.0,-1015.0
1132,2832,3521,70,704,6,2,1414,23,64,-1.0,-1016.0
1133,2843,3523,70,705,6,2,1415,23,64,-1.0,-1017.0
1134,2854,3525,69,707,6,2,1416,23,64,-1.0,-1018.0
1135,2865,3526,69,708,6,2,1417,23,64,-1.0,-1019.0
1136,2876,3527,69,710,6,2,1418,23,64,-1.0,-1020.0
1137,2887,3529,68,711,6,2,1419,23,64,-1.0,-1021.0
1138,2898,3530,68,713,6,2,1420,23,64,-1.0,-1022.0
1139,2909,3531,68,714,6,2,1421,23,64,-1.0,-1023.0
1140,2920,3532,68,716,6,2,1422,23,64,-1.0,-1024.0
1141,2932,3533,68,717,6,2,1423,23,64,-1.0,-1025.0
1142,2943,3534,68,719,6,2,1424,23,64,-1.0,-1026.0
1143,2954,3535,68,720,6,2,1425,23,64,-1.0,-1027.0
1144,2965,3536,68,722,6,2,1426,23,64,-1.0,-1028.0
1145,2976,3536,68,723,6,2,1427,23,64,-1.0,-1029.0
1146,2988,3537,68,725,6,2,1428,23,64,-1.0,-1030.0
1147,2999,3538,68,726,6,2,1429,23,64,-1.0,-1031.0
1148,3010,3539,68,728,6,2,1430,24,64,1.0,-1030.0
1149,3021,3540,68,729,6,2,1431,24,64,-1.0,-1031.0
1150,3033,3541,68,731,6,2,1432,24,64,-1.0,-1032.0
1151,3044,3542,68,732,6,2,1433,24,64,-1.0,-1033.0
1152,3056,3543,68,734,6,2,1434,24,64,-1.0,-1034.0
1153,3067,3544,68,735,6,2,1435,24,64,-1.0,-1035.0
1154,3078,3545,68,737,6,2,1436,24,64,-1.0,-1036.0
1155,3090,3546,68,738,6,2,1437,24,64,-1.0,-1037.0
1156,3101,3547,68,740,6,2,1438,24,64,-1.0,-1038.0
1157,3113,3548,68,741,6,2,1439,24,64,-1.0,-1039.0
1158,3124,3549,68,743,6,2,1440,24,64,-1.0,-1040.0
1159,3136,3550,68,744,6,2,1441,24,64,-1.0,-1041.0
1160,3148,3550,68,746,6,2,1442,24,64,-1.0,-1042.0
1161,3159,3551,67,747,6,2,1443,24,64,-1.0,-1043.0
1162,3171,3552,67,749,6,2,1444,24,64,-1.0,-1044.0
1163,3182,3553,67,750,6,2,1445,24,64,-1.0,-1045.0
1164,3194,3554,67,752,6,2,1446,24,64,-1.0,-1046.0
1165,3206,3555,67,753,6,2,1447,24,64,-1.0,-1047.0
1166,3218,3556,67,755,6,2,1448,24,64,-1.0,-1048.0
1167,3229,3557,67,756,6,2,1449,24,64,-1.0,-1049.0
1168,3241,3558,67,758,6,2,1450,24,64,-1.0,-1050.0
1169,3253,3558,67,759,6,2,1451,24,64,-1.0,-1051.0
1170,3265,3559,66,761,6,2,1452,24,64,-1.0,-1052.0
1171,3277,3560,66,762,6,2,1453,24,64,-1.0,-1053.0
1172,3289,3560,66,764,6,2,1454,24,64,-1.0,-1054.0
1173,3300,3561,65,765,6,2,1455,24,64,-1.0,-1055.0
1174,3312,3561,65,767,6,2,1456,24,64,-1.0,-1056.0
1175,3324,3561,64,768,6,2,1457,24,64,-1.0,-1057.0
1176,3336,3561,64,769,6,2,1458,25,64,1.0,-1056.0
1177,3348,3561,63,770,6,2,1459,25,64,-1.0,-1057.0
1178,3360,3561,63,771,6,2,1460,25,64,-1.0,-1058.0
1179,3372,3560,62,772,6,2,1461,25,64,-1.0,-1059.0
1180,3384,3559,61,773,6,2,1462,25,64,-1.0,-1060.0
1181,3396,3559,60,774,6,2,1463,25,64,-1.0,-1061.0
1182,3408,3557,59,775,6,2,1464,25,64,-1.0,-1062.0
1183,3420,3556,58,776,6,2,1465,25,64,-1.0,-1063.0
1184,3432,3554,58,777,6,2,1466,25,64,-1.0,-1064.0
1185,3444,3552,56,778,6,2,1467,25,64,-1.0,-1065.0
1186,3456,3550,55,779,6,2,1468,25,64,-1.0,-1066.0
1187,3468,3547,54,780,6,2,1469,25,64,-1.0,-1067.0
1188,3480,3544,53,781,6,2,1470,25,64,-1.0,-1068.0
1189,3492,3541,52,782,6,2,1471,25,64,-1.0,-1069.0
1190,3503,3537,51,783,6,2,1472,25,64,-1.0,-1070.0
1191,3515,3533,50,784,6,2,1473,25,64,-1.0,-1071.0
1192,3526,3529,48,785,6,2,1474,25,64,-1.0,-1072.0
1193,3538,3525,47,786,6,2,1475,25,64,-1.0,-1073.0
1194,3549,3520,46,787,6,2,1476,25,64,-1.0,-1074.0
1195,3560,3514,45,788,6,2,1477,26,64,1.0,-1073.0
1196,3571,3509,44,789,6,2,1478,26,64,-1.0,-1074.0
1197,3582,3503,42,790,6,2,1479,26,64,-1.0,-1075.0
1198,3592,3496,41,791,6,2,1480,26,64,-1.0,-1076.0
1199,3603,3490,40,792,6,2,1481,26,64,-1.0,-1077.0
1200,3613,3483,39,793,6,2,1482,26,64,-1.0,-1078.0
1201,3623,3475,38,794,6,2,1483,26,64,-1.0,-1079.0
1202,3633,3468,36,795,6,2,1484,26,64,-1.0,-1080.0
1203,3642,3460,35,796,6,2,1485,26,64,-1.0,-1081.0
1204,3652,3452,34,797,6,2,1486,26,64,-1.0,-1082.0
1205,3661,3443,33,798,6,2,1487,26,64,-1.0,-1083.0
1206,3670,3435,32,799,6,2,1488,26,64,-1.0,-1084.0
1207,3679,3426,30,800,6,2,1489,26,64,-1.0,-1085.0
1208,3687,3417,29,801,6,2,1490,26,64,-1.0,-1086.0
1209,3695,3407,28,802,6,2,1491,26,64,-1.0,-1087.0
1210,3703,3397,27,803,6,2,1492,26,64,-1.0,-1088.0
1211,3711,3387,26,804,6,2,1493,26,64,-1.0,-1089.0
1212,3718,3377,24,805,6,2,1494,26,64,-1.0,-1090.0
1213,3725,3367,23,806,6,2,1495,26,64,-1.0,-1091.0
1214,3732,3356,22,807,6,2,1496,26,64,-1.0,-1092.0
1215,3738,3345,21,808,6,2,1497,26,64,-1.0,-1093.0
1216,3744,3334,19,809,6,2,1498,26,64,-1.0,-1094.0
1217,3750,3323,18,810,6,2,1499,26,64,-1.0,-1095.0
1218,3755,3311,17,811,6,2,1500,26,64,-1.0,-1096.0
1219,3760,3300,16,812,6,2,1501,26,64,-1.0,-1097.0
1220,3765,3288,15,813,6,2,1502,26,64,-1.0,-1098.0
1221,3769,3276,13,814,6,2,1503,26,64,-1.0,-1099.0
1222,3773,3264,12,815,6,2,1504,26,64,-1.0,-1100.0
1223,3777,3252,11,816,6,2,1505,27,64,1.0,-1099.0
1224,3780,3239,10,817,6,2,1506,27,64,-1.0,-1100.0
1225,3783,3227,9,818,6,2,1507,27,64,-1.0,-1101.0
1226,3786,3215,8,819,6,2,1508,27,64,-1.0,-1102.0
1227,3788,3202,7,820,6,2,1509,27,64,-1.0,-1103.0
1228,3790,3189,6,821,6,2,1510,27,64,-1.0,-1104.0
1229,3792,3177,5,822,6,2,1511,27,64,-1.0,-1105.0
1230,3793,3164,4,823,6,2,1512,27,64,-1.0,-1106.0
1231,3795,3151,4,824,6,2,1513,27,64,-1.0,-1107.0
1232,3796,3138,3,825,6,2,1514,27,64,-1.0,-1108.0
1233,3796,3125,2,826,6,2,1515,27,64,-1.0,-1109.0
1234,3797,3113,2,827,6,2,1516,27,64,-1.0,-1110.0
1235,3798,3100,1,828,6,2,1517,27,64,-1.0,-1111.0
1236,3798,3087,1,829,6,2,1518,27,64,-1.0,-1112.0
1237,3798,3074,0,830,6,2,1519,27,64,-1.0,-1113.0
1238,3798,3061,0,831,6,2,1520,27,64,-1.0,-1114.0
1239,3798,3048,0,832,6,2,1521,27,64,-1.0,-1115.0
1240,3798,3035,0,833,6,2,1522,27,64,-1.0,-1116.0
1241,3798,3022,255,833,6,2,1523,27,64,-1.0,-1117.0
1242,3797,3009,255,834,6,2,1524,27,64,-1.0,-1118.0
1243,3797,2996,255,834,6,2,1525,27,64,-1.0,-1119.0
1244,3797,2983,255,835,6,2,1526,27,64,-1.0,-1120.0
1245,3797,2970,255,835,6,2,1527,27,64,-1.0,-1121.0
1246,3796,2957,255,836,6,2,1528,27,64,-1.0,-1122.0
1247,3796,2944,255,836,6,2,1529,27,64,-1.0,-1123.0
1248,3796,2931,255,837,6,2,1530,27,64,-1.0,-1124.0
1249,3795,2918,255,837,6,2,1531,27,64,-1.0,-1125.0
1250,3795,2905,255,838,6,2,1532,27,64,-1.0,-1126.0
1251,3795,2891,255,838,6,2,1533,27,64,-1.0,-1127.0
1252,3794,2878,255,839,6,2,1534,28,64,1.0,-1126.0
1253,3794,2865,255,839,6,2,1535,28,64,-1.0,-1127.0
1254,3794,2852,255,840,6,2,1536,28,64,-1.0,-1128.0
1255,3793,2839,255,840,6,2,1537,28,64,-1.0,-1129.0
1256,3793,2826,255,841,6,2,1538,28,64,-1.0,-1130.0
1257,3793,2813,255,841,6,2,1539,28,64,-1.0,-1131.0
1258,3792,2800,255,842,6,2,1540,28,64,-1.0,-1132.0
1259,3792,2787,255,842,6,2,1541,28,64,-1.0,-1133.0
1260,3792,2773,255,843,6,2,1542,28,64,-1.0,-1134.0
1261,3792,2760,255,843,6,2,1543,28,64,-1.0,-1135.0
1262,3791,2747,255,844,6,2,1544,28,64,-1.0,-1136.0
1263,3791,2734,255,844,6,2,1545,28,64,-1.0,-1137.0
1264,3791,2721,255,845,6,2,1546,28,64,-1.0,-1138.0
1265,3790,2708,255,845,6,2,1547,28,64,-1.0,-1139.0
1266,3790,2694,255,846,6,2,1548,28,64,-1.0,-1140.0
1267,3790,2681,255,846,6,2,1549,28,64,-1.0,-1141.0
1268,3789,2668,255,847,6,2,1550,28,64,-1.0,-1142.0
1269,3789,2655,255,847,6,2,1551,28,64,-1.0,-1143.0
1270,3789,2642,255,848,6,2,1552,28,64,-1.0,-1144.0
1271,3788,2628,255,848,6,2,1553,28,64,-1.0,-1145.0
1272,3788,2615,255,849,6,2,1554,28,64,-1.0,-1146.0
1273,3788,2602,255,849,6,2,1555,28,64,-1.0,-1147.0
1274,3787,2589,255,850,6,2,1556,28,64,-1.0,-1148.0
1275,3787,2575,255,850,6,2,1557,28,64,-1.0,-1149.0
1276,3787,2562,255,851,6,2,1558,28,64,-1.0,-1150.0
1277,3787,2549,255,851,6,2,1559,29,64,-1.0,-1151.0
1278,3786,2536,255,852,6,2,1560,29,64,-1.0,-1152.0
1279,3786,2522,255,852,6,2,1561,29,64,-1.0,-1153.0
1280,3786,2509,255,853,6,2,1562,29,64,-1.0,-1154.0
1281,3785,2496,255,853,6,2,1563,29,64,-1.0,-1155.0
1282,3785,2482,255,854,6,2,1564,29,64,-1.0,-1156.0
1283,3785,2469,255,854,6,2,1565,29,64,-1.0,-1157.0
1284,3784,2456,255,855,6,2,1566,29,64,-1.0,-1158.0
1285,3784,2442,255,855,6,2,1567,29,64,-1.0,-1159.0
1286,3784,2429,255,856,6,2,1568,29,64,-1.0,-1160.0
1287,3783,2416,255,856,6,2,1569,29,64,-1.0,-1161.0
1288,3783,2402,255,857,6,2,1570,29,64,-1.0,-1162.0
1289,3783,2389,255,857,6,2,1571,29,64,-1.0,-1163.0
1290,3782,2376,255,858,6,2,1572,29,64,-1.0,-1164.0
1291,3782,2362,255,858,6,2,1573,29,64,-1.0,-1165.0
1292,3782,2349,255,859,6,2,1574,29,64,-1.0,-1166.0
1293,3782,2335,255,859,6,2,1575,29,64,-1.0,-1167.0
1294,3781,2322,255,860,6,2,1576,29,64,-1.0,-1168.0
1295,3781,2308,255,860,6,2,1577,29,64,-1.0,-1169.0
1296,3781,2295,255,861,6,2,1578,29,64,-1.0,-1170.0
1297,3780,2282,255,861,6,2,1579,29,64,-1.0,-1171.0
1298,3780,2268,255,862,6,2,1580,29,64,-1.0,-1172.0
1299,3780,2255,255,862,6,2,1581,29,64,-1.0,-1173.0
1300,3779,2241,255,863,6,2,1582,29,64,-1.0,-1174.0
1301,3779,2228,255,863,6,2,1583,0,64,1.0,-1173.0
1302,3779,2214,255,864,6,2,1584,0,64,1.0,-1172.0
