time,kart1_X,kart1_Y,kart1_direction,kart1_speed,DrivingMode,GameMode,getFrame,current_checkpoint,surface,lap,reward,total_reward,phi,phidot,acceleration
0,3712,2288,0,0,4,2,282,29,64,127,0.0,0.0,0.0,0.0,0.0
1,3712,2288,0,0,4,2,283,29,64,127,0.0,0.0,0.0,0.0,0.0
2,3712,2288,0,0,4,2,284,29,64,127,0.0,0.0,0.0,0.0,0.0
3,3712,2288,0,0,4,2,285,29,64,127,0.0,0.0,0.0,0.0,0.0
4,3712,2288,0,0,4,2,286,29,64,127,0.0,0.0,0.0,0.0,0.0
5,3712,2288,0,0,4,2,287,29,64,127,0.0,0.0,0.0,0.0,0.0
6,3712,2288,0,0,4,2,288,29,64,127,0.0,0.0,0.0,0.0,0.0
7,3712,2288,0,0,4,2,289,29,64,127,0.0,0.0,0.0,0.0,0.0
8,3712,2288,0,0,4,2,290,29,64,127,0.0,0.0,0.0,0.0,0.0
9,3712,2288,0,0,4,2,291,29,64,127,0.0,0.0,0.0,0.0,0.0
10,3712,2288,0,0,4,2,292,29,64,127,0.0,0.0,0.0,0.0,0.0
11,3712,2288,0,0,4,2,293,29,64,127,0.0,0.0,0.0,0.0,0.0
12,3712,2288,0,0,4,2,294,29,64,127,0.0,0.0,0.0,0.0,0.0
13,3712,2288,0,0,4,2,295,29,64,127,0.0,0.0,0.0,0.0,0.0
14,3712,2288,0,0,4,2,296,29,64,127,0.0,0.0,0.0,0.0,0.0
15,3712,2288,0,0,4,2,297,29,64,127,0.0,0.0,0.0,0.0,0.0
16,3712,2288,0,0,4,2,298,29,64,127,0.0,0.0,0.0,0.0,0.0
17,3712,2288,0,0,4,2,299,29,64,127,0.0,0.0,0.0,0.0,0.0
18,3712,2288,0,0,4,2,300,29,64,127,0.0,0.0,0.0,0.0,0.0
19,3712,2288,0,0,4,2,301,29,64,127,0.0,0.0,0.0,0.0,0.0
20,3712,2288,0,0,4,2,302,29,64,127,0.0,0.0,0.0,0.0,0.0
21,3712,2288,0,0,4,2,303,29,64,127,0.0,0.0,0.0,0.0,0.0
22,3712,2288,0,0,4,2,304,29,64,127,0.0,0.0,0.0,0.0,0.0
23,3712,2288,0,0,4,2,305,29,64,127,0.0,0.0,0.0,0.0,0.0
24,3712,2288,0,0,4,2,306,29,64,127,0.0,0.0,0.0,0.0,0.0
25,3712,2288,0,0,4,2,307,29,64,127,0.0,0.0,0.0,0.0,0.0
26,3712,2288,0,0,4,2,308,29,64,127,0.0,0.0,0.0,0.0,0.0
27,3712,2288,0,0,4,2,309,29,64,127,0.0,0.0,0.0,0.0,0.0
28,3712,2288,0,0,4,2,310,29,64,127,0.0,0.0,0.0,0.0,0.0
29,3712,2288,0,0,4,2,311,29,64,127,0.0,0.0,0.0,0.0,0.0
30,3712,2288,0,0,4,2,312,29,64,127,0.0,0.0,0.0,0.0,0.0
31,3712,2288,0,0,4,2,313,29,64,127,0.0,0.0,0.0,0.0,0.0
32,3712,2288,0,0,4,2,314,29,64,127,0.0,0.0,0.0,0.0,0.0
33,3712,2288,0,0,4,2,315,29,64,127,0.0,0.0,0.0,0.0,0.0
34,3712,2288,0,0,4,2,316,29,64,127,0.0,0.0,0.0,0.0,0.0
35,3712,2288,0,0,4,2,317,29,64,127,0.0,0.0,0.0,0.0,0.0
36,3712,2288,0,0,4,2,318,29,64,127,0.0,0.0,0.0,0.0,0.0
37,3712,2288,0,0,4,2,319,29,64,127,0.0,0.0,0.0,0.0,0.0
38,3712,2288,0,0,4,2,320,29,64,127,0.0,0.0,0.0,0.0,0.0
39,3712,2288,0,0,4,2,321,29,64,127,0.0,0.0,0.0,0.0,0.0
40,3712,2288,0,0,4,2,322,29,64,127,0.0,0.0,0.0,0.0,0.0
41,3712,2288,0,0,4,2,323,29,64,127,0.0,0.0,0.0,0.0,0.0
42,3712,2288,0,0,4,2,324,29,64,127,0.0,0.0,0.0,0.0,0.0
43,3712,2288,0,0,4,2,325,29,64,127,0.0,0.0,0.0,0.0,0.0
44,3712,2288,0,0,4,2,326,29,64,127,0.0,0.0,0.0,0.0,0.0
45,3712,2288,0,0,4,2,327,29,64,127,0.0,0.0,0.0,0.0,0.0
46,3712,2288,0,0,4,2,328,29,64,127,0.0,0.0,0.0,0.0,0.0
47,3712,2288,0,0,4,2,329,29,64,127,0.0,0.0,0.0,0.0,0.0
48,3712,2288,0,0,4,2,330,29,64,127,0.0,0.0,0.0,0.0,0.0
49,3712,2288,0,0,4,2,331,29,64,127,0.0,0.0,0.0,0.0,0.0
50,3712,2288,0,0,4,2,332,29,64,127,0.0,0.0,0.0,0.0,0.0
51,3712,2288,0,0,4,2,333,29,64,127,0.0,0.0,0.0,0.0,0.0
52,3712,2288,0,0,4,2,334,29,64,127,0.0,0.0,0.0,0.0,0.0
53,3712,2288,0,0,4,2,335,29,64,127,0.0,0.0,0.0,0.0,0.0
54,3712,2288,0,0,6,2,336,29,64,127,0.0,0.0,0.0,0.0,0.0
55,3712,2288,0,0,6,2,337,29,64,127,0.0,0.0,0.0,0.0,0.0
56,3712,2288,0,2,6,2,338,29,64,127,0.0,0.0,0.0,0.0,2.0
57,3712,2287,0,4,6,2,339,29,64,127,0.0,0.0,0.0,0.0,2.0
58,3712,2287,0,6,6,2,340,29,64,127,0.0,0.0,0.0,0.0,2.0
59,3712,2287,0,8,6,2,341,29,64,127,0.0,0.0,0.0,0.0,2.0
60,3712,2287,0,10,6,2,342,29,64,127,0.0,0.0,0.0,0.0,2.0
61,3712,2287,0,12,6,2,343,29,64,127,0.0,0.0,0.0,0.0,2.0
62,3712,2287,0,14,6,2,344,29,64,127,0.0,0.0,0.0,0.0,2.0
63,3712,2287,0,16,6,2,345,29,64,127,0.0,0.0,0.0,0.0,2.0
64,3712,2287,0,18,6,2,346,29,64,127,0.0,0.0,0.0,0.0,2.0
65,3712,2286,0,20,6,2,347,29,64,127,0.0,0.0,0.0,0.0,2.0
66,3712,2286,0,22,6,2,348,29,64,127,0.0,0.0,0.0,0.0,2.0
67,3712,2286,0,24,6,2,349,29,64,127,0.0,0.0,0.0,0.0,2.0
68,3712,2285,1,26,6,2,350,29,64,127,0.0,0.0,0.0,0.0,2.0
69,3712,2285,1,28,6,2,351,29,64,127,-1.0,-1.0,0.0,0.0,2.0
70,3712,2284,1,30,6,2,352,29,64,127,-1.0,-2.0,0.0,0.0,2.0
71,3712,2284,1,32,6,2,353,29,64,127,-1.0,-3.0,0.0,0.0,2.0
72,3712,2284,1,34,6,2,354,29,64,127,-1.0,-4.0,0.0,0.0,2.0
73,3712,2283,1,36,6,2,355,29,64,127,-1.0,-5.0,0.0,0.0,2.0
74,3712,2282,1,38,6,2,356,29,64,127,-1.0,-6.0,0.0,0.0,2.0
75,3712,2282,1,40,6,2,357,29,64,127,-1.0,-7.0,0.0,0.0,2.0
76,3712,2281,1,42,6,2,358,29,64,127,-1.0,-8.0,0.0,0.0,2.0
77,3712,2281,1,44,6,2,359,29,64,127,-1.0,-9.0,0.0,0.0,2.0
78,3712,2280,1,46,6,2,360,29,64,127,-1.0,-10.0,0.0,0.0,2.0
79,3712,2279,1,48,6,2,361,29,64,127,-1.0,-11.0,0.0,0.0,2.0
80,3712,2279,1,50,6,2,362,29,64,127,-1.0,-12.0,0.0,0.0,2.0
81,3712,2278,1,52,6,2,363,29,64,127,-1.0,-13.0,0.0,0.0,2.0
82,3712,2277,1,54,6,2,364,29,64,127,-1.0,-14.0,0.0,0.0,2.0
83,3712,2276,1,56,6,2,365,29,64,127,-1.0,-15.0,0.0,0.0,2.0
84,3712,2275,1,58,6,2,366,29,64,127,-1.0,-16.0,0.0,0.0,2.0
85,3712,2274,1,60,6,2,367,29,64,127,-1.0,-17.0,0.0,0.0,2.0
86,3712,2273,1,62,6,2,368,29,64,127,-1.0,-18.0,0.0,0.0,2.0
87,3712,2272,1,64,6,2,369,29,64,127,-1.0,-19.0,0.0,0.0,2.0
88,3712,2272,1,70,6,2,370,29,64,127,-1.0,-20.0,0.0,0.0,6.0
89,3712,2270,1,76,6,2,371,29,64,127,-1.0,-21.0,0.0,0.0,6.0
90,3712,2269,1,82,6,2,372,29,64,127,-1.0,-22.0,0.0,0.0,6.0
91,3712,2268,2,88,6,2,373,29,64,127,-1.0,-23.0,0.0,0.0,6.0
92,3712,2267,2,94,6,2,374,29,64,127,-1.0,-24.0,0.0,0.0,6.0
93,3712,2265,1,100,6,2,375,29,64,127,-1.0,-25.0,0.0,0.0,6.0
94,3712,2264,1,106,6,2,376,29,64,127,-1.0,-26.0,0.0,0.0,6.0
95,3712,2262,2,112,6,2,377,29,64,127,-1.0,-27.0,0.0,0.0,6.0
96,3712,2260,2,118,6,2,378,29,64,127,-1.0,-28.0,0.0,0.0,6.0
97,3712,2258,1,124,6,2,379,29,64,127,-1.0,-29.0,0.0,0.0,6.0
98,3712,2257,1,130,6,2,380,29,64,127,-1.0,-30.0,0.0,0.0,6.0
99,3712,2254,1,134,6,2,381,29,64,127,-1.0,-31.0,0.0,0.0,4.0
100,3712,2252,1,138,6,2,382,29,64,127,-1.0,-32.0,0.0,0.0,4.0
101,3712,2250,1,142,6,2,383,29,64,127,-1.0,-33.0,0.0,0.0,4.0
102,3712,2248,1,146,6,2,384,29,64,127,-1.0,-34.0,0.0,0.0,4.0
103,3712,2246,1,150,6,2,385,29,64,127,-1.0,-35.0,0.0,0.0,4.0
104,3712,2243,1,154,6,2,386,29,64,127,-1.0,-36.0,0.0,0.0,4.0
105,3712,2241,1,158,6,2,387,29,64,127,-1.0,-37.0,0.0,0.0,4.0
106,3712,2239,0,162,6,2,388,0,64,128,1.0,-36.0,0.0,0.0,4.0
107,3712,2236,0,166,6,2,389,0,64,128,-1.0,-37.0,0.0,0.0,4.0
108,3712,2234,0,170,6,2,390,0,64,128,-1.0,-38.0,0.0,0.0,4.0
109,3712,2231,255,174,6,2,391,0,64,128,-1.0,-39.0,0.0,0.0,4.0
110,3712,2228,255,178,6,2,392,0,64,128,-1.0,-40.0,0.0,0.0,4.0
111,3712,2225,255,182,6,2,393,0,64,128,-1.0,-41.0,0.0,0.0,4.0
112,3712,2223,255,186,6,2,394,0,64,128,-1.0,-42.0,0.0,0.0,4.0
113,3712,2220,255,190,6,2,395,0,64,128,-1.0,-43.0,0.0,0.0,4.0
114,3712,2217,255,194,6,2,396,0,64,128,-1.0,-44.0,0.0,0.0,4.0
115,3712,2214,255,202,6,2,397,0,64,128,-1.0,-45.0,0.0,0.0,8.0
116,3711,2211,255,210,6,2,398,0,64,128,-1.0,-46.0,0.0,0.0,8.0
117,3711,2207,254,218,6,2,399,0,64,128,-1.0,-47.0,0.0,0.0,8.0
118,3711,2204,254,226,6,2,400,0,64,128,-1.0,-48.0,0.0,-0.0281392681444,8.0
119,3711,2200,254,234,6,2,401,0,64,128,-1.0,-49.0,-0.0562785362888,-0.0273698900249,8.0
120,3711,2197,254,242,6,2,402,0,64,128,-1.0,-50.0,-0.0547397800499,0.00184773733894,8.0
121,3710,2193,254,250,6,2,403,0,64,128,-1.0,-51.0,-0.0525830616109,0.00207503564025,8.0
122,3710,2189,254,258,6,2,404,0,64,128,-1.0,-52.0,-0.0505897087694,0.00192060515048,8.0
123,3710,2185,254,270,6,2,405,0,64,128,-1.0,-53.0,-0.0487418513099,0.00178278846332,12.0
124,3710,2181,254,282,6,2,406,0,64,128,-1.0,-54.0,-0.0470241318428,-0.00400765325607,12.0
125,3710,2177,254,294,6,2,407,0,64,128,-1.0,-55.0,-0.0567571578221,-0.00363514003278,12.0
126,3709,2172,254,306,6,2,408,0,64,128,-1.0,-56.0,-0.0542944119083,0.0073383751901,12.0
127,3709,2167,255,318,6,2,409,0,64,128,-1.0,-57.0,-0.0420804074419,0.00675036452024,12.0
128,3709,2162,255,330,6,2,410,0,64,128,-1.0,-58.0,-0.0407936828678,0.00144240275742,12.0
129,3709,2157,255,342,6,2,411,0,64,128,-1.0,-59.0,-0.0391956019271,-0.00295066058775,12.0
130,3708,2152,255,354,6,2,412,0,64,128,-1.0,-60.0,-0.0466950040433,-0.00290950692373,12.0
131,3708,2146,255,366,6,2,413,0,64,128,-1.0,-61.0,-0.0450146157745,0.00581083675505,12.0
132,3708,2141,255,378,6,2,414,0,64,128,-1.0,-62.0,-0.0350733305332,0.0055646429352,12.0
133,3708,2135,255,390,6,2,415,0,64,128,-1.0,-63.0,-0.0338853299041,-0.00294367650054,12.0
134,3708,2129,255,402,6,2,416,0,64,128,-1.0,-64.0,-0.0409606835343,-0.0028882000095,12.0
135,3707,2122,255,414,6,2,417,0,64,128,-1.0,-65.0,-0.0396617299231,0.00498143182604,12.0
136,3707,2116,255,426,6,2,418,0,64,128,-1.0,-66.0,-0.0309978198822,0.000900521329245,12.0
137,3707,2109,255,438,6,2,419,0,64,128,-1.0,-67.0,-0.0378606872646,-0.00654561875791,12.0
138,3707,2102,255,450,6,2,420,0,64,128,-1.0,-68.0,-0.0440890573981,-0.00604885422865,12.0
139,3706,2095,255,458,6,2,421,0,64,128,-1.0,-69.0,-0.0499583957219,-0.00258342229314,8.0
140,3706,2088,254,466,6,2,422,0,64,128,-1.0,-70.0,-0.0492559019843,0.000692760207905,8.0
141,3706,2081,254,474,6,2,423,0,64,128,-1.0,-71.0,-0.0485728753061,-0.00594613033247,8.0
142,3705,2074,254,482,6,2,424,0,64,128,-1.0,-72.0,-0.0611481626493,-0.00922036136934,8.0
143,3705,2066,254,490,6,2,425,0,64,128,-1.0,-73.0,-0.0670135980448,-0.00227331945159,8.0
144,3704,2058,253,498,6,2,426,0,64,128,-1.0,-74.0,-0.0656948015525,-0.00191768074991,8.0
145,3704,2051,253,506,6,2,427,0,64,128,-1.0,-75.0,-0.0708489595446,-0.0116209698687,8.0
146,3703,2043,252,514,6,2,428,0,64,128,-1.0,-76.0,-0.0889367412899,-0.0144098464733,8.0
147,3702,2035,252,522,6,2,429,0,64,128,-1.0,-77.0,-0.0996686524912,-0.00780943034524,8.0
148,3702,2027,252,530,6,2,430,0,64,128,-1.0,-78.0,-0.10455560198,-0.00818604837688,8.0
149,3701,2018,251,538,6,2,431,0,64,128,-1.0,-79.0,-0.116040749245,-0.0136033322488,8.0
150,3700,2010,251,546,6,2,432,0,64,128,-1.0,-80.0,-0.131762266478,-0.0154115759664,8.0
151,3698,2002,250,554,6,2,433,0,64,128,-1.0,-81.0,-0.146863901178,-0.012419805252,8.0
152,3697,1993,249,562,6,2,434,0,64,128,-1.0,-82.0,-0.156601876982,-0.0152225374222,8.0
153,3696,1985,249,570,6,2,435,0,64,128,-1.0,-83.0,-0.177308976022,-0.0209493273969,8.0
154,3694,1976,248,578,6,2,436,0,64,128,-1.0,-84.0,-0.198500531776,-0.0188529528627,8.0
155,3692,1967,247,582,6,2,437,0,64,128,-1.0,-85.0,-0.215014881747,-0.0185222244725,4.0
156,3690,1958,246,586,6,2,438,0,64,128,-1.0,-86.0,-0.235544980721,-0.0203150217652,4.0
157,3688,1949,245,590,6,2,439,0,64,128,-1.0,-87.0,-0.255644925278,-0.0224959055087,4.0
158,3685,1940,244,594,6,2,440,0,64,128,-1.0,-88.0,-0.280536791738,-0.0245790496561,4.0
159,3683,1931,243,598,6,2,441,0,64,128,-1.0,-89.0,-0.30480302459,-0.0231449305958,4.0
160,3680,1923,242,602,6,2,442,0,64,128,-1.0,-90.0,-0.32682665293,-0.0244885222838,4.0
161,3676,1914,241,606,6,2,443,0,64,128,-1.0,-91.0,-0.353780069158,-0.0268398620912,4.0
162,3673,1905,240,610,6,2,444,0,64,128,-1.0,-92.0,-0.380506377112,-0.0265953581054,4.0
163,3669,1896,239,614,6,2,445,0,64,128,-1.0,-93.0,-0.406970785369,-0.0286929020821,4.0
164,3665,1887,238,618,6,2,446,0,64,128,-1.0,-94.0,-0.437892181277,-0.0306585807775,4.0
165,3661,1879,236,622,6,2,447,0,64,128,-1.0,-95.0,-0.468287946924,-0.0278501955028,4.0
166,3656,1870,235,626,6,2,448,0,64,128,-1.0,-96.0,-0.493592572282,-0.0263838883569,4.0
167,3652,1862,234,630,6,2,449,0,64,128,-1.0,-97.0,-0.521055723638,-0.0273572910555,4.0
168,3646,1853,233,634,6,2,450,1,64,128,1.0,-96.0,-0.548307154393,-0.0271268132704,4.0
169,3641,1845,232,638,6,2,451,1,64,128,-1.0,-97.0,-0.575309350178,-0.0268598875405,4.0
170,3635,1837,231,642,6,2,452,1,64,128,-1.0,-98.0,-0.602026929474,-0.02655876181,4.0
171,3629,1829,229,644,6,2,453,1,64,128,-1.0,-99.0,-0.628426873798,-0.0281992221546,2.0
172,3623,1821,228,646,6,2,454,1,64,128,-1.0,-100.0,-0.658425373783,-0.027427116733,2.0
173,3617,1813,227,648,6,2,455,1,64,128,-1.0,-101.0,-0.683281107264,-0.0248311977173,2.0
174,3610,1805,226,650,6,2,456,1,64,128,-1.0,-102.0,-0.708087769218,-0.0249498794768,2.0
175,3604,1798,225,652,6,2,457,1,64,128,-1.0,-103.0,-0.733180866218,-0.024769878793,2.0
176,3596,1790,224,654,6,2,458,1,64,128,-1.0,-104.0,-0.757627526804,-0.0243785516884,2.0
177,3589,1783,223,656,6,2,459,1,64,128,-1.0,-105.0,-0.781937969595,-0.0242286701866,2.0
178,3582,1776,222,658,6,2,460,1,64,128,-1.0,-106.0,-0.806084867177,-0.0258493024904,2.0
179,3574,1769,221,660,6,2,461,1,64,128,-1.0,-107.0,-0.833636574575,-0.0256766808035,2.0
180,3566,1762,220,662,6,2,462,1,64,128,-1.0,-108.0,-0.857438228784,-0.0221401049709,2.0
181,3558,1756,219,664,6,2,463,1,64,128,-1.0,-109.0,-0.877916784517,-0.0223342595687,2.0
182,3550,1749,219,666,6,2,464,1,64,128,-1.0,-110.0,-0.902106747922,-0.0237267540234,2.0
183,3542,1743,218,668,6,2,465,1,64,128,-1.0,-111.0,-0.925370292564,-0.0217103073447,2.0
184,3533,1737,217,670,6,2,466,1,64,128,-1.0,-112.0,-0.945527362611,-0.0207017197329,2.0
185,3525,1731,216,672,6,2,467,1,64,128,-1.0,-113.0,-0.96677373203,-0.0186331803181,2.0
186,3516,1725,215,674,6,2,468,1,64,128,-1.0,-114.0,-0.982793723247,-0.0159144753786,2.0
187,3507,1720,215,676,6,2,469,1,64,128,-1.0,-115.0,-0.998602682787,-0.0164630862363,2.0
188,3498,1714,214,678,6,2,470,1,64,128,-1.0,-116.0,-1.01571989572,-0.01507538427,2.0
189,3489,1709,213,680,6,2,471,1,64,128,-1.0,-117.0,-1.02875345133,-0.0129916536397,2.0
190,3480,1704,213,682,6,2,472,1,64,128,-1.0,-118.0,-1.041703203,-0.0129061024281,2.0
191,3470,1698,213,684,6,2,473,1,64,128,-1.0,-119.0,-1.05456565618,-0.0107703464852,2.0
192,3461,1693,212,686,6,2,474,1,64,128,-1.0,-120.0,-1.06324389597,-0.00751122349324,2.0
193,3452,1688,212,688,6,2,475,1,64,128,-1.0,-121.0,-1.06958810317,-0.00838580381987,2.0
194,3442,1683,212,690,6,2,476,1,64,128,-1.0,-122.0,-1.08001550361,-0.00944529251381,2.0
195,3433,1678,212,692,6,2,477,1,64,128,-1.0,-123.0,-1.0884786882,-0.00735574643128,2.0
196,3423,1673,211,694,6,2,478,1,64,128,-1.0,-124.0,-1.09472699647,-0.00623588093337,2.0
197,3413,1668,211,696,6,2,479,1,64,128,-1.0,-125.0,-1.10095045006,-0.00415325910743,2.0
198,3404,1663,211,698,6,2,480,2,64,128,1.0,-124.0,-1.10303351469,-0.0010415323115,2.0
199,3394,1659,211,700,6,2,481,2,64,128,-1.0,-125.0,-1.10303351469,-0.00103301282375,2.0
200,3384,1654,211,702,6,2,482,2,64,128,-1.0,-126.0,-1.10509954033,-0.00205760155356,2.0
201,3374,1649,211,704,6,2,483,2,64,128,-1.0,-127.0,-1.10714871779,0.0,2.0
202,3364,1644,211,705,6,2,484,2,64,128,-1.0,-128.0,-1.10509954033,0.0010245887298,1.0
203,3355,1639,211,707,6,2,485,2,84,128,-1.0,-129.0,-1.10509954033,0.00101205988407,2.0
204,3345,1634,211,691,6,2,486,2,64,128,-1.0,-130.0,-1.10307542057,0.00407727501717,-16.0
205,3335,1629,211,693,6,2,487,2,64,128,-1.0,-131.0,-1.0969449903,0.0041105826252,2.0
206,3325,1624,212,695,6,2,488,2,64,128,-1.0,-132.0,-1.09485425532,0.0010453674921,2.0
207,3316,1619,212,697,6,2,489,2,64,128,-1.0,-133.0,-1.09485425532,0.0,2.0
208,3306,1614,212,699,6,2,490,2,64,128,-1.0,-134.0,-1.09485425532,0.002031998198,2.0
209,3296,1609,212,701,6,2,491,2,64,128,-1.0,-135.0,-1.09079025892,0.00512135231553,2.0
210,3287,1604,212,703,6,2,492,2,84,128,-1.0,-136.0,-1.08461155068,0.00416394159073,2.0
211,3277,1599,212,687,6,2,493,2,64,128,-1.0,-137.0,-1.08246237574,0.00107458747319,-16.0
212,3267,1594,212,689,6,2,494,2,64,128,-1.0,-138.0,-1.08246237574,0.00108335288026,2.0
213,3258,1589,213,691,6,2,495,3,64,128,1.0,-137.0,-1.08029566998,0.00421392142541,2.0
214,3248,1583,213,693,6,2,496,3,64,128,-1.0,-138.0,-1.07403453289,0.00515995157377,2.0
215,3239,1578,213,695,6,2,497,3,64,128,-1.0,-139.0,-1.06997576683,0.00202938302862,2.0
216,3229,1573,213,697,6,2,498,3,84,128,-1.0,-140.0,-1.06997576683,0.00111286894089,2.0
217,3220,1568,213,681,6,2,499,3,64,128,-1.0,-141.0,-1.06775002895,0.00223481406746,-16.0
218,3211,1563,213,683,6,2,500,3,64,128,-1.0,-142.0,-1.0655061387,0.00112194512656,2.0
219,3201,1557,213,685,6,2,501,3,64,128,-1.0,-143.0,-1.0655061387,-5.10702591328e-15,2.0
220,3192,1552,213,687,6,2,502,3,64,128,-1.0,-144.0,-1.0655061387,-4.66293670343e-15,2.0
221,3182,1547,213,689,6,2,503,3,64,128,-1.0,-145.0,-1.0655061387,4.4408920985e-16,2.0
222,3173,1542,213,691,6,2,504,3,64,128,-1.0,-146.0,-1.0655061387,0.00090415814648,2.0
223,3164,1537,213,693,6,2,505,3,64,128,-1.0,-147.0,-1.0636978224,-0.000214408220134,2.0
224,3154,1531,213,695,6,2,506,3,64,128,-1.0,-148.0,-1.06593495514,-0.00313897221393,2.0
225,3145,1526,213,697,6,2,507,3,64,128,-1.0,-149.0,-1.06997576683,0.0,2.0
226,3135,1521,213,699,6,2,508,3,64,128,-1.0,-150.0,-1.06593495514,0.002916651197,2.0
227,3126,1516,213,701,6,2,509,3,64,128,-1.0,-151.0,-1.06414246444,0.00178140292042,2.0
228,3116,1510,213,703,6,2,510,3,64,128,-1.0,-152.0,-1.06237214929,0.000885157570747,2.0
229,3106,1505,213,705,6,2,511,3,64,128,-1.0,-153.0,-1.06237214929,-0.0011029772852,2.0
230,3097,1500,213,707,6,2,512,3,64,128,-1.0,-154.0,-1.06457810387,0.00087426883664,2.0
231,3087,1494,213,708,6,2,513,3,64,128,-1.0,-155.0,-1.06062361162,0.00394578004404,1.0
232,3077,1489,213,710,6,2,514,3,64,128,-1.0,-156.0,-1.05668654378,0.000863574546687,2.0
233,3068,1483,213,711,6,2,515,3,64,128,-1.0,-157.0,-1.05889646253,-0.00110495937551,1.0
234,3058,1478,213,713,6,2,516,3,64,128,-1.0,-158.0,-1.05889646253,0.000853070228056,2.0
235,3048,1472,213,714,6,2,517,3,64,128,-1.0,-159.0,-1.05719032207,0.000853070228061,1.0
236,3039,1467,213,716,6,2,518,3,64,128,-1.0,-160.0,-1.05719032207,0.00110154037689,2.0
237,3029,1461,213,717,6,2,519,3,64,128,-1.0,-161.0,-1.05498724132,0.0,1.0
238,3019,1456,213,719,6,2,520,3,64,128,-1.0,-162.0,-1.05719032207,-0.00219454340534,2.0
239,3009,1450,213,720,6,2,521,3,64,128,-1.0,-163.0,-1.05937632813,-0.00109300302845,1.0
240,2999,1445,213,722,6,2,522,3,64,128,-1.0,-164.0,-1.05937632813,-0.00108455422269,2.0
241,2990,1439,213,723,6,2,523,3,64,128,-1.0,-165.0,-1.06154543657,-0.00216074713675,1.0
242,2980,1434,213,725,6,2,524,3,64,128,-1.0,-166.0,-1.0636978224,0.000849343138081,2.0
243,2970,1428,213,726,6,2,525,3,64,128,-1.0,-167.0,-1.0598467503,0.00192553605214,1.0
244,2960,1423,213,728,6,2,526,3,64,128,-1.0,-168.0,-1.0598467503,-5.55111512313e-16,2.0
245,2950,1417,213,729,6,2,527,3,64,128,-1.0,-169.0,-1.0598467503,0.00083921671396,1.0
246,2940,1412,213,731,6,2,528,3,64,128,-1.0,-170.0,-1.05816831687,-0.000230627289917,2.0
247,2930,1406,213,732,6,2,529,3,64,128,-1.0,-171.0,-1.06030800488,-0.00106984400388,1.0
248,2920,1400,213,734,6,2,530,3,64,128,-1.0,-172.0,-1.06030800488,0.00189910967634,2.0
249,2910,1395,213,735,6,2,531,3,64,128,-1.0,-173.0,-1.05650978553,0.00379010326997,1.0
250,2900,1389,213,737,6,2,532,3,64,128,-1.0,-174.0,-1.05272779834,0.00189099359363,2.0
251,2890,1383,213,738,6,2,533,3,64,128,-1.0,-175.0,-1.05272779834,-4.32986979604e-15,1.0
252,2880,1378,213,740,6,2,534,3,64,128,-1.0,-176.0,-1.05272779834,4.32986979604e-15,2.0
253,2870,1372,213,741,6,2,535,4,64,128,1.0,-175.0,-1.05272779834,0.000806602189059,1.0
254,2860,1366,213,743,6,2,536,4,64,128,-1.0,-176.0,-1.05111459396,-0.000261633315683,2.0
255,2850,1360,213,744,6,2,537,4,64,128,-1.0,-177.0,-1.05325106497,-0.00294158059873,1.0
256,2840,1355,213,746,6,2,538,4,64,128,-1.0,-178.0,-1.05699775516,-4.88498130835e-15,2.0
257,2830,1349,213,747,6,2,539,4,64,128,-1.0,-179.0,-1.05325106497,0.00373873242046,1.0
258,2820,1343,213,749,6,2,540,4,64,128,-1.0,-180.0,-1.04952029032,0.000800426210589,2.0
259,2809,1337,213,750,6,2,541,4,64,128,-1.0,-181.0,-1.05165021255,-0.00212204199337,1.0
260,2799,1332,213,752,6,2,542,4,64,128,-1.0,-182.0,-1.0537643743,0.000791138580273,2.0
261,2789,1326,213,753,6,2,543,4,64,128,-1.0,-183.0,-1.05006793539,0.000794337864361,1.0
262,2779,1320,213,755,6,2,544,4,64,128,-1.0,-184.0,-1.05217569857,-0.00393905081793,2.0
263,2769,1314,213,756,6,2,545,4,64,128,-1.0,-185.0,-1.05794603702,-0.00184361630088,1.0
264,2758,1308,213,758,6,2,546,4,64,128,-1.0,-186.0,-1.05586293118,0.00288516922453,2.0
265,2748,1302,213,759,6,2,547,4,64,128,-1.0,-187.0,-1.05217569857,0.00262882516356,1.0
266,2738,1296,213,761,6,2,548,4,64,128,-1.0,-188.0,-1.05060528085,-0.000257819005969,2.0
267,2727,1291,213,762,6,2,549,4,64,128,-1.0,-189.0,-1.05269133659,-0.00207847742388,1.0
268,2717,1285,213,764,6,2,550,4,64,128,-1.0,-190.0,-1.0547622357,5.55111512313e-16,2.0
269,2707,1279,213,765,6,2,551,4,64,128,-1.0,-191.0,-1.05269133659,0.00103544955523,1.0
270,2696,1273,213,767,6,2,552,4,64,128,-1.0,-192.0,-1.05269133659,-0.00103544955523,2.0
271,2686,1267,213,768,6,2,553,4,64,128,-1.0,-193.0,-1.0547622357,0.000779361167828,1.0
272,2675,1261,213,769,6,2,554,4,64,128,-1.0,-194.0,-1.05113261425,0.00362211551706,1.0
273,2665,1255,213,770,6,2,555,4,64,128,-1.0,-195.0,-1.04751800466,0.000770535475352,1.0
274,2655,1249,213,771,6,2,556,4,64,128,-1.0,-196.0,-1.0495915433,-0.00206610394273,1.0
275,2644,1243,213,772,6,2,557,4,64,128,-1.0,-197.0,-1.05165021255,-0.00102933462408,1.0
276,2634,1237,213,773,6,2,558,4,64,128,-1.0,-198.0,-1.05165021255,0.0,1.0
277,2623,1231,213,774,6,2,559,4,64,128,-1.0,-199.0,-1.05165021255,0.0,1.0
278,2613,1225,213,775,6,2,560,4,64,128,-1.0,-200.0,-1.05165021255,-0.00102197098358,1.0
279,2602,1219,213,776,6,2,561,4,64,128,-1.0,-201.0,-1.05369415452,-0.00102197098358,1.0
280,2591,1213,213,777,6,2,562,4,64,128,-1.0,-202.0,-1.05369415452,4.66293670343e-15,1.0
281,2581,1207,213,778,6,2,563,4,64,128,-1.0,-203.0,-1.05369415452,-0.00101467763028,1.0
282,2570,1201,213,779,6,2,564,4,64,128,-1.0,-204.0,-1.05572350978,-0.00101467763029,1.0
283,2560,1195,213,780,6,2,565,4,64,128,-1.0,-205.0,-1.05572350978,0.0,1.0
284,2549,1189,213,781,6,2,566,5,64,128,1.0,-204.0,-1.05572350978,-4.66293670343e-15,1.0
285,2539,1183,213,782,6,2,567,5,64,128,-1.0,-205.0,-1.05572350978,-4.66293670343e-15,1.0
286,2528,1177,213,783,6,2,568,5,64,128,-1.0,-206.0,-1.05572350978,0.00178258359509,1.0
287,2517,1171,213,784,6,2,569,5,64,128,-1.0,-207.0,-1.05215834259,0.0025419541518,1.0
288,2507,1165,213,785,6,2,570,5,64,128,-1.0,-208.0,-1.05063960147,0.000759370556709,1.0
289,2496,1159,213,786,6,2,571,5,64,128,-1.0,-209.0,-1.05063960147,-4.66293670343e-15,1.0
290,2485,1153,213,787,6,2,572,5,64,128,-1.0,-210.0,-1.05063960147,-0.00100883004041,1.0
291,2475,1147,213,788,6,2,573,5,64,128,-1.0,-211.0,-1.05265726155,-0.00100883004042,1.0
292,2464,1140,213,789,6,2,574,5,64,128,-1.0,-212.0,-1.05265726155,-4.55191440096e-15,1.0
293,2453,1134,213,790,6,2,575,5,64,128,-1.0,-213.0,-1.05265726155,3.99680288865e-15,1.0
294,2443,1128,213,791,6,2,576,5,64,128,-1.0,-214.0,-1.05265726155,0.00175980326591,1.0
295,2432,1122,213,792,6,2,577,5,64,128,-1.0,-215.0,-1.04913765502,0.00250251435166,1.0
296,2421,1116,213,793,6,2,578,5,64,128,-1.0,-216.0,-1.04765223285,-0.00200478119829,1.0
297,2410,1110,213,794,6,2,579,5,64,128,-1.0,-217.0,-1.05314721742,-0.00449896901615,1.0
298,2400,1104,213,795,6,2,580,5,64,128,-1.0,-218.0,-1.05665017088,-0.0017514767321,1.0
299,2389,1098,213,796,6,2,581,5,64,128,-1.0,-219.0,-1.05665017088,0.0017514767321,1.0
300,2378,1091,213,797,6,2,582,5,64,128,-1.0,-220.0,-1.05314721742,0.00349599378577,1.0
301,2367,1085,213,798,6,2,583,5,64,128,-1.0,-221.0,-1.04965818331,0.00174451705367,1.0
302,2356,1079,213,799,6,2,584,5,64,128,-1.0,-222.0,-1.04965818331,-0.000996014618796,1.0
303,2345,1073,213,800,6,2,585,5,64,128,-1.0,-223.0,-1.05165021255,-0.000255640036522,1.0
304,2335,1067,213,801,6,2,586,5,64,128,-1.0,-224.0,-1.05016946338,0.000740374582275,1.0
305,2324,1060,213,802,6,2,587,5,64,128,-1.0,-225.0,-1.05016946338,-0.00172949297547,1.0
306,2313,1054,213,803,6,2,588,5,64,128,-1.0,-226.0,-1.05362844933,-0.00172949297547,1.0
307,2302,1048,213,804,6,2,589,6,64,128,1.0,-225.0,-1.05362844933,0.00172949297547,1.0
308,2291,1042,213,805,6,2,590,6,64,128,-1.0,-226.0,-1.05016946338,0.00246186818408,1.0
309,2280,1035,213,806,6,2,591,6,64,128,-1.0,-227.0,-1.04870471297,-0.0019658623244,1.0
310,2269,1029,213,807,6,2,592,6,64,128,-1.0,-228.0,-1.05410118803,-0.002698237533,1.0
311,2258,1023,213,808,6,2,593,6,64,128,-1.0,-229.0,-1.05410118803,0.0017147243766,1.0
312,2247,1017,213,809,6,2,594,6,64,128,-1.0,-230.0,-1.05067173928,0.0017147243766,1.0
313,2236,1010,213,810,6,2,595,6,64,128,-1.0,-231.0,-1.05067173928,0.0,1.0
314,2225,1004,213,811,6,2,596,6,64,128,-1.0,-232.0,-1.05067173928,0.0,1.0
315,2214,998,213,812,6,2,597,6,64,128,-1.0,-233.0,-1.05067173928,-1.88737914186e-15,1.0
316,2203,991,213,813,6,2,598,6,64,128,-1.0,-234.0,-1.05067173928,0.00170801484623,1.0
317,2192,985,213,814,6,2,599,6,64,128,-1.0,-235.0,-1.04725570959,0.00170801484623,1.0
318,2181,979,213,815,6,2,600,6,64,128,-1.0,-236.0,-1.04725570959,-0.00170801484623,1.0
319,2170,972,213,816,6,2,601,6,64,128,-1.0,-237.0,-1.05067173928,0.0,1.0
320,2159,966,213,817,6,2,602,6,64,128,-1.0,-238.0,-1.04725570959,0.000727305977085,1.0
321,2148,960,213,818,6,2,603,6,64,128,-1.0,-239.0,-1.04921712733,-0.00195476847352,1.0
322,2137,953,213,819,6,2,604,6,64,128,-1.0,-240.0,-1.05116524653,0.000719556133888,1.0
323,2126,947,214,820,6,2,605,6,64,128,-1.0,-241.0,-1.04777801506,0.00169361573827,1.0
324,2115,941,214,821,6,2,606,6,64,128,-1.0,-242.0,-1.04777801506,6.43929354283e-15,1.0
325,2104,934,214,822,6,2,607,6,64,128,-1.0,-243.0,-1.04777801506,2.44249065418e-15,1.0
326,2092,928,214,823,6,2,608,6,64,128,-1.0,-244.0,-1.04777801506,-0.000971314607565,1.0
327,2081,921,214,824,6,2,609,6,64,128,-1.0,-245.0,-1.04972064427,-0.00193609874545,1.0
328,2070,915,214,825,6,2,610,6,64,128,-1.0,-246.0,-1.05165021255,0.000714672118026,1.0
329,2059,908,214,826,6,2,611,6,64,128,-1.0,-247.0,-1.04829130004,0.00167945625591,1.0
330,2048,902,214,827,6,2,612,6,64,128,-1.0,-248.0,-1.04829130004,-2.44249065418e-15,1.0
331,2037,896,214,828,6,2,613,6,64,128,-1.0,-249.0,-1.04829130004,3.33066907388e-16,1.0
332,2025,889,214,829,6,2,614,6,64,128,-1.0,-250.0,-1.04829130004,-1.88737914186e-15,1.0
333,2014,883,214,830,6,2,615,6,64,128,-1.0,-251.0,-1.04829130004,-2.22044604925e-15,1.0
334,2003,876,214,831,6,2,616,6,64,128,-1.0,-252.0,-1.04829130004,-0.00096209663334,1.0
335,1992,870,214,832,6,2,617,6,64,128,-1.0,-253.0,-1.0502154933,-0.000252247953195,1.0
336,1980,863,214,833,6,2,618,6,64,128,-1.0,-254.0,-1.04879579594,0.00166925709677,1.0
337,1969,857,214,833,6,2,619,6,64,128,-1.0,-255.0,-1.04687697911,0.000959408416625,0.0
338,1958,850,214,834,6,2,620,6,64,128,-1.0,-256.0,-1.04687697911,-0.000959408416625,1.0
339,1947,844,214,834,6,2,621,6,64,128,-1.0,-257.0,-1.04879579594,-0.000959408416627,0.0
340,1935,837,214,835,6,2,622,6,64,128,-1.0,-258.0,-1.04879579594,-2.10942374679e-15,1.0
341,1924,831,214,835,6,2,623,6,64,128,-1.0,-259.0,-1.04879579594,2.10942374679e-15,0.0
342,1913,824,214,836,6,2,624,6,64,128,-1.0,-260.0,-1.04879579594,2.10942374679e-15,1.0
343,1901,818,214,836,6,2,625,6,64,128,-1.0,-261.0,-1.04879579594,-0.000953050075956,0.0
344,1890,811,214,837,6,2,626,6,64,128,-1.0,-262.0,-1.05070189609,-0.000953050075956,1.0
345,1879,805,213,837,6,2,627,6,64,128,-1.0,-263.0,-1.05070189609,0.0,0.0
346,1867,798,213,838,6,2,628,6,64,128,-1.0,-264.0,-1.05070189609,-0.000946747878086,1.0
347,1856,792,213,838,6,2,629,6,64,128,-1.0,-265.0,-1.05259539185,2.10942374679e-15,0.0
348,1845,785,213,839,6,2,630,7,64,128,1.0,-264.0,-1.05070189609,0.000946747878086,1.0
349,1833,779,213,839,6,2,631,7,64,128,-1.0,-265.0,-1.05070189609,-0.00094674787809,0.0
350,1822,772,213,840,6,2,632,7,64,128,-1.0,-266.0,-1.05259539185,-0.000946747878086,1.0
351,1810,766,213,840,6,2,633,7,64,128,-1.0,-267.0,-1.05259539185,2.10942374679e-15,0.0
352,1799,759,213,841,6,2,634,7,64,128,-1.0,-268.0,-1.05259539185,-0.000940501263742,1.0
353,1788,753,213,841,6,2,635,7,64,128,-1.0,-269.0,-1.05447639438,-0.000940501263739,0.0
354,1776,746,213,842,6,2,636,7,64,128,-1.0,-270.0,-1.05447639438,2.10942374679e-15,1.0
355,1765,740,213,842,6,2,637,7,64,128,-1.0,-271.0,-1.05447639438,-2.10942374679e-15,0.0
356,1753,733,213,843,6,2,638,7,64,128,-1.0,-272.0,-1.05447639438,-2.10942374679e-15,1.0
357,1742,727,213,843,6,2,639,7,64,128,-1.0,-273.0,-1.05447639438,-0.000934309678677,0.0
358,1730,720,213,844,6,2,640,7,64,128,-1.0,-274.0,-1.05634501374,-0.00258494240768,1.0
359,1719,714,213,844,6,2,641,7,64,128,-1.0,-275.0,-1.05964627919,-0.00257508452851,0.0
360,1707,707,213,845,6,2,642,7,64,128,-1.0,-276.0,-1.06149518279,-0.000924451799507,1.0
361,1696,701,213,845,6,2,643,7,64,128,-1.0,-277.0,-1.06149518279,-2.10942374679e-15,0.0
362,1684,694,213,846,6,2,644,7,64,128,-1.0,-278.0,-1.06149518279,-2.22044604925e-16,1.0
363,1673,688,213,846,6,2,645,7,64,128,-1.0,-279.0,-1.06149518279,-0.00165299299031,0.0
364,1661,682,213,847,6,2,646,7,64,128,-1.0,-280.0,-1.06480116877,-0.00422283635616,1.0
365,1649,675,213,847,6,2,647,7,64,128,-1.0,-281.0,-1.06994085551,-0.00347459410594,0.0
366,1638,669,213,848,6,2,648,7,64,128,-1.0,-282.0,-1.07175035699,-0.000904750740099,1.0
367,1626,662,213,848,6,2,649,7,64,128,-1.0,-283.0,-1.07175035699,-0.0016573896133,0.0
368,1615,656,212,849,6,2,650,7,64,128,-1.0,-284.0,-1.07506513621,-0.00255230044496,1.0
369,1603,650,212,849,6,2,651,7,64,128,-1.0,-285.0,-1.07685495788,-0.00255433797861,0.0
370,1591,644,212,850,6,2,652,7,64,128,-1.0,-286.0,-1.08017381217,-0.00420586562158,1.0
371,1579,637,212,850,6,2,653,7,64,128,-1.0,-287.0,-1.08526668912,-0.00421364287512,0.0
372,1568,631,212,851,6,2,654,7,64,128,-1.0,-288.0,-1.08860109792,-0.00334024851887,1.0
373,1556,625,212,851,6,2,655,7,64,128,-1.0,-289.0,-1.09194718616,-0.0008712396798,0.0
374,1544,619,212,852,6,2,656,7,64,128,-1.0,-290.0,-1.09034357728,0.00246498824626,1.0
375,1532,613,212,852,6,2,657,7,64,128,-1.0,-291.0,-1.08701720966,1.99840144433e-15,0.0
376,1520,607,212,853,6,2,658,7,64,128,-1.0,-292.0,-1.09034357728,-0.00586417229138,1.0
377,1509,601,212,853,6,2,659,7,64,128,-1.0,-293.0,-1.09874555425,-0.00672472420645,0.0
378,1497,595,212,854,6,2,660,7,64,128,-1.0,-294.0,-1.10379302569,-0.00252373572275,1.0
379,1485,588,211,854,6,2,661,7,64,128,-1.0,-295.0,-1.10379302569,0.0,0.0
380,1473,582,211,855,6,2,662,7,64,128,-1.0,-296.0,-1.10379302569,0.0,1.0
381,1461,576,211,855,6,2,663,7,64,128,-1.0,-297.0,-1.10379302569,-0.0025153662058,0.0
382,1449,571,211,856,6,2,664,7,64,128,-1.0,-298.0,-1.1088237581,-0.00584441627114,1.0
383,1437,565,211,856,6,2,665,7,64,128,-1.0,-299.0,-1.11548185823,-0.00581766083733,0.0
384,1425,559,211,857,6,2,666,7,64,128,-1.0,-300.0,-1.12045907978,-0.0041659916369,1.0
385,1413,553,210,857,6,2,667,7,64,128,-1.0,-301.0,-1.12381384151,-0.00336017379906,0.0
386,1401,547,210,858,6,2,668,7,64,128,-1.0,-302.0,-1.12717942738,-0.00168279293415,1.0
387,1389,542,210,858,6,2,669,7,64,128,-1.0,-303.0,-1.12717942738,0.00168279293415,0.0
388,1376,536,210,859,6,2,670,7,64,128,-1.0,-304.0,-1.12381384151,-0.000798266734401,1.0
389,1364,530,210,859,6,2,671,7,64,128,-1.0,-305.0,-1.12877596085,-0.00495334691502,0.0
390,1352,524,210,860,6,2,672,7,64,128,-1.0,-306.0,-1.13372053534,-0.00247228724646,1.0
391,1340,519,210,860,6,2,673,8,64,128,1.0,-305.0,-1.13372053534,9.99200722163e-16,0.0
392,1328,513,210,861,6,2,674,8,64,128,-1.0,-306.0,-1.13372053534,1.7763568394e-15,1.0
393,1316,507,210,861,6,2,675,8,64,128,-1.0,-307.0,-1.13372053534,-0.00168465765887,0.0
394,1303,502,210,862,6,2,676,8,64,128,-1.0,-308.0,-1.13708985066,-0.00337458916714,1.0
395,1291,496,210,862,6,2,677,8,64,128,-1.0,-309.0,-1.14046971367,-0.00246422434654,0.0
396,1279,490,210,863,6,2,678,8,64,128,-1.0,-310.0,-1.14201829935,-0.00322950129639,1.0
397,1267,485,210,863,6,2,679,8,64,128,-1.0,-311.0,-1.14692871627,-0.00490133266904,0.0
398,1254,479,209,864,6,2,680,8,64,128,-1.0,-312.0,-1.15182096469,-0.00244612421092,1.0
399,1242,474,209,864,6,2,681,8,64,128,-1.0,-313.0,-1.15182096469,-0.00338866246269,0.0
400,1230,468,209,865,6,2,682,8,64,128,-1.0,-314.0,-1.15859828961,-0.00995720676591,1.0
401,1217,463,209,865,6,2,683,8,64,128,-1.0,-315.0,-1.17173537822,-0.00898754961992,0.0
402,1205,458,208,866,6,2,684,8,64,128,-1.0,-316.0,-1.17657338885,-0.00583855040377,1.0
403,1192,452,208,866,6,2,685,8,64,128,-1.0,-317.0,-1.18341247903,-0.00926707113967,0.0
404,1180,447,207,867,6,2,686,8,64,128,-1.0,-318.0,-1.19510753113,-0.0123602317983,1.0
405,1167,443,207,867,6,2,687,8,64,128,-1.0,-319.0,-1.20813294262,-0.0123534019473,0.0
406,1154,438,206,868,6,2,688,8,64,128,-1.0,-320.0,-1.21981433503,-0.011685384859,1.0
407,1142,433,206,868,6,2,689,8,64,128,-1.0,-321.0,-1.23150371234,-0.0157839408594,0.0
408,1129,429,205,869,6,2,690,8,64,128,-1.0,-322.0,-1.25138221674,-0.0198543952133,1.0
409,1116,425,204,869,6,2,691,8,64,128,-1.0,-323.0,-1.27121250277,-0.0157448108079,0.0
410,1103,421,203,870,6,2,692,8,64,128,-1.0,-324.0,-1.28287183836,-0.0134296866746,1.0
411,1090,417,203,870,6,2,693,8,64,128,-1.0,-325.0,-1.29807187612,-0.0192387898992,0.0
412,1077,414,202,871,6,2,694,8,64,128,-1.0,-326.0,-1.32134941816,-0.0214480717131,1.0
413,1063,411,201,871,6,2,695,8,64,128,-1.0,-327.0,-1.34096801954,-0.0191767877066,0.0
414,1050,408,200,872,6,2,696,8,64,128,-1.0,-328.0,-1.35970299357,-0.020545269866,1.0
415,1037,405,199,872,6,2,697,8,64,128,-1.0,-329.0,-1.38205855927,-0.0226709415632,0.0
416,1023,403,198,873,6,2,698,8,64,128,-1.0,-330.0,-1.4050448767,-0.0226427521082,1.0
417,1010,401,197,873,6,2,699,8,64,128,-1.0,-331.0,-1.42734406349,-0.0220662134175,0.0
418,996,399,196,874,6,2,700,8,64,128,-1.0,-332.0,-1.44917730353,-0.0239020284932,1.0
419,983,398,195,874,6,2,701,8,64,128,-1.0,-333.0,-1.47514812048,-0.0277694511973,0.0
420,969,397,194,875,6,2,702,8,64,128,-1.0,-334.0,-1.50471620593,-0.0276145276335,1.0
421,955,396,193,875,6,2,703,8,64,128,-1.0,-335.0,-1.53037717574,-0.0257145772927,0.0
422,942,396,192,876,6,2,704,8,64,128,-1.0,-336.0,-1.55614536051,-0.0275350586658,1.0
423,928,396,191,876,6,2,705,8,64,128,-1.0,-337.0,-1.58544729308,-0.0292893666791,0.0
424,914,397,189,877,6,2,706,8,64,128,-1.0,-338.0,-1.61472409387,-0.0274170292246,1.0
425,901,398,188,877,6,2,707,8,64,128,-1.0,-339.0,-1.64028135153,-0.0275064092804,0.0
426,887,399,187,878,6,2,708,9,64,128,1.0,-338.0,-1.66973691243,-0.0292441131507,1.0
427,873,401,186,878,6,2,709,9,64,128,-1.0,-339.0,-1.69876957783,-0.0274088485566,0.0
428,860,403,185,879,6,2,710,9,64,128,-1.0,-340.0,-1.72455460955,-0.0279015396215,1.0
429,846,406,184,879,6,2,711,9,64,128,-1.0,-341.0,-1.75457265707,-0.0279028049554,0.0
430,833,408,182,880,6,2,712,9,64,128,-1.0,-342.0,-1.78036021946,-0.0257426621017,1.0
431,819,412,181,880,6,2,713,9,64,128,-1.0,-343.0,-1.80605798127,-0.0278649982252,0.0
432,806,415,180,881,6,2,714,9,64,128,-1.0,-344.0,-1.83609021591,-0.0282719683185,1.0
433,793,419,179,881,6,2,715,9,64,128,-1.0,-345.0,-1.86260191791,-0.0247721664908,0.0
434,780,424,178,882,6,2,716,9,64,128,-1.0,-346.0,-1.88563454889,-0.024752592035,1.0
435,767,428,177,882,6,2,717,9,64,128,-1.0,-347.0,-1.91210710198,-0.0264284940556,0.0
436,754,433,175,883,6,2,718,9,64,128,-1.0,-348.0,-1.938491537,-0.0246481342562,1.0
437,741,439,174,883,6,2,719,9,64,128,-1.0,-349.0,-1.96140337049,-0.0252645596872,0.0
438,729,444,173,884,6,2,720,9,64,128,-1.0,-350.0,-1.98902065637,-0.0259699007038,1.0
439,716,450,172,884,6,2,721,9,64,128,-1.0,-351.0,-2.0133431719,-0.0235207004933,0.0
440,704,456,171,885,6,2,722,9,64,128,-1.0,-352.0,-2.03606205736,-0.0250858657825,1.0
441,691,463,169,885,6,2,723,9,64,128,-1.0,-353.0,-2.06351490347,-0.0251416384465,0.0
442,679,469,168,886,6,2,724,9,64,128,-1.0,-354.0,-2.08634533425,-0.0235400956079,1.0
443,668,477,167,886,6,2,725,9,64,128,-1.0,-355.0,-2.11059509468,-0.0266993655529,0.0
444,656,484,166,887,6,2,726,9,64,128,-1.0,-356.0,-2.13974406536,-0.027612391743,1.0
445,644,492,165,887,6,2,727,9,64,128,-1.0,-357.0,-2.16581987817,-0.0260710416773,0.0
446,633,500,163,888,6,2,728,10,64,128,1.0,-356.0,-2.19188614871,-0.0296733472993,1.0
447,622,508,162,888,6,2,729,10,64,128,-1.0,-357.0,-2.22516657277,-0.0296487938405,0.0
448,611,517,161,889,6,2,730,10,64,128,-1.0,-358.0,-2.2511837364,-0.0245800147511,1.0
449,601,526,160,889,6,2,731,10,64,128,-1.0,-359.0,-2.27432660227,-0.0268867931968,0.0
450,590,535,159,890,6,2,732,10,64,128,-1.0,-360.0,-2.30495732279,-0.0294270244821,1.0
451,580,545,158,890,6,2,733,10,64,128,-1.0,-361.0,-2.33318065123,-0.0281695819752,0.0
452,571,555,156,891,6,2,734,10,64,128,-1.0,-362.0,-2.36129648674,-0.0268082634446,1.0
453,561,565,155,891,6,2,735,10,64,128,-1.0,-363.0,-2.38679717812,-0.0241411734719,0.0
454,552,575,154,892,6,2,736,10,64,128,-1.0,-364.0,-2.40957883368,-0.0265851279075,1.0
455,543,586,153,892,6,2,737,10,64,128,-1.0,-365.0,-2.43996743394,-0.0291963490219,0.0
456,534,597,152,893,6,2,738,10,64,128,-1.0,-366.0,-2.46797153173,-0.0240550697273,1.0
457,526,608,151,893,6,2,739,10,64,128,-1.0,-367.0,-2.48807757339,-0.0229390104727,0.0
458,517,619,149,894,6,2,740,10,64,128,-1.0,-368.0,-2.51384955267,-0.0257984369757,1.0
459,509,631,148,894,6,2,741,11,64,128,1.0,-367.0,-2.53967444734,-0.0243344157749,0.0
460,502,643,147,895,6,2,742,11,64,128,-1.0,-368.0,-2.56251838422,-0.0233698150636,1.0
461,494,655,146,895,6,2,743,11,64,128,-1.0,-369.0,-2.58641407747,-0.0224023765305,0.0
462,487,667,145,896,6,2,744,11,64,128,-1.0,-370.0,-2.60732313728,-0.0233446260205,1.0
463,481,679,143,896,6,2,745,11,64,128,-1.0,-371.0,-2.63310332951,-0.0273116362148,0.0
464,474,691,142,896,6,2,746,11,64,128,-1.0,-372.0,-2.66194640971,-0.0264207722094,0.0
465,468,704,141,896,6,2,747,11,64,128,-1.0,-373.0,-2.68594487393,-0.0248739366639,0.0
466,462,716,140,897,6,2,748,11,64,128,-1.0,-374.0,-2.71169428304,-0.0265577962916,1.0
467,456,729,139,897,6,2,749,11,64,128,-1.0,-375.0,-2.73906046651,-0.0263560171796,0.0
468,451,742,138,897,6,2,750,11,64,128,-1.0,-376.0,-2.7644063174,-0.0262702777381,0.0
469,446,756,137,897,6,2,751,11,64,128,-1.0,-377.0,-2.79160102199,-0.0282841420703,0.0
470,442,769,136,898,6,2,752,12,64,128,1.0,-376.0,-2.82097460154,-0.0299523496402,1.0
471,438,782,135,898,6,2,753,12,64,128,-1.0,-377.0,-2.85150572127,-0.0304672832724,0.0
472,434,796,134,898,6,2,754,12,64,128,-1.0,-378.0,-2.88190916809,-0.029906545786,0.0
473,431,810,133,898,6,2,755,12,64,128,-1.0,-379.0,-2.91131881284,-0.0272897995015,0.0
474,428,823,132,899,6,2,756,12,64,128,-1.0,-380.0,-2.93648876709,-0.0252101704783,1.0
475,426,837,131,899,6,2,757,12,64,128,-1.0,-381.0,-2.9617391538,-0.0255492214271,0.0
476,424,851,131,899,6,2,758,12,64,128,-1.0,-382.0,-2.98758720994,-0.0255368776807,0.0
477,422,865,130,899,6,2,759,12,64,128,-1.0,-383.0,-3.01281290916,-0.0250324171158,0.0
478,421,879,130,900,6,2,760,12,64,128,-1.0,-384.0,-3.03765204417,-0.0232642279723,1.0
479,419,893,129,900,6,2,761,12,64,128,-1.0,-385.0,-3.0593413651,-0.0198716165214,0.0
480,419,907,129,900,6,2,762,12,64,128,-1.0,-386.0,-3.07739527722,-0.0180104533691,0.0
481,418,921,128,900,6,2,763,12,64,128,-1.0,-387.0,-3.09536227184,-0.0179180943336,0.0
482,418,935,128,901,6,2,764,12,64,128,-1.0,-388.0,-3.11323146588,-0.0142508714629,1.0
483,418,949,128,901,6,2,765,12,64,128,-1.0,-389.0,-3.12386401477,-0.0124075516394,0.0
484,418,963,128,901,6,2,766,12,64,128,-1.0,-390.0,-3.13804656916,3.12918229434,0.0
485,418,977,128,901,6,2,767,12,64,128,-1.0,-391.0,3.13450057392,3.13450066309,0.0
486,419,992,128,902,6,2,768,12,64,128,-1.0,-392.0,3.13095475701,-0.0035456831585,1.0
487,419,1006,128,902,6,2,769,12,64,128,-1.0,-393.0,3.1274092076,-0.00354537112352,0.0
488,419,1020,128,902,6,2,770,12,64,128,-1.0,-394.0,3.12386401477,-0.00354497001637,0.0
489,420,1034,128,902,6,2,771,12,64,128,-1.0,-395.0,3.12031926757,-0.00177237360074,0.0
490,420,1048,128,903,6,2,772,12,64,128,-1.0,-396.0,3.12031926757,-1.11022302463e-15,1.0
491,420,1062,128,903,6,2,773,12,64,128,-1.0,-397.0,3.12031926757,0.0,0.0
492,420,1076,128,903,6,2,774,12,64,128,-1.0,-398.0,3.12031926757,1.11022302463e-15,0.0
493,421,1090,128,903,6,2,775,12,64,128,-1.0,-399.0,3.12031926757,0.00177237360074,0.0
494,421,1104,128,904,6,2,776,12,64,128,-1.0,-400.0,3.12386401477,0.00177237360074,1.0
495,421,1118,128,904,6,2,777,12,64,128,-1.0,-401.0,3.12386401477,-0.00177237360074,0.0
496,422,1133,128,904,6,2,778,12,64,128,-1.0,-402.0,3.12031926757,-0.00177237360074,0.0
497,422,1147,128,904,6,2,779,12,64,128,-1.0,-403.0,3.12031926757,0.00180368975608,0.0
498,422,1161,128,905,6,2,780,12,64,128,-1.0,-404.0,3.12392664708,0.00183478544369,1.0
499,422,1175,128,905,6,2,781,12,64,128,-1.0,-405.0,3.12398883845,-0.00172880582673,0.0
500,423,1189,128,905,6,2,782,12,64,128,-1.0,-406.0,3.12046903542,-3.10956876097e-05,0.0
501,423,1203,128,905,6,2,783,12,64,128,-1.0,-407.0,3.12392664708,0.00347008608703,0.0
502,423,1217,128,906,6,2,784,13,64,128,1.0,-406.0,3.1274092076,-3.13161553376e-05,1.0
503,423,1232,128,906,6,2,785,13,64,128,-1.0,-407.0,3.12386401477,-0.00350739580738,0.0
504,424,1246,128,906,6,2,786,13,64,128,-1.0,-408.0,3.12039441598,6.24118429473e-05,0.0
505,424,1260,128,906,6,2,787,13,64,128,-1.0,-409.0,3.12398883845,0.00355733089161,0.0
506,424,1274,128,907,6,2,788,13,64,128,-1.0,-410.0,3.12750907777,0.0,1.0
507,424,1288,128,907,6,2,789,13,64,128,-1.0,-411.0,3.12398883845,-0.00355733089161,0.0
508,425,1302,128,907,6,2,790,13,64,128,-1.0,-412.0,3.12039441598,-6.24118429473e-05,0.0
509,425,1317,128,907,6,2,791,13,64,128,-1.0,-413.0,3.12386401477,0.00353245155641,0.0
510,425,1331,128,908,6,2,792,13,64,128,-1.0,-414.0,3.1274593191,6.24118429473e-05,1.0
511,425,1345,128,908,6,2,793,13,64,128,-1.0,-415.0,3.12398883845,-0.00349514183605,0.0
512,426,1359,128,908,6,2,794,13,64,128,-1.0,-416.0,3.12046903542,0.0,0.0
513,426,1373,128,908,6,2,795,13,64,128,-1.0,-417.0,3.12398883845,0.00352002117125,0.0
514,426,1387,128,909,6,2,796,13,64,128,-1.0,-418.0,3.12750907777,0.00176011965691,1.0
515,426,1402,128,909,6,2,797,13,64,128,-1.0,-419.0,3.12750907777,-0.00176011965691,0.0
516,427,1416,128,909,6,2,798,13,64,128,-1.0,-420.0,3.12398883845,-0.00176011965691,0.0
517,427,1430,128,909,6,2,799,13,64,128,-1.0,-421.0,3.12398883845,0.00176011965691,0.0
518,427,1444,128,910,6,2,800,13,64,128,-1.0,-422.0,3.12750907777,0.00178482443479,1.0
519,427,1459,128,910,6,2,801,13,64,128,-1.0,-423.0,3.12755848732,2.4704777885e-05,0.0
520,427,1473,128,910,6,2,802,13,64,128,-1.0,-424.0,3.12755848732,-2.4704777883e-05,0.0
521,428,1487,128,910,6,2,803,13,64,128,-1.0,-425.0,3.12750907777,-2.47047778841e-05,0.0
522,428,1501,128,911,6,2,804,13,64,128,-1.0,-426.0,3.12750907777,2.4704777883e-05,1.0
523,428,1515,128,911,6,2,805,13,64,128,-1.0,-427.0,3.12755848732,2.4704777883e-05,0.0
524,428,1530,128,911,6,2,806,13,64,128,-1.0,-428.0,3.12755848732,-2.47047778827e-05,0.0
525,428,1544,128,911,6,2,807,13,64,128,-1.0,-429.0,3.12750907777,-2.47047778827e-05,0.0
526,429,1558,128,912,6,2,808,13,64,128,-1.0,-430.0,3.12750907777,0.0,1.0
527,429,1572,128,910,6,2,809,13,64,128,-1.0,-431.0,3.12750907777,2.47047778827e-05,-2.0
528,429,1587,128,910,6,2,810,13,64,128,-1.0,-432.0,3.12755848732,2.47047778827e-05,0.0
529,429,1601,128,910,6,2,811,13,64,128,-1.0,-433.0,3.12755848732,-0.00178482443479,0.0
530,429,1615,128,911,6,2,812,13,64,128,-1.0,-434.0,3.12398883845,-0.00178482443479,1.0
531,430,1629,128,911,6,2,813,13,64,128,-1.0,-435.0,3.12398883845,0.00178482443479,0.0
532,430,1643,128,911,6,2,814,13,64,128,-1.0,-436.0,3.12755848732,0.00178482443479,0.0
533,430,1658,128,911,6,2,815,13,64,128,-1.0,-437.0,3.12755848732,-0.00178482443479,0.0
534,430,1672,128,912,6,2,816,13,64,128,-1.0,-438.0,3.12398883845,-0.00354472594914,1.0
535,431,1686,128,910,6,2,817,13,64,128,-1.0,-439.0,3.12046903542,3.08775396385e-05,-2.0
536,431,1700,128,910,6,2,818,13,64,128,-1.0,-440.0,3.12405059353,0.00356925800024,0.0
537,431,1715,128,910,6,2,819,13,64,128,-1.0,-441.0,3.12760755142,0.00175394689516,0.0
538,431,1729,128,911,6,2,820,13,64,128,-1.0,-442.0,3.12755848732,-0.0018093564859,1.0
539,432,1743,128,911,6,2,821,13,64,128,-1.0,-443.0,3.12398883845,-0.00178482443479,0.0
540,432,1757,128,911,6,2,822,13,64,128,-1.0,-444.0,3.12398883845,0.00178482443479,0.0
541,432,1772,128,911,6,2,823,13,64,128,-1.0,-445.0,3.12755848732,0.00178482443479,0.0
542,432,1786,128,912,6,2,824,13,64,128,-1.0,-446.0,3.12755848732,-0.00178482443479,1.0
543,432,1800,128,910,6,2,825,14,64,128,1.0,-445.0,3.12398883845,-0.00178482443479,-2.0
544,433,1814,128,910,6,2,826,14,64,128,-1.0,-446.0,3.12398883845,0.00178482443479,0.0
545,433,1828,128,910,6,2,827,14,64,128,-1.0,-447.0,3.12755848732,0.00178482443479,0.0
546,433,1843,128,911,6,2,828,14,64,128,-1.0,-448.0,3.12755848732,-0.00178482443479,1.0
547,433,1857,128,911,6,2,829,14,64,128,-1.0,-449.0,3.12398883845,-0.00354472594914,0.0
548,434,1871,128,911,6,2,830,14,64,128,-1.0,-450.0,3.12046903542,3.08775396385e-05,0.0
549,434,1885,128,911,6,2,831,14,64,128,-1.0,-451.0,3.12405059353,0.00356925800024,0.0
550,434,1900,128,912,6,2,832,14,64,128,-1.0,-452.0,3.12760755142,0.0,1.0
551,434,1914,128,910,6,2,833,14,64,128,-1.0,-453.0,3.12405059353,-0.00356925800024,-2.0
552,435,1928,128,910,6,2,834,14,64,128,-1.0,-454.0,3.12046903542,-3.08775396385e-05,0.0
553,435,1942,128,910,6,2,835,14,64,128,-1.0,-455.0,3.12398883845,0.00354472594914,0.0
554,435,1957,128,911,6,2,836,14,64,128,-1.0,-456.0,3.12755848732,3.08775396385e-05,1.0
555,435,1971,128,911,6,2,837,14,64,128,-1.0,-457.0,3.12405059353,-0.00354472594914,0.0
556,436,1985,128,911,6,2,838,14,64,128,-1.0,-458.0,3.12046903542,-3.08775396385e-05,0.0
557,436,1999,128,911,6,2,839,14,64,128,-1.0,-459.0,3.12398883845,0.00354472594914,0.0
558,436,2013,128,912,6,2,840,14,64,128,-1.0,-460.0,3.12755848732,3.08775396385e-05,1.0
559,436,2028,128,910,6,2,841,14,64,128,-1.0,-461.0,3.12405059353,-0.00354472594914,-2.0
560,437,2042,128,910,6,2,842,14,64,128,-1.0,-462.0,3.12046903542,-3.08775396385e-05,0.0
561,437,2056,128,910,6,2,843,14,64,128,-1.0,-463.0,3.12398883845,0.00179077905398,0.0
562,437,2070,128,911,6,2,844,14,64,128,-1.0,-464.0,3.12405059353,-0.00168606444867,1.0
563,437,2085,128,911,6,2,845,14,64,128,-1.0,-465.0,3.12061670956,-0.00175373103982,0.0
564,438,2099,128,911,6,2,846,14,64,128,-1.0,-466.0,3.12054313145,0.00168606444867,0.0
565,438,2113,128,911,6,2,847,14,64,128,-1.0,-467.0,3.12398883845,0.00172285350018,0.0
566,438,2127,128,912,6,2,848,14,64,128,-1.0,-468.0,3.12398883845,-0.00172285350018,1.0
567,439,2142,128,910,6,2,849,14,64,128,-1.0,-469.0,3.12054313145,-0.00172285350018,-2.0
568,439,2156,128,910,6,2,850,14,64,128,-1.0,-470.0,3.12054313145,0.00172285350018,0.0
569,439,2170,128,910,6,2,851,14,64,128,-1.0,-471.0,3.12398883845,0.00172285350018,0.0
570,439,2184,128,911,6,2,852,14,64,128,-1.0,-472.0,3.12398883845,-0.00172285350018,1.0
571,440,2198,128,911,6,2,853,14,64,128,-1.0,-473.0,3.12054313145,3.08775396385e-05,0.0
572,440,2213,128,911,6,2,854,14,64,128,-1.0,-474.0,3.12405059353,0.00348297315709,0.0
573,440,2227,128,911,6,2,855,14,64,128,-1.0,-475.0,3.12750907777,-3.08775396385e-05,0.0
574,440,2241,128,912,6,2,856,14,64,128,-1.0,-476.0,3.12398883845,-0.00348297315709,1.0
575,441,2255,128,910,6,2,857,14,64,128,-1.0,-477.0,3.12054313145,6.15392186336e-05,-2.0
576,441,2270,128,910,6,2,858,14,64,128,-1.0,-478.0,3.12411191689,0.00350767793498,0.0
577,441,2284,128,910,6,2,859,14,64,128,-1.0,-479.0,3.12755848732,0.00169858043828,0.0
578,441,2298,128,911,6,2,860,14,64,128,-1.0,-480.0,3.12750907777,-0.00178482443479,1.0
579,442,2312,128,911,6,2,861,14,64,128,-1.0,-481.0,3.12398883845,-0.00172924211727,0.0
580,442,2327,128,911,6,2,862,14,64,128,-1.0,-482.0,3.12405059353,3.08775396385e-05,0.0
581,442,2341,127,911,6,2,863,14,64,128,-1.0,-483.0,3.12405059353,-0.00179077905398,0.0
582,442,2355,127,912,6,2,864,14,64,128,-1.0,-484.0,3.12046903542,-0.00355041886861,1.0
583,442,2369,127,910,6,2,865,15,64,128,1.0,-483.0,3.1169497558,-0.00346959413391,-2.0
584,443,2383,127,910,6,2,866,15,64,128,-1.0,-484.0,3.11352984716,-0.00346277934658,0.0
585,443,2398,126,910,6,2,867,15,64,128,-1.0,-485.0,3.1100241971,-0.00356695997666,0.0
586,444,2412,126,911,6,2,868,15,64,128,-1.0,-486.0,3.1063959272,-0.0035722932678,1.0
587,444,2426,126,911,6,2,869,15,64,128,-1.0,-487.0,3.10287961057,-0.00702958779891,0.0
588,445,2440,125,911,6,2,870,15,64,128,-1.0,-488.0,3.09233675161,-0.00868421961293,0.0
589,446,2455,125,911,6,2,871,15,64,128,-1.0,-489.0,3.08551117134,-0.00516131362542,0.0
590,447,2469,124,912,6,2,872,15,64,128,-1.0,-490.0,3.08201412435,-0.00536019049241,1.0
591,447,2483,123,910,6,2,873,15,64,128,-1.0,-491.0,3.07479079036,-0.00886593247216,-2.0
592,448,2497,123,910,6,2,874,15,64,128,-1.0,-492.0,3.06428225941,-0.010499990787,0.0
593,450,2511,122,910,6,2,875,15,64,128,-1.0,-493.0,3.05379080878,-0.0089040311017,0.0
594,451,2526,121,911,6,2,876,15,64,128,-1.0,-494.0,3.04647419721,-0.0090912565908,1.0
595,452,2540,121,911,6,2,877,15,64,128,-1.0,-495.0,3.0356082956,-0.0141817785774,0.0
596,454,2554,120,911,6,2,878,15,64,128,-1.0,-496.0,3.01811064005,-0.0174598241408,0.0
597,456,2568,119,911,6,2,879,15,64,128,-1.0,-497.0,3.00068864732,-0.0139173465226,0.0
598,458,2582,118,912,6,2,880,15,64,128,-1.0,-498.0,2.99027594701,-0.0124108525622,1.0
599,460,2596,117,910,6,2,881,15,64,128,-1.0,-499.0,2.97586694219,-0.0164744963766,-2.0
600,463,2610,116,910,6,2,882,15,64,128,-1.0,-500.0,2.95732695425,-0.018253702871,0.0
601,466,2624,115,910,6,2,883,15,64,128,-1.0,-501.0,2.93935953645,-0.0175824305069,0.0
602,469,2638,114,911,6,2,884,15,64,128,-1.0,-502.0,2.92216209324,-0.0175430606547,1.0
603,472,2652,113,911,6,2,885,15,64,128,-1.0,-503.0,2.90427341514,-0.0200199209213,0.0
604,476,2666,112,911,6,2,886,15,64,128,-1.0,-504.0,2.8821222514,-0.0204902102791,0.0
605,479,2679,111,911,6,2,887,15,64,128,-1.0,-505.0,2.86329299458,-0.0188657566299,0.0
606,484,2693,110,912,6,2,888,16,64,128,1.0,-504.0,2.84439073814,-0.0206093781208,1.0
607,488,2707,108,910,6,2,889,16,64,128,-1.0,-505.0,2.82207423834,-0.0223176113861,-2.0
608,493,2720,107,910,6,2,890,16,64,128,-1.0,-506.0,2.79975551537,-0.022308726617,0.0
609,498,2733,106,910,6,2,891,16,64,128,-1.0,-507.0,2.77745678511,-0.0239066670589,0.0
610,503,2746,105,911,6,2,892,16,64,128,-1.0,-508.0,2.75194218125,-0.0245406749339,1.0
611,509,2759,104,911,6,2,893,16,64,128,-1.0,-509.0,2.72837543524,-0.0235948400067,0.0
612,515,2772,102,911,6,2,894,16,64,128,-1.0,-510.0,2.70475250123,-0.0236379134919,0.0
613,521,2785,101,911,6,2,895,16,64,128,-1.0,-511.0,2.68109960826,-0.0220916374389,0.0
614,528,2798,100,912,6,2,896,16,64,128,-1.0,-512.0,2.66056922636,-0.022790958982,1.0
615,535,2810,99,910,6,2,897,16,64,128,-1.0,-513.0,2.63551769029,-0.0242830857744,-2.0
616,542,2822,98,910,6,2,898,16,64,128,-1.0,-514.0,2.61200305481,-0.0229052701028,0.0
617,550,2835,96,910,6,2,899,16,64,128,-1.0,-515.0,2.58970715009,-0.0238356152168,0.0
618,557,2846,95,911,6,2,900,16,64,128,-1.0,-516.0,2.56433182437,-0.0239291217338,1.0
619,565,2858,94,911,6,2,901,16,64,128,-1.0,-517.0,2.54184890662,-0.0214943283835,0.0
620,574,2870,93,911,6,2,902,16,64,128,-1.0,-518.0,2.52134316761,-0.0218786809119,0.0
621,582,2881,92,911,6,2,903,17,64,128,1.0,-517.0,2.4980915448,-0.0239472603025,0.0
622,591,2892,90,912,6,2,904,17,64,128,-1.0,-518.0,2.473448647,-0.0235906543078,1.0
623,600,2903,89,910,6,2,905,17,64,128,-1.0,-519.0,2.45091023618,-0.0225303193693,-2.0
624,609,2914,88,910,6,2,906,17,64,128,-1.0,-520.0,2.42838800826,-0.0235663213558,0.0
625,619,2925,87,910,6,2,907,17,64,128,-1.0,-521.0,2.40377759347,-0.0248204757104,0.0
626,629,2935,86,911,6,2,908,17,64,128,-1.0,-522.0,2.37874705684,-0.0237915516385,1.0
627,639,2945,84,911,6,2,909,17,64,128,-1.0,-523.0,2.35619449019,-0.0237736801346,0.0
628,649,2955,83,901,6,2,910,17,64,128,-1.0,-524.0,2.33119969657,-0.028790194908,-10.0
629,659,2964,82,901,6,2,911,17,64,128,-1.0,-525.0,2.29861410038,-0.0314695333567,0.0
630,670,2973,81,902,6,2,912,17,64,128,-1.0,-526.0,2.26826062986,-0.0279273009956,1.0
631,681,2982,80,902,6,2,913,17,64,128,-1.0,-527.0,2.24275949839,-0.0280499715784,0.0
632,692,2991,79,902,6,2,914,17,64,128,-1.0,-528.0,2.2121606867,-0.0320805877381,0.0
633,704,2999,78,902,6,2,915,17,64,128,-1.0,-529.0,2.17859832291,-0.0321208217839,0.0
634,716,3006,77,903,6,2,916,17,64,128,-1.0,-530.0,2.14791904314,-0.0291209912938,1.0
635,728,3014,76,903,6,2,917,17,64,128,-1.0,-531.0,2.12035634032,-0.0281064677463,0.0
636,740,3021,75,903,6,2,918,17,64,128,-1.0,-532.0,2.09170610764,-0.0310536891702,0.0
637,753,3027,75,903,6,2,919,17,64,128,-1.0,-533.0,2.05824896198,-0.0310082470936,0.0
638,765,3033,74,904,6,2,920,17,64,128,-1.0,-534.0,2.02968961346,-0.0238050261851,1.0
639,778,3039,73,904,6,2,921,18,64,128,1.0,-533.0,2.01063890961,-0.0214143904686,0.0
640,791,3045,73,904,6,2,922,18,64,128,-1.0,-534.0,1.98686083252,-0.0253890763132,0.0
641,804,3050,73,904,6,2,923,18,64,128,-1.0,-535.0,1.95986075698,-0.0224024464013,0.0
642,818,3055,72,905,6,2,924,18,64,128,-1.0,-536.0,1.94205593972,-0.0178608407798,1.0
643,831,3060,72,905,6,2,925,18,64,128,-1.0,-537.0,1.92413907542,-0.0190729556302,0.0
644,844,3065,72,905,6,2,926,18,84,128,-1.0,-538.0,1.90391002846,-0.0192522632681,0.0
645,858,3069,72,881,6,2,927,18,84,128,-1.0,-539.0,1.88563454889,-0.0185292126352,-24.0
646,871,3073,72,872,6,2,928,18,84,128,-1.0,-540.0,1.86685160319,-0.0167228947222,-9.0
647,884,3077,72,848,6,2,929,18,84,128,-1.0,-541.0,1.85218875944,-0.0143980891173,-24.0
648,897,3080,72,824,6,2,930,18,84,128,-1.0,-542.0,1.83805542495,-0.0163111592478,-24.0
649,909,3083,72,800,6,2,931,18,84,128,-1.0,-543.0,1.81956644095,-0.0164798203447,-24.0
650,921,3086,72,777,6,2,932,18,84,128,-1.0,-544.0,1.80509578426,-0.0128283765493,-23.0
651,933,3088,72,753,6,2,933,18,84,128,-1.0,-545.0,1.79390968785,-0.0114565205082,-24.0
652,945,3091,72,737,6,2,934,18,84,128,-1.0,-546.0,1.78218274324,-0.00947485751975,-16.0
653,956,3093,72,721,6,2,935,18,84,128,-1.0,-547.0,1.77495997281,-0.00786197855898,-16.0
654,967,3095,72,706,6,2,936,18,84,128,-1.0,-548.0,1.76645878613,-0.00913091644028,-15.0
655,978,3097,72,690,6,2,937,18,84,128,-1.0,-549.0,1.75669813993,-0.00501553131596,-16.0
656,989,3099,72,674,6,2,938,18,84,128,-1.0,-550.0,1.7564277235,0.000160513638149,-16.0
657,999,3101,72,658,6,2,939,18,84,128,-1.0,-551.0,1.75701916721,-0.00223563872108,-16.0
658,1009,3103,72,643,6,2,940,18,84,128,-1.0,-552.0,1.75195644605,-0.00318467030934,-15.0
659,1019,3104,72,627,6,2,941,18,84,128,-1.0,-553.0,1.75064982659,0.00115991894588,-16.0
660,1029,3106,72,611,6,2,942,18,84,128,-1.0,-554.0,1.75427628394,0.00115740534014,-16.0
661,1038,3108,72,595,6,2,943,18,84,128,-1.0,-555.0,1.75296463727,-0.00181322867863,-16.0
662,1047,3110,72,580,6,2,944,18,84,128,-1.0,-556.0,1.75064982659,-0.000206384137973,-15.0
663,1056,3111,72,584,6,2,945,18,84,128,-1.0,-557.0,1.75255186899,0.00192214334227,4.0
664,1065,3113,72,588,6,2,946,18,84,128,-1.0,-558.0,1.75449411327,0.00196298174516,4.0
665,1074,3115,72,592,6,2,947,18,84,128,-1.0,-559.0,1.75647783248,0.0014957721686,4.0
666,1083,3116,72,596,6,2,948,18,84,128,-1.0,-560.0,1.75748565761,-0.00218086564282,4.0
667,1092,3118,72,580,6,2,949,18,84,128,-1.0,-561.0,1.7521161012,-0.00268477820636,-16.0
668,1101,3120,72,584,6,2,950,18,84,128,-1.0,-562.0,1.7521161012,0.00268477820636,4.0
669,1110,3121,72,588,6,2,951,18,84,128,-1.0,-563.0,1.75748565761,0.0,4.0
670,1119,3123,72,592,6,2,952,18,84,128,-1.0,-564.0,1.7521161012,-0.00268477820636,4.0
671,1128,3125,72,596,6,2,953,18,84,128,-1.0,-565.0,1.7521161012,0.0021808656428,4.0
672,1137,3126,72,580,6,2,954,18,84,128,-1.0,-566.0,1.75647783248,-0.000490064888069,-16.0
673,1146,3128,72,584,6,2,955,18,84,128,-1.0,-567.0,1.75113597142,-0.0021808656428,4.0
674,1155,3130,72,588,6,2,956,19,84,128,1.0,-566.0,1.7521161012,0.00317484309443,4.0
675,1164,3131,72,592,6,2,957,19,84,128,-1.0,-567.0,1.75748565761,-0.00049006488807,4.0
676,1173,3133,72,596,6,2,958,19,84,128,-1.0,-568.0,1.75113597142,-0.00365969498912,4.0
677,1183,3135,72,580,6,2,959,19,84,128,-1.0,-569.0,1.75016626763,0.00217236773054,-16.0
678,1191,3136,72,584,6,2,960,19,84,128,-1.0,-570.0,1.75548070688,0.00265721962524,4.0
679,1200,3138,72,588,6,2,961,19,84,128,-1.0,-571.0,1.75548070688,1.3211653993e-14,4.0
680,1209,3140,72,592,6,2,962,19,84,128,-1.0,-572.0,1.75548070688,0.0,4.0
681,1219,3141,72,596,6,2,963,19,84,128,-1.0,-573.0,1.75548070688,0.000498562800335,4.0
682,1228,3143,72,588,6,2,964,19,84,128,-1.0,-574.0,1.75647783248,0.000498562800325,-8.0
683,1237,3145,72,592,6,2,965,19,84,128,-1.0,-575.0,1.75647783248,-0.000498562800336,4.0
684,1246,3147,71,596,6,2,966,19,84,128,-1.0,-576.0,1.75548070688,-0.000498562800325,4.0
685,1255,3148,72,580,6,2,967,19,84,128,-1.0,-577.0,1.75548070688,0.000498562800337,-16.0
686,1264,3150,72,584,6,2,968,19,84,128,-1.0,-578.0,1.75647783248,0.0010024753639,4.0
687,1273,3152,71,588,6,2,969,19,84,128,-1.0,-579.0,1.75748565761,-0.00218086564283,4.0
688,1282,3153,71,592,6,2,970,19,84,128,-1.0,-580.0,1.7521161012,-0.00537485268087,4.0
689,1291,3155,71,596,6,2,971,19,84,128,-1.0,-581.0,1.74673595225,1.22124532709e-14,4.0
690,1300,3157,71,580,6,2,972,19,84,128,-1.0,-582.0,1.7521161012,0.00269007447449,-16.0
691,1309,3158,71,584,6,2,973,19,84,128,-1.0,-583.0,1.7521161012,-0.00269007447449,4.0
692,1318,3160,71,588,6,2,974,19,84,128,-1.0,-584.0,1.74673595225,0.0,4.0
693,1327,3161,71,592,6,2,975,19,84,128,-1.0,-585.0,1.7521161012,0.00269007447449,4.0
694,1336,3163,71,596,6,2,976,19,84,128,-1.0,-586.0,1.7521161012,-0.00269007447449,4.0
695,1345,3165,71,580,6,2,977,19,84,128,-1.0,-587.0,1.74673595225,-1.22124532709e-14,-16.0
696,1354,3166,72,584,6,2,978,19,84,128,-1.0,-588.0,1.7521161012,0.00269007447449,4.0
697,1363,3168,72,588,6,2,979,19,84,128,-1.0,-589.0,1.7521161012,1.22124532709e-14,4.0
698,1372,3170,72,592,6,2,980,19,84,128,-1.0,-590.0,1.7521161012,0.00268477820636,4.0
699,1381,3171,71,596,6,2,981,19,84,128,-1.0,-591.0,1.75748565761,-0.000490064888069,4.0
700,1390,3173,71,580,6,2,982,19,84,128,-1.0,-592.0,1.75113597142,-0.00365969498912,-16.0
701,1399,3175,71,584,6,2,983,19,84,128,-1.0,-593.0,1.75016626763,0.00267093053087,4.0
702,1408,3176,71,588,6,2,984,19,84,128,-1.0,-594.0,1.75647783248,0.000484851894691,4.0
703,1417,3178,71,592,6,2,985,19,84,128,-1.0,-595.0,1.75113597142,-0.00315578242556,4.0
704,1426,3180,71,596,6,2,986,19,84,128,-1.0,-596.0,1.75016626763,0.00217236773054,4.0
705,1436,3181,71,580,6,2,987,19,84,128,-1.0,-597.0,1.75548070688,1.11022302463e-15,-16.0
706,1445,3183,71,584,6,2,988,19,84,128,-1.0,-598.0,1.75016626763,-0.00265721962523,4.0
707,1453,3185,71,588,6,2,989,19,84,128,-1.0,-599.0,1.75016626763,-1.3211653993e-14,4.0
708,1463,3186,71,592,6,2,990,19,84,128,-1.0,-600.0,1.75016626763,-0.00266235049663,4.0
709,1472,3188,71,596,6,2,991,19,84,128,-1.0,-601.0,1.74484156664,0.000484851894702,4.0
710,1481,3190,71,580,6,2,992,19,84,128,-1.0,-602.0,1.75113597142,0.00363726727939,-16.0
711,1490,3191,71,584,6,2,993,19,84,128,-1.0,-603.0,1.7521161012,-0.0026761432361,4.0
712,1499,3193,71,588,6,2,994,19,84,128,-1.0,-604.0,1.74578368495,-0.000490064888069,4.0
713,1508,3194,71,592,6,2,995,19,84,128,-1.0,-605.0,1.75113597142,0.00316620812417,4.0
714,1517,3196,71,596,6,2,996,19,84,128,-1.0,-606.0,1.7521161012,-0.00220000958642,4.0
715,1526,3198,71,580,6,2,997,19,84,128,-1.0,-607.0,1.74673595225,-1.22124532709e-14,-16.0
716,1535,3199,71,584,6,2,998,19,84,128,-1.0,-608.0,1.7521161012,0.00269007447449,4.0
717,1544,3201,71,588,6,2,999,19,84,128,-1.0,-609.0,1.7521161012,1.22124532709e-14,4.0
718,1553,3203,71,592,6,2,1000,19,84,128,-1.0,-610.0,1.7521161012,-1.22124532709e-14,4.0
719,1562,3204,71,596,6,2,1001,19,84,128,-1.0,-611.0,1.7521161012,-0.00269007447449,4.0
720,1571,3206,71,580,6,2,1002,19,84,128,-1.0,-612.0,1.74673595225,1.22124532709e-14,-16.0
721,1580,3208,71,572,6,2,1003,19,84,128,-1.0,-613.0,1.7521161012,0.00269007447449,-8.0
722,1589,3209,71,580,6,2,1004,19,84,128,-1.0,-614.0,1.7521161012,-0.00269007447449,8.0
723,1598,3211,71,584,6,2,1005,19,84,128,-1.0,-615.0,1.74673595225,0.0,4.0
724,1607,3212,71,588,6,2,1006,20,84,128,1.0,-614.0,1.7521161012,0.00269007447449,4.0
725,1616,3214,71,592,6,2,1007,20,84,128,-1.0,-615.0,1.7521161012,-0.00269007447449,4.0
726,1625,3216,71,596,6,2,1008,20,84,128,-1.0,-616.0,1.74673595225,-0.00269007447449,4.0
727,1634,3217,71,580,6,2,1009,20,84,128,-1.0,-617.0,1.74673595225,0.0,-16.0
728,1643,3219,71,584,6,2,1010,20,84,128,-1.0,-618.0,1.74673595225,0.00269007447449,4.0
729,1652,3221,71,588,6,2,1011,20,84,128,-1.0,-619.0,1.7521161012,0.00269007447449,4.0
730,1661,3222,71,592,6,2,1012,20,84,128,-1.0,-620.0,1.7521161012,-0.00269007447449,4.0
731,1670,3224,71,596,6,2,1013,20,84,128,-1.0,-621.0,1.74673595225,0.0,4.0
732,1679,3225,71,580,6,2,1014,20,84,128,-1.0,-622.0,1.7521161012,0.00269007447449,-16.0
733,1688,3227,71,584,6,2,1015,20,84,128,-1.0,-623.0,1.7521161012,-0.00269007447449,4.0
734,1697,3229,71,588,6,2,1016,20,84,128,-1.0,-624.0,1.74673595225,-0.00269007447449,4.0
735,1706,3230,71,592,6,2,1017,20,84,128,-1.0,-625.0,1.74673595225,0.000481289708168,4.0
736,1715,3232,71,596,6,2,1018,20,84,128,-1.0,-626.0,1.74769853166,0.00368617928726,4.0
737,1724,3234,71,580,6,2,1019,20,84,128,-1.0,-627.0,1.75410831082,0.00320488957909,-16.0
738,1733,3235,71,572,6,2,1020,20,84,128,-1.0,-628.0,1.75410831082,-0.00271836051048,-8.0
739,1742,3237,71,564,6,2,1021,20,84,128,-1.0,-629.0,1.7486715898,0.0,-8.0
740,1751,3238,71,572,6,2,1022,20,84,128,-1.0,-630.0,1.75410831082,0.00221761714962,8.0
741,1759,3240,71,580,6,2,1023,20,84,128,-1.0,-631.0,1.7531068241,-0.00320488957909,8.0
742,1768,3242,71,584,6,2,1024,20,84,128,-1.0,-632.0,1.74769853166,-0.00221761714962,4.0
743,1777,3243,71,588,6,2,1025,20,84,128,-1.0,-633.0,1.7486715898,0.000486529068607,4.0
744,1786,3245,71,592,6,2,1026,20,84,128,-1.0,-634.0,1.7486715898,0.00221761714962,4.0
745,1795,3247,71,596,6,2,1027,20,84,128,-1.0,-635.0,1.7531068241,0.00123219080965,4.0
746,1805,3248,71,580,6,2,1028,20,84,128,-1.0,-636.0,1.75113597142,-0.00413262873129,-16.0
747,1813,3250,71,584,6,2,1029,20,84,128,-1.0,-637.0,1.74484156664,-0.000484851894691,4.0
748,1822,3251,71,588,6,2,1030,20,84,128,-1.0,-638.0,1.75016626763,0.00266235049663,4.0
749,1831,3253,71,592,6,2,1031,20,84,128,-1.0,-639.0,1.75016626763,-0.00266235049663,4.0
750,1841,3255,71,596,6,2,1032,20,84,128,-1.0,-640.0,1.74484156664,0.000484851894677,4.0
751,1850,3256,71,580,6,2,1033,20,84,128,-1.0,-641.0,1.75113597142,0.00314720239132,-16.0
752,1859,3258,71,584,6,2,1034,20,84,128,-1.0,-642.0,1.75113597142,-0.000484851894678,4.0
753,1868,3260,71,588,6,2,1035,20,84,128,-1.0,-643.0,1.75016626763,-0.000484851894703,4.0
754,1877,3261,71,592,6,2,1036,20,84,128,-1.0,-644.0,1.75016626763,-0.00219129134141,4.0
755,1886,3263,71,596,6,2,1037,20,84,128,-1.0,-645.0,1.74578368495,0.000974916782772,4.0
756,1895,3265,71,580,6,2,1038,20,84,128,-1.0,-646.0,1.7521161012,0.00316620812417,-16.0
757,1904,3266,71,584,6,2,1039,20,84,128,-1.0,-647.0,1.7521161012,-0.00269007447449,4.0
758,1913,3268,71,588,6,2,1040,20,84,128,-1.0,-648.0,1.74673595225,0.0,4.0
759,1922,3269,71,592,6,2,1041,20,84,128,-1.0,-649.0,1.7521161012,0.00269007447449,4.0
760,1931,3271,71,596,6,2,1042,20,84,128,-1.0,-650.0,1.7521161012,-0.00269007447449,4.0
761,1940,3273,71,580,6,2,1043,20,84,128,-1.0,-651.0,1.74673595225,-0.00269007447449,-16.0
762,1949,3274,71,584,6,2,1044,20,84,128,-1.0,-652.0,1.74673595225,0.0,4.0
763,1958,3276,71,588,6,2,1045,20,84,128,-1.0,-653.0,1.74673595225,0.00269007447449,4.0
764,1967,3278,71,592,6,2,1046,20,84,128,-1.0,-654.0,1.7521161012,0.00269007447449,4.0
765,1976,3279,71,596,6,2,1047,20,84,128,-1.0,-655.0,1.7521161012,-0.00269007447449,4.0
766,1985,3281,71,580,6,2,1048,21,84,128,1.0,-654.0,1.74673595225,0.0,-16.0
767,1994,3282,71,584,6,2,1049,21,84,128,-1.0,-655.0,1.7521161012,0.00269007447449,4.0
768,2003,3284,71,588,6,2,1050,21,84,128,-1.0,-656.0,1.7521161012,-0.00269007447449,4.0
769,2012,3286,71,592,6,2,1051,21,84,128,-1.0,-657.0,1.74673595225,-1.22124532709e-14,4.0
770,2021,3287,71,596,6,2,1052,21,84,128,-1.0,-658.0,1.7521161012,0.00269007447449,4.0
771,2030,3289,71,580,6,2,1053,21,84,128,-1.0,-659.0,1.7521161012,1.22124532709e-14,-16.0
772,2039,3291,71,584,6,2,1054,21,84,128,-1.0,-660.0,1.7521161012,0.00268477820636,4.0
773,2048,3292,72,588,6,2,1055,21,84,128,-1.0,-661.0,1.75748565761,0.0,4.0
774,2057,3294,72,592,6,2,1056,21,84,128,-1.0,-662.0,1.7521161012,-0.00268477820636,4.0
775,2066,3296,72,596,6,2,1057,21,84,128,-1.0,-663.0,1.7521161012,0.0021808656428,4.0
776,2075,3297,72,580,6,2,1058,21,84,128,-1.0,-664.0,1.75647783248,0.00218086564282,-16.0
777,2084,3299,72,584,6,2,1059,21,84,128,-1.0,-665.0,1.75647783248,0.000503912563573,4.0
778,2093,3301,72,588,6,2,1060,21,84,128,-1.0,-666.0,1.75748565761,0.000503912563561,4.0
779,2102,3302,72,592,6,2,1061,21,84,128,-1.0,-667.0,1.75748565761,0.0,4.0
780,2111,3304,72,596,6,2,1062,21,84,128,-1.0,-668.0,1.75748565761,0.00216166849805,4.0
781,2121,3306,72,580,6,2,1063,21,84,128,-1.0,-669.0,1.76180899461,0.00164947855223,-16.0
782,2129,3308,72,584,6,2,1064,21,84,128,-1.0,-670.0,1.76078461471,-0.00266558106162,4.0
783,2138,3309,72,588,6,2,1065,21,84,128,-1.0,-671.0,1.75647783248,0.00102986466101,4.0
784,2147,3311,72,592,6,2,1066,21,84,128,-1.0,-672.0,1.76284434404,0.00532567765337,4.0
785,2156,3313,72,596,6,2,1067,21,84,128,-1.0,-673.0,1.76712918779,-0.000517674715189,4.0
786,2166,3315,72,580,6,2,1068,21,84,128,-1.0,-674.0,1.76180899461,-0.00532567765336,-16.0
787,2175,3316,72,584,6,2,1069,21,84,128,-1.0,-675.0,1.75647783248,0.0,4.0
788,2183,3318,72,588,6,2,1070,21,84,128,-1.0,-676.0,1.76180899461,0.0058570270814,4.0
789,2192,3320,72,592,6,2,1071,21,84,128,-1.0,-677.0,1.76819188664,0.00319144601976,4.0
790,2202,3322,72,596,6,2,1072,21,84,128,-1.0,-678.0,1.76819188664,-1.21014309684e-14,4.0
791,2211,3323,72,580,6,2,1073,21,84,128,-1.0,-679.0,1.76819188664,0.00321883965255,-16.0
792,2220,3325,72,584,6,2,1074,21,84,128,-1.0,-680.0,1.77462956595,0.00589468937153,4.0
793,2228,3327,73,588,6,2,1075,21,84,128,-1.0,-681.0,1.77998126539,0.00211144881801,4.0
794,2237,3329,73,592,6,2,1076,21,84,128,-1.0,-682.0,1.77885246359,1.21014309684e-14,4.0
795,2246,3331,73,596,6,2,1077,21,84,128,-1.0,-683.0,1.77998126539,0.00381831369706,4.0
796,2256,3333,73,580,6,2,1078,21,84,128,-1.0,-684.0,1.78648909098,0.00325391279608,-16.0
797,2264,3335,73,584,6,2,1079,21,84,128,-1.0,-685.0,1.78648909098,-0.00325391279608,4.0
798,2273,3337,73,588,6,2,1080,21,84,128,-1.0,-686.0,1.77998126539,-0.00381831369706,4.0
799,2282,3339,73,592,6,2,1081,21,84,128,-1.0,-687.0,1.77885246359,-0.000564400900977,4.0
800,2291,3341,73,596,6,2,1082,21,84,128,-1.0,-688.0,1.77885246359,0.000564400900977,4.0
801,2300,3343,73,580,6,2,1083,21,84,128,-1.0,-689.0,1.77998126539,0.000564400900977,-16.0
802,2309,3344,73,584,6,2,1084,21,84,128,-1.0,-690.0,1.77998126539,-0.000564400900965,4.0
803,2318,3346,73,588,6,2,1085,21,84,128,-1.0,-691.0,1.77885246359,-0.000564400900977,4.0
804,2327,3348,73,592,6,2,1086,21,84,128,-1.0,-692.0,1.77885246359,-1.21014309684e-14,4.0
805,2336,3350,73,596,6,2,1087,21,84,128,-1.0,-693.0,1.77885246359,1.21014309684e-14,4.0
806,2345,3352,73,580,6,2,1088,21,84,128,-1.0,-694.0,1.77885246359,0.0026562526804,-16.0
807,2354,3354,73,584,6,2,1089,21,84,128,-1.0,-695.0,1.78416496895,0.00530640454145,4.0
808,2363,3356,73,588,6,2,1090,21,84,128,-1.0,-696.0,1.78946527267,0.00265015186106,4.0
809,2372,3358,73,592,6,2,1091,22,84,128,1.0,-695.0,1.78946527267,0.000591365779843,4.0
810,2381,3360,73,596,6,2,1092,22,84,128,-1.0,-696.0,1.79064800423,0.00118905840054,4.0
811,2390,3362,73,580,6,2,1093,22,84,128,-1.0,-697.0,1.79184338947,0.000597692620697,-16.0
812,2399,3364,73,584,6,2,1094,22,84,128,-1.0,-698.0,1.79184338947,2.77555756156e-15,4.0
813,2408,3366,73,576,6,2,1095,22,84,128,-1.0,-699.0,1.79184338947,-2.77555756156e-15,-8.0
814,2417,3368,73,580,6,2,1096,22,84,128,-1.0,-700.0,1.79184338947,-2.77555756156e-15,4.0
815,2425,3370,73,584,6,2,1097,22,84,128,-1.0,-701.0,1.79184338947,0.0,4.0
816,2434,3372,73,588,6,2,1098,22,84,128,-1.0,-702.0,1.79184338947,0.00267072240961,4.0
817,2443,3374,73,592,6,2,1099,22,84,128,-1.0,-703.0,1.79718483429,0.00533488925771,4.0
818,2452,3376,73,596,6,2,1100,22,84,128,-1.0,-704.0,1.80251316799,0.00266416684812,4.0
819,2461,3378,73,580,6,2,1101,22,84,128,-1.0,-705.0,1.80251316799,-0.000624516418221,-16.0
820,2470,3380,73,584,6,2,1102,22,84,128,-1.0,-706.0,1.80126413515,-0.00124245395674,4.0
821,2479,3382,73,588,6,2,1103,22,84,128,-1.0,-707.0,1.80002826007,-0.000617937538509,4.0
822,2488,3385,73,592,6,2,1104,22,84,128,-1.0,-708.0,1.80002826007,0.0,4.0
823,2497,3387,73,596,6,2,1105,22,84,128,-1.0,-709.0,1.80002826007,1.1990408666e-14,4.0
824,2506,3389,74,580,6,2,1106,22,84,128,-1.0,-710.0,1.80002826007,0.00263109306206,-16.0
825,2515,3391,74,584,6,2,1107,22,84,128,-1.0,-711.0,1.8052904462,0.00525558779671,4.0
826,2524,3393,74,588,6,2,1108,22,84,128,-1.0,-712.0,1.81053943567,0.0,4.0
827,2533,3395,74,592,6,2,1109,22,64,128,-1.0,-713.0,1.8052904462,-0.00586704800901,4.0
828,2542,3397,74,596,6,2,1110,22,64,128,-1.0,-714.0,1.79880533965,-0.00384763567361,4.0
829,2551,3399,74,600,6,2,1111,22,64,128,-1.0,-715.0,1.79759517485,0.00200010444612,4.0
830,2560,3402,74,604,6,2,1112,22,64,128,-1.0,-716.0,1.80280554854,0.00457972058914,4.0
831,2569,3404,74,608,6,2,1113,22,64,128,-1.0,-717.0,1.80675461603,0.00135669537028,4.0
832,2578,3406,74,612,6,2,1114,22,64,128,-1.0,-718.0,1.80551893928,0.00132551663802,4.0
833,2588,3408,74,616,6,2,1115,22,64,128,-1.0,-719.0,1.8094056493,0.00323886554483,4.0
834,2597,3410,74,620,6,2,1116,22,64,128,-1.0,-720.0,1.81199667037,-0.00183398172221,4.0
835,2606,3413,74,624,6,2,1117,22,64,128,-1.0,-721.0,1.80573768586,-0.00372858135298,4.0
836,2616,3415,74,628,6,2,1118,22,64,128,-1.0,-722.0,1.80453950766,0.000697771941563,4.0
837,2625,3417,74,632,6,2,1119,22,64,128,-1.0,-723.0,1.80713322974,0.000703894420032,4.0
838,2635,3420,74,636,6,2,1120,22,64,128,-1.0,-724.0,1.8059472965,0.00126841496,4.0
839,2645,3422,74,640,6,2,1121,22,64,128,-1.0,-725.0,1.80967005966,0.0012687108016,4.0
840,2654,3424,74,642,6,2,1122,22,64,128,-1.0,-726.0,1.80848471811,-0.00302995988008,2.0
841,2664,3427,74,644,6,2,1123,22,64,128,-1.0,-727.0,1.8036101399,-0.000586927475865,2.0
842,2674,3429,74,646,6,2,1124,22,64,128,-1.0,-728.0,1.80731086316,0.00126909596572,2.0
843,2684,3431,74,648,6,2,1125,22,64,128,-1.0,-729.0,1.80614833183,-0.000581265661108,2.0
844,2694,3434,74,650,6,2,1126,23,64,128,1.0,-728.0,1.80614833183,0.00182293407817,2.0
845,2703,3436,74,652,6,2,1127,23,64,128,-1.0,-729.0,1.80979419999,-0.00114586434207,2.0
846,2713,3438,74,654,6,2,1128,23,64,128,-1.0,-730.0,1.80385660315,-0.00296879842023,2.0
847,2723,3441,74,656,6,2,1129,23,64,128,-1.0,-731.0,1.80385660315,0.0023878255517,2.0
848,2733,3443,74,658,6,2,1130,23,64,128,-1.0,-732.0,1.80863225425,0.00181236903697,2.0
849,2743,3446,74,660,6,2,1131,23,64,128,-1.0,-733.0,1.80748134122,-0.00171012586683,2.0
850,2753,3448,74,662,6,2,1132,23,64,128,-1.0,-734.0,1.80521200252,0.000646298112425,2.0
851,2763,3450,74,664,6,2,1133,23,64,128,-1.0,-735.0,1.80877393745,0.00178096746454,2.0
852,2773,3453,74,666,6,2,1134,23,64,128,-1.0,-736.0,1.80877393745,1.3211653993e-14,2.0
853,2783,3455,74,668,6,2,1135,23,64,128,-1.0,-737.0,1.80877393745,-0.000564424852975,2.0
854,2794,3458,74,670,6,2,1136,23,64,128,-1.0,-738.0,1.80764508774,-0.00112361937938,2.0
855,2804,3460,74,672,6,2,1137,23,64,128,-1.0,-739.0,1.80652669869,0.00175549869144,2.0
856,2814,3463,74,674,6,2,1138,23,64,128,-1.0,-740.0,1.81115608512,0.00175061403477,2.0
857,2824,3465,74,676,6,2,1139,23,64,128,-1.0,-741.0,1.81002792676,-0.0011229879599,2.0
858,2834,3468,74,678,6,2,1140,23,64,128,-1.0,-742.0,1.8089101092,-0.000558908776824,2.0
859,2845,3470,74,680,6,2,1141,23,64,128,-1.0,-743.0,1.8089101092,-2.55351295664e-15,2.0
860,2855,3473,74,682,6,2,1142,23,64,128,-1.0,-744.0,1.8089101092,-0.000553807757223,2.0
861,2865,3475,74,684,6,2,1143,23,64,128,-1.0,-745.0,1.80780249369,-0.00110258267077,2.0
862,2876,3478,74,686,6,2,1144,23,64,128,-1.0,-746.0,1.80670494386,-0.00109258397433,2.0
863,2886,3480,74,688,6,2,1145,23,64,128,-1.0,-747.0,1.80561732574,0.00171656359188,2.0
864,2897,3483,74,690,6,2,1146,23,64,128,-1.0,-748.0,1.81013807105,0.00226037265266,2.0
865,2907,3485,74,692,6,2,1147,23,64,128,-1.0,-749.0,1.81013807105,-0.0010920753512,2.0
866,2918,3488,74,694,6,2,1148,23,64,128,-1.0,-750.0,1.80795392034,-0.0010920753512,2.0
867,2928,3490,74,696,6,2,1149,23,64,128,-1.0,-751.0,1.80795392034,1.02140518266e-14,2.0
868,2939,3493,74,698,6,2,1150,23,64,128,-1.0,-752.0,1.80795392034,-0.000538735979794,2.0
869,2949,3496,74,700,6,2,1151,23,64,128,-1.0,-753.0,1.80687644839,-0.000538735979814,2.0
870,2960,3498,74,702,6,2,1152,23,64,128,-1.0,-754.0,1.80687644839,-7.66053886991e-15,2.0
871,2971,3501,74,704,6,2,1153,23,64,128,-1.0,-755.0,1.80687644839,-0.00053395293478,2.0
872,2981,3503,74,705,6,2,1154,23,64,128,-1.0,-756.0,1.80580854252,-0.00106318503899,1.0
873,2992,3506,74,707,6,2,1155,23,64,128,-1.0,-757.0,1.80475007831,-0.00546629978887,2.0
874,3003,3508,73,708,6,2,1156,23,64,128,-1.0,-758.0,1.79487594294,-0.00764240281914,1.0
875,3013,3511,73,710,6,2,1157,24,64,128,1.0,-757.0,1.78946527267,-0.00491336788597,2.0
876,3024,3513,73,711,6,2,1158,24,64,128,-1.0,-758.0,1.78504920717,-0.00488981965452,1.0
877,3035,3516,73,713,6,2,1159,24,64,128,-1.0,-759.0,1.77968563336,-0.00534499891719,2.0
878,3046,3518,72,714,6,2,1160,24,64,128,-1.0,-760.0,1.77435920933,-0.00486504005667,1.0
879,3057,3520,72,716,6,2,1161,24,64,128,-1.0,-761.0,1.76995555325,-0.00746183315604,2.0
880,3068,3522,71,717,6,2,1162,24,64,128,-1.0,-762.0,1.75943554302,-0.0126290186569,1.0
881,3079,3524,71,719,6,2,1163,24,64,128,-1.0,-763.0,1.74469751593,-0.0139382377993,2.0
882,3090,3526,70,720,6,2,1164,24,64,128,-1.0,-764.0,1.73155906742,-0.0131665589119,1.0
883,3101,3528,70,722,6,2,1165,24,64,128,-1.0,-765.0,1.71836439811,-0.0135182329223,2.0
884,3112,3530,69,723,6,2,1166,24,64,128,-1.0,-766.0,1.70452260158,-0.0138055346509,1.0
885,3124,3531,68,725,6,2,1167,24,64,128,-1.0,-767.0,1.69075332881,-0.0137307059451,2.0
886,3135,3532,68,726,6,2,1168,24,64,128,-1.0,-768.0,1.67706118969,-0.0180417188879,1.0
887,3146,3533,67,728,6,2,1169,24,64,128,-1.0,-769.0,1.65466989103,-0.0223344361189,2.0
888,3157,3534,66,729,6,2,1170,24,64,128,-1.0,-770.0,1.63239231745,-0.0222101815697,1.0
889,3169,3534,65,731,6,2,1171,24,64,128,-1.0,-771.0,1.61024952789,-0.0219883343779,2.0
890,3180,3535,64,732,6,2,1172,24,64,128,-1.0,-772.0,1.58841564869,-0.0219292294719,1.0
891,3192,3535,63,734,6,2,1173,24,64,128,-1.0,-773.0,1.56639106895,-0.0219645195753,2.0
892,3203,3534,62,735,6,2,1174,24,64,128,-1.0,-774.0,1.54448660954,-0.0217963915828,1.0
893,3215,3534,61,737,6,2,1175,24,64,128,-1.0,-775.0,1.52279828578,-0.0217229588086,2.0
894,3226,3533,60,738,6,2,1176,24,64,128,-1.0,-776.0,1.50104069192,-0.0238889487886,1.0
895,3237,3532,59,740,6,2,1177,24,64,128,-1.0,-777.0,1.47502038821,-0.0281056974098,2.0
896,3249,3530,58,741,6,2,1178,24,64,128,-1.0,-778.0,1.44482929711,-0.0261280041862,1.0
897,3260,3529,57,743,6,2,1179,24,64,128,-1.0,-779.0,1.42276437983,-0.0220890186342,2.0
898,3272,3527,56,744,6,2,1180,24,64,128,-1.0,-780.0,1.40065125984,-0.0238343496283,1.0
899,3283,3525,55,746,6,2,1181,24,64,128,-1.0,-781.0,1.37509568058,-0.0249583178376,2.0
900,3295,3522,54,747,6,2,1182,24,64,128,-1.0,-782.0,1.35073462416,-0.0256795896781,1.0
901,3306,3519,53,749,6,2,1183,24,64,128,-1.0,-783.0,1.32373650122,-0.0270528742431,2.0
902,3317,3516,52,750,6,2,1184,24,64,128,-1.0,-784.0,1.29662887568,-0.0265069539296,1.0
903,3328,3513,51,752,6,2,1185,25,64,128,1.0,-783.0,1.27072259336,-0.0278345902033,2.0
904,3340,3509,50,753,6,2,1186,25,64,128,-1.0,-784.0,1.24095969527,-0.0303439872621,1.0
905,3351,3505,48,755,6,2,1187,25,64,128,-1.0,-785.0,1.21003461884,-0.0296894736962,2.0
906,3361,3500,47,756,6,2,1188,25,64,128,-1.0,-786.0,1.18158074788,-0.0276513988828,1.0
907,3372,3496,46,758,6,2,1189,25,64,128,-1.0,-787.0,1.15473182107,-0.0286941130436,2.0
908,3383,3491,45,759,6,2,1190,25,64,128,-1.0,-788.0,1.12419252179,-0.0313524119538,1.0
909,3394,3485,44,761,6,2,1191,25,64,128,-1.0,-789.0,1.09202699716,-0.0312765783754,2.0
910,3404,3479,42,762,6,2,1192,25,64,128,-1.0,-790.0,1.06163936504,-0.0264773688137,1.0
911,3414,3473,41,764,6,2,1193,25,64,128,-1.0,-791.0,1.03907225954,-0.0242759409361,2.0
912,3424,3467,40,765,6,2,1194,25,64,128,-1.0,-792.0,1.01308748317,-0.0298834471161,1.0
913,3434,3460,39,767,6,2,1195,25,64,128,-1.0,-793.0,0.979305365304,-0.0332253454269,2.0
914,3444,3453,38,768,6,2,1196,25,64,128,-1.0,-794.0,0.946636792312,-0.0297928799767,1.0
915,3453,3446,36,769,6,2,1197,25,64,128,-1.0,-795.0,0.91971960535,-0.0256183578209,1.0
916,3463,3439,35,770,6,2,1198,26,64,128,1.0,-794.0,0.89540007667,-0.0271867589026,1.0
917,3472,3431,34,771,6,2,1199,26,64,128,-1.0,-795.0,0.865346087545,-0.0299481969105,1.0
918,3481,3423,33,772,6,2,1200,26,64,128,-1.0,-796.0,0.835503682849,-0.0296509453068,1.0
919,3489,3414,32,773,6,2,1201,26,64,128,-1.0,-797.0,0.806044196932,-0.0294774229841,1.0
920,3498,3406,30,774,6,2,1202,26,64,128,-1.0,-798.0,0.776548836881,-0.0308996280878,1.0
921,3506,3397,29,775,6,2,1203,26,64,128,-1.0,-799.0,0.744244940756,-0.0337363611144,1.0
922,3514,3388,28,776,6,2,1204,26,64,128,-1.0,-800.0,0.709076114652,-0.0321680429418,1.0
923,3522,3378,27,777,6,2,1205,26,64,128,-1.0,-801.0,0.679908854872,-0.0261872262665,1.0
924,3529,3369,26,778,6,2,1206,26,64,128,-1.0,-802.0,0.656701662119,-0.0276755570353,1.0
925,3536,3359,24,779,6,2,1207,26,64,128,-1.0,-803.0,0.624557740802,-0.0320716407173,1.0
926,3543,3349,23,780,6,2,1208,26,64,128,-1.0,-804.0,0.592558380685,-0.0290713461454,1.0
927,3549,3338,22,781,6,2,1209,26,64,128,-1.0,-805.0,0.566415048511,-0.0285394271721,1.0
928,3556,3328,21,782,6,2,1210,26,64,128,-1.0,-806.0,0.535479526341,-0.0302565964646,1.0
929,3562,3317,20,783,6,2,1211,26,64,128,-1.0,-807.0,0.505901855582,-0.0276900098669,1.0
930,3567,3306,18,784,6,2,1212,26,64,128,-1.0,-808.0,0.480099506607,-0.0266113640427,1.0
931,3573,3295,17,785,6,2,1213,26,64,128,-1.0,-809.0,0.452679127496,-0.0274121388499,1.0
932,3578,3284,16,786,6,2,1214,26,64,128,-1.0,-810.0,0.425275228907,-0.0273751354983,1.0
933,3582,3273,15,787,6,2,1215,26,64,128,-1.0,-811.0,0.3979288565,-0.0272973441237,1.0
934,3587,3261,14,788,6,2,1216,27,64,128,1.0,-810.0,0.37068054066,-0.024578926458,1.0
935,3591,3250,13,789,6,2,1217,27,64,128,-1.0,-811.0,0.348771003584,-0.0238214928434,1.0
936,3595,3238,12,790,6,2,1218,27,64,128,-1.0,-812.0,0.323037554973,-0.0257343007448,1.0
937,3598,3226,11,791,6,2,1219,27,64,128,-1.0,-813.0,0.297302402094,-0.0218118451504,1.0
938,3602,3214,11,792,6,2,1220,27,64,128,-1.0,-814.0,0.279413864672,-0.0173045283908,1.0
939,3605,3202,10,793,6,2,1221,27,64,128,-1.0,-815.0,0.262693345313,-0.0172176007727,1.0
940,3608,3190,9,794,6,2,1222,27,64,128,-1.0,-816.0,0.244978663127,-0.0176454985152,1.0
941,3610,3178,9,795,6,2,1223,27,64,128,-1.0,-817.0,0.227402348282,-0.014687253128,1.0
942,3613,3166,8,796,6,2,1224,27,64,128,-1.0,-818.0,0.215604156871,-0.0122366240372,1.0
943,3615,3154,8,797,6,2,1225,27,64,128,-1.0,-819.0,0.202929100208,-0.0146332990469,1.0
944,3618,3142,7,798,6,2,1226,27,64,128,-1.0,-820.0,0.186337558777,-0.01424535497,1.0
945,3620,3129,7,799,6,2,1227,27,64,128,-1.0,-821.0,0.174438390268,-0.00827964240437,1.0
946,3622,3117,6,800,6,2,1228,27,64,128,-1.0,-822.0,0.169778273968,-0.00662373791491,1.0
947,3624,3105,6,801,6,2,1229,27,64,128,-1.0,-823.0,0.161190914438,-0.00856447278653,1.0
948,3626,3092,6,802,6,2,1230,27,64,128,-1.0,-824.0,0.152649328395,-0.00851826366255,1.0
949,3627,3080,6,803,6,2,1231,27,64,128,-1.0,-825.0,0.144154387113,-0.0099163072277,1.0
950,3629,3068,5,804,6,2,1232,27,64,128,-1.0,-826.0,0.13281671394,-0.00765867543314,1.0
951,3631,3055,5,805,6,2,1233,27,64,128,-1.0,-827.0,0.128837036247,-0.00423085969656,1.0
952,3632,3043,5,795,6,2,1234,27,64,128,-1.0,-828.0,0.124354994547,-0.00621510507108,-10.0
953,3634,3030,5,796,6,2,1235,27,64,128,-1.0,-829.0,0.116406826105,-0.00397408422103,1.0
954,3635,3018,5,797,6,2,1236,27,64,128,-1.0,-830.0,0.116406826105,-0.000231655280341,1.0
955,3636,3006,5,798,6,2,1237,27,64,128,-1.0,-831.0,0.115943515544,-0.00419755070232,1.0
956,3638,2993,5,799,6,2,1238,27,64,128,-1.0,-832.0,0.1080117247,-0.00374982975147,1.0
957,3639,2981,5,800,6,2,1239,27,64,128,-1.0,-833.0,0.108443856041,0.00021606567051,1.0
958,3640,2968,5,801,6,2,1240,27,64,128,-1.0,-834.0,0.108443856041,-0.00199336628372,1.0
959,3642,2956,5,802,6,2,1241,27,64,128,-1.0,-835.0,0.104457123474,-0.000216065670519,1.0
960,3643,2943,4,803,6,2,1242,27,64,128,-1.0,-836.0,0.1080117247,0.00156294345966,1.0
961,3644,2931,4,804,6,2,1243,27,64,128,-1.0,-837.0,0.107583010393,-0.00219213235158,1.0
962,3646,2919,4,805,6,2,1244,27,64,128,-1.0,-838.0,0.103627459997,0.0,1.0
963,3647,2906,4,806,6,2,1245,27,64,128,-1.0,-839.0,0.107583010393,0.00197777519803,1.0
964,3648,2894,4,807,6,2,1246,27,64,128,-1.0,-840.0,0.107583010393,8.99280649946e-15,1.0
965,3650,2881,4,808,6,2,1247,27,64,128,-1.0,-841.0,0.107583010393,0.00197608684046,1.0
966,3651,2868,5,809,6,2,1248,28,64,128,1.0,-840.0,0.111535184074,0.00175573239882,1.0
967,3652,2856,5,810,6,2,1249,28,64,128,-1.0,-841.0,0.111094475191,-0.000438981449991,1.0
968,3654,2843,5,811,6,2,1250,28,64,128,-1.0,-842.0,0.110657221174,0.00174044002356,1.0
969,3655,2831,5,812,6,2,1251,28,64,128,-1.0,-843.0,0.114575355238,0.00391636899213,1.0
970,3657,2818,5,813,6,2,1252,28,64,128,-1.0,-844.0,0.118489959158,0.0019573019602,1.0
971,3658,2806,5,814,6,2,1253,28,64,128,-1.0,-845.0,0.118489959158,0.00195547936779,1.0
972,3660,2793,5,815,6,2,1254,28,64,128,-1.0,-846.0,0.122400917894,0.00195547936779,1.0
973,3661,2780,5,816,6,2,1255,28,64,128,-1.0,-847.0,0.122400917894,-0.000239504285023,1.0
974,3663,2768,5,817,6,2,1256,28,64,128,-1.0,-848.0,0.121921909324,-0.000477150496221,1.0
975,3665,2755,5,818,6,2,1257,28,64,128,-1.0,-849.0,0.121446616901,-0.000237646211206,1.0
976,3666,2742,5,819,6,2,1258,28,64,128,-1.0,-850.0,0.121446616901,0.00193868479513,1.0
977,3668,2730,5,820,6,2,1259,28,64,128,-1.0,-851.0,0.125323986492,0.00193868479514,1.0
978,3669,2717,5,821,6,2,1260,28,64,128,-1.0,-852.0,0.125323986492,-0.000243183249816,1.0
979,3671,2704,5,822,6,2,1261,28,64,128,-1.0,-853.0,0.124837619992,-0.00217449436522,1.0
980,3672,2691,5,823,6,2,1262,28,64,128,-1.0,-854.0,0.120974997761,-0.00169550154532,1.0
981,3674,2679,5,824,6,2,1263,28,64,128,-1.0,-855.0,0.121446616901,0.00193131111541,1.0
982,3676,2666,5,825,6,2,1264,28,64,128,-1.0,-856.0,0.124837619992,0.00145418882274,1.0
983,3677,2653,5,826,6,2,1265,28,64,128,-1.0,-857.0,0.124354994547,-0.000241312722585,1.0
984,3679,2640,5,827,6,2,1266,28,64,128,-1.0,-858.0,0.124354994547,0.00192214334228,1.0
985,3680,2628,5,828,6,2,1267,28,64,128,-1.0,-859.0,0.128199281231,0.00167543652478,1.0
986,3682,2615,5,829,6,2,1268,28,64,128,-1.0,-860.0,0.127705867596,-0.00239924243412,1.0
987,3684,2602,5,830,6,2,1269,28,64,128,-1.0,-861.0,0.123400796363,-7.59114993087e-15,1.0
988,3685,2589,5,831,6,2,1270,28,64,128,-1.0,-862.0,0.127705867596,0.00239924243412,1.0
989,3687,2576,5,832,6,2,1271,28,64,128,-1.0,-863.0,0.128199281231,8.7013729555e-15,1.0
990,3689,2563,6,833,6,2,1272,28,64,128,-1.0,-864.0,0.127705867596,0.00141431809779,1.0
991,3690,2550,6,833,6,2,1273,29,64,128,-1.0,-865.0,0.131027917427,0.00166102491529,0.0
992,3692,2537,6,834,6,2,1274,29,64,128,-1.0,-866.0,0.131027917427,0.0019039374281,1.0
993,3694,2525,6,834,6,2,1275,29,64,128,-1.0,-867.0,0.134835792283,0.00190393742809,0.0
994,3695,2512,6,835,6,2,1276,29,64,128,-1.0,-868.0,0.134835792283,-0.00190393742809,1.0
995,3697,2499,6,835,6,2,1277,29,64,128,-1.0,-869.0,0.131027917427,1.16573417586e-15,0.0
996,3699,2486,6,836,6,2,1278,29,64,128,-1.0,-870.0,0.134835792283,0.00380590985363,1.0
997,3701,2473,6,836,6,2,1279,29,64,128,-1.0,-871.0,0.138639737134,0.00163772511463,0.0
998,3703,2460,6,837,6,2,1280,29,64,128,-1.0,-872.0,0.138111242512,0.00135940728015,1.0
999,3704,2447,6,837,6,2,1281,29,64,128,-1.0,-873.0,0.141358551694,0.00350753983053,0.0
1000,3706,2434,6,838,6,2,1282,29,64,128,-1.0,-874.0,0.145126322173,0.00188388523947,1.0
1001,3708,2421,6,838,6,2,1283,29,64,128,-1.0,-875.0,0.145126322173,-8.56259507742e-15,0.0
1002,3710,2408,6,839,6,2,1284,29,64,128,-1.0,-876.0,0.145126322173,-0.0725631610867,1.0
1003,3712,2395,6,839,6,2,1285,29,64,128,-1.0,-877.0,0.0,0.00188181271805,0.0
1004,3714,2382,6,840,6,2,1286,29,64,128,-1.0,-878.0,0.14888994761,0.0763246641976,1.0
1005,3716,2369,6,840,6,2,1287,29,64,128,-1.0,-879.0,0.152649328395,0.00187969039288,0.0
1006,3718,2356,6,841,6,2,1288,29,64,128,-1.0,-880.0,0.152649328395,0.0,1.0
1007,3720,2343,6,841,6,2,1289,29,64,128,-1.0,-881.0,0.152649328395,0.00187751861621,0.0
1008,3722,2330,6,842,6,2,1290,29,64,128,-1.0,-882.0,0.156404365628,0.00405670611528,1.0
1009,3724,2317,7,842,6,2,1291,29,64,128,-1.0,-883.0,0.160762740626,0.00248537239651,0.0
1010,3726,2304,7,843,6,2,1292,29,64,128,-1.0,-884.0,0.161375110421,0.0021929683944,1.0
1011,3728,2291,7,843,6,2,1293,29,64,128,-1.0,-885.0,0.165148677415,0.00565319059865,0.0
1012,3730,2278,7,844,6,2,1294,29,64,128,-1.0,-886.0,0.172681491618,0.00409026852141,1.0
1013,3733,2265,8,844,6,2,1295,29,64,128,-1.0,-887.0,0.173329214457,-0.0018819939133,0.0
1014,3735,2253,8,845,6,2,1296,29,64,128,-1.0,-888.0,0.168917503791,3.09050653445e-06,1.0
1015,3737,2240,8,845,6,2,1297,29,64,128,-1.0,-889.0,0.173335395471,0.00546799800054,0.0
1016,3740,2227,8,846,6,2,1298,0,64,129,1.0,-888.0,0.179853499792,0.00522046740216,1.0
1017,3743,2214,9,846,6,2,1299,0,64,129,1.0,-887.0,0.183776330275,0.00392283048234,0.0
