step,kart1_X,kart1_Y,kart1_direction,kart1_speed,DrivingMode,GameMode,getFrame,current_checkpoint,surface,lap,collision_detection,status,reward,total_reward
0,704,1088,0,0,4,2,285,35,74,127,0,0,0.0,0.0
1,704,1088,0,0,4,2,286,35,74,127,0,0,0.0,0.0
2,704,1088,0,0,4,2,287,35,74,127,0,0,0.0,0.0
3,704,1088,0,0,4,2,288,35,74,127,0,0,0.0,0.0
4,704,1088,0,0,4,2,289,35,74,127,0,0,0.0,0.0
5,704,1088,0,0,4,2,290,35,74,127,0,0,0.0,0.0
6,704,1088,0,0,4,2,291,35,74,127,0,0,0.0,0.0
7,704,1088,0,0,4,2,292,35,74,127,0,0,0.0,0.0
8,704,1088,0,0,4,2,293,35,74,127,0,0,0.0,0.0
9,704,1088,0,0,4,2,294,35,74,127,0,0,0.0,0.0
10,704,1088,0,0,4,2,295,35,74,127,0,0,0.0,0.0
11,704,1088,0,0,4,2,296,35,74,127,0,0,0.0,0.0
12,704,1088,0,0,4,2,297,35,74,127,0,0,0.0,0.0
13,704,1088,0,0,4,2,298,35,74,127,0,0,0.0,0.0
14,704,1088,0,0,4,2,299,35,74,127,0,0,0.0,0.0
15,704,1088,0,0,4,2,300,35,74,127,0,0,0.0,0.0
16,704,1088,0,0,4,2,301,35,74,127,0,0,0.0,0.0
17,704,1088,0,0,4,2,302,35,74,127,0,0,0.0,0.0
18,704,1088,0,0,4,2,303,35,74,127,0,0,0.0,0.0
19,704,1088,0,0,4,2,304,35,74,127,0,0,0.0,0.0
20,704,1088,0,0,4,2,305,35,74,127,0,0,0.0,0.0
21,704,1088,0,0,4,2,306,35,74,127,0,0,0.0,0.0
22,704,1088,0,0,4,2,307,35,74,127,0,0,0.0,0.0
23,704,1088,0,0,4,2,308,35,74,127,0,0,0.0,0.0
24,704,1088,0,0,4,2,309,35,74,127,0,0,0.0,0.0
25,704,1088,0,0,4,2,310,35,74,127,0,0,0.0,0.0
26,704,1088,0,0,4,2,311,35,74,127,0,0,0.0,0.0
27,704,1088,0,0,4,2,312,35,74,127,0,0,0.0,0.0
28,704,1088,0,0,4,2,313,35,74,127,0,0,0.0,0.0
29,704,1088,0,0,4,2,314,35,74,127,0,0,0.0,0.0
30,704,1088,0,0,4,2,315,35,74,127,0,0,0.0,0.0
31,704,1088,0,0,4,2,316,35,74,127,0,0,0.0,0.0
32,704,1088,0,0,4,2,317,35,74,127,0,0,0.0,0.0
33,704,1088,0,0,4,2,318,35,74,127,0,0,0.0,0.0
34,704,1088,0,0,4,2,319,35,74,127,0,0,0.0,0.0
35,704,1088,0,0,4,2,320,35,74,127,0,0,0.0,0.0
36,704,1088,0,0,4,2,321,35,74,127,0,0,0.0,0.0
37,704,1088,0,0,4,2,322,35,74,127,0,0,0.0,0.0
38,704,1088,0,0,4,2,323,35,74,127,0,0,0.0,0.0
39,704,1088,0,0,4,2,324,35,74,127,0,0,0.0,0.0
40,704,1088,0,0,4,2,325,35,74,127,0,0,0.0,0.0
41,704,1088,0,0,4,2,326,35,74,127,0,0,0.0,0.0
42,704,1088,0,0,4,2,327,35,74,127,0,0,0.0,0.0
43,704,1088,0,0,4,2,328,35,74,127,0,0,0.0,0.0
44,704,1088,0,0,4,2,329,35,74,127,0,0,0.0,0.0
45,704,1088,0,0,4,2,330,35,74,127,0,0,0.0,0.0
46,704,1088,0,0,4,2,331,35,74,127,0,0,0.0,0.0
47,704,1088,0,0,4,2,332,35,74,127,0,0,0.0,0.0
48,704,1088,0,0,4,2,333,35,74,127,0,0,0.0,0.0
49,704,1088,0,0,4,2,334,35,74,127,0,0,0.0,0.0
50,704,1088,0,0,4,2,335,35,74,127,0,0,0.0,0.0
51,704,1088,0,0,6,2,336,35,74,127,0,0,0.0,0.0
52,704,1088,0,0,6,2,337,35,74,127,0,0,0.0,0.0
53,704,1088,0,2,6,2,338,35,74,127,0,0,0.0,0.0
54,704,1087,0,4,6,2,339,35,74,127,0,0,0.0,0.0
55,704,1087,0,6,6,2,340,35,74,127,0,0,0.0,0.0
56,704,1087,0,8,6,2,341,35,74,127,0,0,0.0,0.0
57,704,1087,0,10,6,2,342,35,74,127,0,0,0.0,0.0
58,704,1087,0,12,6,2,343,35,74,127,0,0,0.0,0.0
59,704,1087,0,14,6,2,344,35,74,127,0,0,0.0,0.0
60,704,1087,0,16,6,2,345,35,74,127,0,0,0.0,0.0
61,704,1087,0,18,6,2,346,35,74,127,0,0,0.0,0.0
62,703,1086,0,20,6,2,347,35,74,127,0,0,0.0,0.0
63,703,1086,0,22,6,2,348,35,74,127,0,0,0.0,0.0
64,703,1086,0,24,6,2,349,35,74,127,0,0,0.0,0.0
65,703,1085,0,26,6,2,350,35,74,127,0,0,0.0,0.0
66,703,1085,0,28,6,2,351,35,74,127,0,0,-1.0,-1.0
67,703,1084,0,30,6,2,352,35,74,127,0,0,-1.0,-2.0
68,703,1084,0,32,6,2,353,35,74,127,0,0,-1.0,-3.0
69,703,1084,0,34,6,2,354,35,74,127,0,0,-1.0,-4.0
70,703,1083,0,36,6,2,355,35,74,127,0,0,-1.0,-5.0
71,703,1082,0,38,6,2,356,35,74,127,0,0,-1.0,-6.0
72,703,1082,0,40,6,2,357,35,74,127,0,0,-1.0,-7.0
73,703,1081,0,42,6,2,358,35,74,127,0,0,-1.0,-8.0
74,703,1081,0,44,6,2,359,35,74,127,0,0,-1.0,-9.0
75,703,1080,0,46,6,2,360,35,74,127,0,0,-1.0,-10.0
76,703,1079,0,48,6,2,361,35,74,127,0,0,-1.0,-11.0
77,703,1079,0,50,6,2,362,35,74,127,0,0,-1.0,-12.0
78,703,1078,0,52,6,2,363,35,74,127,0,0,-1.0,-13.0
79,703,1077,0,54,6,2,364,35,74,127,0,0,-1.0,-14.0
80,703,1076,0,56,6,2,365,35,74,127,0,0,-1.0,-15.0
81,703,1075,0,58,6,2,366,35,74,127,0,0,-1.0,-16.0
82,703,1074,1,60,6,2,367,35,74,127,0,0,-1.0,-17.0
83,703,1073,1,62,6,2,368,35,74,127,0,0,-1.0,-18.0
84,703,1072,1,64,6,2,369,35,74,127,0,0,-1.0,-19.0
85,703,1072,1,70,6,2,370,35,74,127,0,0,-1.0,-20.0
86,703,1070,1,76,6,2,371,35,74,127,0,0,-1.0,-21.0
87,703,1069,1,82,6,2,372,35,74,127,0,0,-1.0,-22.0
88,703,1068,1,88,6,2,373,35,74,127,0,0,-1.0,-23.0
89,703,1067,1,94,6,2,374,35,74,127,0,0,-1.0,-24.0
90,703,1065,1,100,6,2,375,35,74,127,0,0,-1.0,-25.0
91,703,1064,2,106,6,2,376,35,74,127,0,0,-1.0,-26.0
92,703,1062,2,112,6,2,377,35,74,127,0,0,-1.0,-27.0
93,703,1060,2,118,6,2,378,35,74,127,0,0,-1.0,-28.0
94,703,1058,2,124,6,2,379,35,74,127,0,0,-1.0,-29.0
95,704,1057,2,130,6,2,380,35,74,127,0,0,-1.0,-30.0
96,704,1054,2,134,6,2,381,35,74,127,0,0,-1.0,-31.0
97,704,1052,2,138,6,2,382,35,74,127,0,0,-1.0,-32.0
98,704,1050,2,142,6,2,383,35,74,127,0,0,-1.0,-33.0
99,704,1048,2,146,6,2,384,35,74,127,0,0,-1.0,-34.0
100,704,1046,2,150,6,2,385,35,74,127,0,0,-1.0,-35.0
101,704,1043,2,154,6,2,386,35,74,127,0,0,-1.0,-36.0
102,704,1041,2,158,6,2,387,35,74,127,0,0,-1.0,-37.0
103,704,1039,2,162,6,2,388,35,74,127,0,0,-1.0,-38.0
104,704,1036,2,166,6,2,389,35,74,127,0,0,-1.0,-39.0
105,705,1034,2,170,6,2,390,35,74,127,0,0,-1.0,-40.0
106,705,1031,2,174,6,2,391,35,74,127,0,0,-1.0,-41.0
107,705,1028,2,178,6,2,392,35,74,127,0,0,-1.0,-42.0
108,705,1025,2,182,6,2,393,35,74,127,0,0,-1.0,-43.0
109,705,1023,2,186,6,2,394,0,74,128,0,0,1.0,-42.0
110,705,1020,3,190,6,2,395,0,74,128,0,0,-1.0,-43.0
111,705,1017,3,194,6,2,396,0,74,128,0,0,-1.0,-44.0
112,706,1014,3,202,6,2,397,0,74,128,0,0,-1.0,-45.0
113,706,1011,3,210,6,2,398,0,74,128,0,0,-1.0,-46.0
114,706,1007,3,218,6,2,399,0,74,128,0,0,-1.0,-47.0
115,706,1004,3,226,6,2,400,0,74,128,0,0,-1.0,-48.0
116,706,1000,3,234,6,2,401,0,74,128,0,0,-1.0,-49.0
117,707,997,3,242,6,2,402,0,74,128,0,0,-1.0,-50.0
118,707,993,3,250,6,2,403,0,74,128,0,0,-1.0,-51.0
119,707,989,3,258,6,2,404,0,74,128,0,0,-1.0,-52.0
120,707,985,3,270,6,2,405,0,74,128,0,0,-1.0,-53.0
121,708,981,3,282,6,2,406,0,74,128,0,0,-1.0,-54.0
122,708,977,3,294,6,2,407,0,74,128,0,0,-1.0,-55.0
123,708,972,3,306,6,2,408,0,74,128,0,0,-1.0,-56.0
124,709,967,3,318,6,2,409,0,74,128,0,0,-1.0,-57.0
125,709,962,3,330,6,2,410,0,74,128,0,0,-1.0,-58.0
126,709,957,3,342,6,2,411,0,74,128,0,0,-1.0,-59.0
127,710,952,3,354,6,2,412,0,74,128,0,0,-1.0,-60.0
128,710,946,3,366,6,2,413,0,74,128,0,0,-1.0,-61.0
129,710,941,4,378,6,2,414,0,74,128,0,0,-1.0,-62.0
130,711,935,4,390,6,2,415,0,74,128,0,0,-1.0,-63.0
131,711,929,4,402,6,2,416,0,74,128,0,0,-1.0,-64.0
132,712,922,5,414,6,2,417,0,74,128,0,0,-1.0,-65.0
133,713,916,5,426,6,2,418,0,74,128,0,0,-1.0,-66.0
134,713,909,5,438,6,2,419,0,74,128,0,0,-1.0,-67.0
135,714,903,6,450,6,2,420,0,74,128,0,0,-1.0,-68.0
136,715,896,6,458,6,2,421,0,74,128,0,0,-1.0,-69.0
137,716,889,7,466,6,2,422,0,74,128,0,0,-1.0,-70.0
138,718,881,8,474,6,2,423,0,74,128,0,0,-1.0,-71.0
139,719,874,8,482,6,2,424,0,74,128,0,0,-1.0,-72.0
140,720,867,9,490,6,2,425,0,74,128,0,0,-1.0,-73.0
141,722,859,10,498,6,2,426,0,74,128,0,0,-1.0,-74.0
142,724,852,11,506,6,2,427,0,74,128,0,0,-1.0,-75.0
143,726,844,12,514,6,2,428,0,74,128,0,0,-1.0,-76.0
144,728,836,13,522,6,2,429,0,74,128,0,0,-1.0,-77.0
145,731,829,14,530,6,2,430,0,74,128,0,0,-1.0,-78.0
146,733,821,15,538,6,2,431,0,74,128,0,0,-1.0,-79.0
147,736,813,16,546,6,2,432,0,74,128,0,0,-1.0,-80.0
148,739,805,17,554,6,2,433,0,74,128,0,0,-1.0,-81.0
149,743,797,18,562,6,2,434,0,74,128,0,0,-1.0,-82.0
150,747,789,20,570,6,2,435,0,74,128,0,0,-1.0,-83.0
151,751,781,21,578,6,2,436,0,74,128,0,0,-1.0,-84.0
152,755,773,22,582,6,2,437,0,74,128,0,0,-1.0,-85.0
153,760,766,23,586,6,2,438,0,74,128,0,0,-1.0,-86.0
154,765,758,24,590,6,2,439,0,74,128,0,0,-1.0,-87.0
155,770,750,25,594,6,2,440,0,74,128,0,0,-1.0,-88.0
156,775,743,27,598,6,2,441,0,74,128,0,0,-1.0,-89.0
157,781,735,28,602,6,2,442,0,74,128,0,0,-1.0,-90.0
158,787,728,29,606,6,2,443,0,74,128,0,0,-1.0,-91.0
159,793,721,30,610,6,2,444,0,74,128,0,0,-1.0,-92.0
160,799,714,31,614,6,2,445,0,74,128,0,0,-1.0,-93.0
161,806,707,33,618,6,2,446,0,74,128,0,0,-1.0,-94.0
162,813,700,34,622,6,2,447,0,74,128,0,0,-1.0,-95.0
163,820,693,35,626,6,2,448,0,74,128,0,0,-1.0,-96.0
164,827,687,36,630,6,2,449,0,74,128,0,0,-1.0,-97.0
165,835,681,37,634,6,2,450,0,74,128,0,0,-1.0,-98.0
166,843,675,39,638,6,2,451,0,74,128,0,0,-1.0,-99.0
167,851,669,40,642,6,2,452,0,74,128,0,0,-1.0,-100.0
168,859,663,41,644,6,2,453,0,74,128,0,0,-1.0,-101.0
169,867,658,42,646,6,2,454,0,74,128,0,0,-1.0,-102.0
170,876,652,43,648,6,2,455,0,74,128,0,0,-1.0,-103.0
171,885,648,45,650,6,2,456,0,74,128,0,0,-1.0,-104.0
172,894,643,46,652,6,2,457,0,74,128,0,0,-1.0,-105.0
173,903,638,47,654,6,2,458,1,74,128,0,0,1.0,-104.0
174,912,634,48,656,6,2,459,1,74,128,0,0,-1.0,-105.0
175,922,630,49,658,6,2,460,1,74,128,0,0,-1.0,-106.0
176,931,627,50,660,6,2,461,1,74,128,0,0,-1.0,-107.0
177,941,623,52,662,6,2,462,1,74,128,0,0,-1.0,-108.0
178,951,620,53,664,6,2,463,1,74,128,0,0,-1.0,-109.0
179,961,617,54,666,6,2,464,1,74,128,0,0,-1.0,-110.0
180,971,614,54,668,6,2,465,1,74,128,0,0,-1.0,-111.0
181,981,612,55,670,6,2,466,1,74,128,0,0,-1.0,-112.0
182,991,610,56,672,6,2,467,1,74,128,0,0,-1.0,-113.0
183,1002,608,57,674,6,2,468,1,74,128,0,0,-1.0,-114.0
184,1012,606,58,676,6,2,469,1,74,128,0,0,-1.0,-115.0
185,1022,604,58,678,6,2,470,1,74,128,0,0,-1.0,-116.0
186,1033,602,59,680,6,2,471,1,74,128,0,0,-1.0,-117.0
187,1043,601,59,682,6,2,472,1,74,128,0,0,-1.0,-118.0
188,1054,600,60,684,6,2,473,1,74,128,0,0,-1.0,-119.0
189,1064,599,60,686,6,2,474,1,72,128,0,0,-1.0,-120.0
190,1075,597,61,688,6,2,475,1,72,128,0,0,-1.0,-121.0
191,1086,597,61,690,6,2,476,1,72,128,0,0,-1.0,-122.0
192,1097,596,61,692,6,2,477,1,72,128,0,0,-1.0,-123.0
193,1107,595,61,694,6,2,478,1,72,128,0,0,-1.0,-124.0
194,1118,594,62,696,6,2,479,1,72,128,0,0,-1.0,-125.0
195,1129,593,62,698,6,2,480,1,72,128,0,0,-1.0,-126.0
196,1140,593,62,700,6,2,481,1,72,128,0,0,-1.0,-127.0
197,1151,592,62,702,6,2,482,1,72,128,0,0,-1.0,-128.0
198,1162,591,62,704,6,2,483,2,72,128,0,0,1.0,-127.0
199,1173,591,62,705,6,2,484,2,72,128,0,0,-1.0,-128.0
200,1184,590,62,707,6,2,485,2,72,128,0,0,-1.0,-129.0
201,1195,589,62,708,6,2,486,2,72,128,0,0,-1.0,-130.0
202,1206,588,62,710,6,2,487,2,72,128,0,0,-1.0,-131.0
203,1217,588,62,711,6,2,488,3,72,128,0,0,1.0,-130.0
204,1228,587,62,713,6,2,489,3,72,128,0,0,-1.0,-131.0
205,1239,586,62,714,6,2,490,3,72,128,0,0,-1.0,-132.0
206,1250,586,62,716,6,2,491,3,72,128,0,0,-1.0,-133.0
207,1261,585,62,717,6,2,492,3,72,128,0,0,-1.0,-134.0
208,1272,584,62,719,6,2,493,3,72,128,0,0,-1.0,-135.0
209,1284,584,62,720,6,2,494,3,72,128,0,0,-1.0,-136.0
210,1295,583,62,722,6,2,495,3,72,128,0,0,-1.0,-137.0
211,1306,582,62,723,6,2,496,3,72,128,0,0,-1.0,-138.0
212,1317,582,62,725,6,2,497,3,74,128,0,0,-1.0,-139.0
213,1329,581,62,726,6,2,498,3,74,128,0,0,-1.0,-140.0
214,1340,580,62,728,6,2,499,3,74,128,0,0,-1.0,-141.0
215,1351,580,62,729,6,2,500,3,74,128,0,0,-1.0,-142.0
216,1363,579,62,731,6,2,501,3,74,128,0,0,-1.0,-143.0
217,1374,578,62,732,6,2,502,3,74,128,0,0,-1.0,-144.0
218,1385,578,62,734,6,2,503,3,74,128,0,0,-1.0,-145.0
219,1397,577,62,735,6,2,504,3,74,128,0,0,-1.0,-146.0
220,1408,576,62,737,6,2,505,3,74,128,0,0,-1.0,-147.0
221,1420,575,62,738,6,2,506,3,74,128,0,0,-1.0,-148.0
222,1431,575,62,740,6,2,507,3,74,128,0,0,-1.0,-149.0
223,1443,574,62,741,6,2,508,3,74,128,0,0,-1.0,-150.0
224,1454,573,62,743,6,2,509,3,74,128,0,0,-1.0,-151.0
225,1466,572,62,744,6,2,510,3,74,128,0,0,-1.0,-152.0
226,1478,572,62,746,6,2,511,3,74,128,0,0,-1.0,-153.0
227,1489,571,62,747,6,2,512,3,74,128,0,0,-1.0,-154.0
228,1501,570,62,749,6,2,513,3,74,128,0,0,-1.0,-155.0
229,1513,569,62,750,6,2,514,3,74,128,0,0,-1.0,-156.0
230,1524,569,62,752,6,2,515,3,74,128,0,0,-1.0,-157.0
231,1536,568,62,753,6,2,516,3,74,128,0,0,-1.0,-158.0
232,1548,567,62,755,6,2,517,3,74,128,0,0,-1.0,-159.0
233,1559,566,62,756,6,2,518,3,74,128,0,0,-1.0,-160.0
234,1571,566,61,758,6,2,519,3,74,128,0,0,-1.0,-161.0
235,1583,565,61,759,6,2,520,3,74,128,0,0,-1.0,-162.0
236,1595,564,61,761,6,2,521,3,74,128,0,0,-1.0,-163.0
237,1607,563,61,762,6,2,522,4,74,128,0,0,1.0,-162.0
238,1619,562,61,764,6,2,523,4,74,128,0,0,-1.0,-163.0
239,1631,562,61,765,6,2,524,4,74,128,0,0,-1.0,-164.0
240,1642,561,61,767,6,2,525,4,72,128,0,0,-1.0,-165.0
241,1654,560,61,768,6,2,526,4,72,128,0,0,-1.0,-166.0
242,1666,559,61,769,6,2,527,4,92,128,0,0,-1.0,-167.0
243,1678,558,61,745,6,2,528,4,92,128,0,0,-1.0,-168.0
244,1690,557,61,729,6,2,529,4,92,128,0,0,-1.0,-169.0
245,1701,557,61,713,6,2,530,4,92,128,0,0,-1.0,-170.0
246,1712,556,61,697,6,2,531,4,92,128,0,0,-1.0,-171.0
247,1723,555,61,681,6,2,532,4,92,128,0,0,-1.0,-172.0
248,1734,554,61,665,6,2,533,4,92,128,0,0,-1.0,-173.0
249,1744,554,61,649,6,2,534,4,92,128,0,0,-1.0,-174.0
250,1754,553,61,633,6,2,535,4,92,128,0,0,-1.0,-175.0
251,1764,552,61,617,6,2,536,4,92,128,0,0,-1.0,-176.0
252,1774,552,61,601,6,2,537,4,92,128,0,0,-1.0,-177.0
253,1783,551,61,585,6,2,538,4,92,128,0,0,-1.0,-178.0
254,1792,550,61,569,6,2,539,4,92,128,0,0,-1.0,-179.0
255,1801,550,61,577,6,2,540,4,92,128,0,0,-1.0,-180.0
256,1810,549,61,561,6,2,541,4,92,128,0,0,-1.0,-181.0
257,1819,548,61,569,6,2,542,4,92,128,0,0,-1.0,-182.0
258,1828,548,61,577,6,2,543,4,92,128,0,0,-1.0,-183.0
259,1837,547,61,561,6,2,544,4,72,128,0,0,-1.0,-184.0
260,1845,547,61,569,6,2,545,4,72,128,0,0,-1.0,-185.0
261,1854,546,61,577,6,2,546,4,72,128,0,0,-1.0,-186.0
262,1863,545,61,581,6,2,547,4,72,128,0,0,-1.0,-187.0
263,1872,545,61,585,6,2,548,4,72,128,0,0,-1.0,-188.0
264,1881,544,61,589,6,2,549,4,72,128,0,0,-1.0,-189.0
265,1891,543,61,593,6,2,550,4,74,128,0,0,-1.0,-190.0
266,1900,543,61,597,6,2,551,4,74,128,0,0,-1.0,-191.0
267,1909,542,61,601,6,2,552,4,74,128,0,0,-1.0,-192.0
268,1919,541,61,605,6,2,553,4,74,128,0,0,-1.0,-193.0
269,1928,541,61,609,6,2,554,4,74,128,0,0,-1.0,-194.0
270,1937,540,61,613,6,2,555,4,74,128,0,0,-1.0,-195.0
271,1947,539,61,617,6,2,556,4,74,128,0,0,-1.0,-196.0
272,1957,539,61,621,6,2,557,4,74,128,0,0,-1.0,-197.0
273,1966,538,62,625,6,2,558,4,74,128,0,0,-1.0,-198.0
274,1976,537,62,629,6,2,559,4,74,128,0,0,-1.0,-199.0
275,1986,537,62,633,6,2,560,5,74,128,0,0,1.0,-198.0
276,1996,536,62,637,6,2,561,5,74,128,0,0,-1.0,-199.0
277,2006,535,62,641,6,2,562,5,74,128,0,0,-1.0,-200.0
278,2016,535,62,643,6,2,563,5,74,128,0,0,-1.0,-201.0
279,2026,534,62,645,6,2,564,5,74,128,0,0,-1.0,-202.0
280,2036,533,62,647,6,2,565,5,74,128,0,0,-1.0,-203.0
281,2046,533,62,649,6,2,566,5,74,128,0,0,-1.0,-204.0
282,2056,532,62,651,6,2,567,5,74,128,0,0,-1.0,-205.0
283,2066,531,62,653,6,2,568,5,74,128,0,0,-1.0,-206.0
284,2076,531,62,655,6,2,569,5,74,128,0,0,-1.0,-207.0
285,2086,530,62,657,6,2,570,5,74,128,0,0,-1.0,-208.0
286,2097,530,62,659,6,2,571,5,74,128,0,0,-1.0,-209.0
287,2107,529,62,661,6,2,572,5,74,128,0,0,-1.0,-210.0
288,2117,528,62,663,6,2,573,5,74,128,0,0,-1.0,-211.0
289,2127,528,62,665,6,2,574,5,74,128,0,0,-1.0,-212.0
290,2138,527,62,667,6,2,575,5,74,128,0,0,-1.0,-213.0
291,2148,527,63,669,6,2,576,5,74,128,0,0,-1.0,-214.0
292,2159,526,63,671,6,2,577,5,74,128,0,0,-1.0,-215.0
293,2169,526,63,673,6,2,578,5,74,128,0,0,-1.0,-216.0
294,2180,526,63,675,6,2,579,5,74,128,0,0,-1.0,-217.0
295,2190,525,63,677,6,2,580,5,74,128,0,0,-1.0,-218.0
296,2201,525,63,679,6,2,581,5,74,128,0,0,-1.0,-219.0
297,2211,525,63,681,6,2,582,5,74,128,0,0,-1.0,-220.0
298,2222,524,63,683,6,2,583,5,74,128,0,0,-1.0,-221.0
299,2233,524,63,685,6,2,584,5,74,128,0,0,-1.0,-222.0
300,2243,524,64,687,6,2,585,5,74,128,0,0,-1.0,-223.0
301,2254,523,64,689,6,2,586,5,74,128,0,0,-1.0,-224.0
302,2265,523,64,691,6,2,587,5,74,128,0,0,-1.0,-225.0
303,2276,523,65,693,6,2,588,5,74,128,0,0,-1.0,-226.0
304,2286,523,65,695,6,2,589,5,74,128,0,0,-1.0,-227.0
305,2297,524,66,697,6,2,590,5,74,128,0,0,-1.0,-228.0
306,2308,524,66,699,6,2,591,5,74,128,0,0,-1.0,-229.0
307,2319,524,66,701,6,2,592,5,74,128,0,0,-1.0,-230.0
308,2330,524,67,703,6,2,593,5,74,128,0,0,-1.0,-231.0
309,2341,525,67,705,6,2,594,5,74,128,0,0,-1.0,-232.0
310,2352,525,68,707,6,2,595,5,74,128,0,0,-1.0,-233.0
311,2363,525,68,708,6,2,596,5,74,128,0,0,-1.0,-234.0
312,2374,526,69,710,6,2,597,6,74,128,0,0,1.0,-233.0
313,2385,527,69,711,6,2,598,6,74,128,0,0,-1.0,-234.0
314,2396,529,69,713,6,2,599,6,74,128,0,0,-1.0,-235.0
315,2407,530,69,714,6,2,600,6,74,128,0,0,-1.0,-236.0
316,2418,531,69,716,6,2,601,6,74,128,0,0,-1.0,-237.0
317,2429,532,69,717,6,2,602,6,74,128,0,0,-1.0,-238.0
318,2440,534,69,719,6,2,603,6,74,128,0,0,-1.0,-239.0
319,2452,535,69,720,6,2,604,6,74,128,0,0,-1.0,-240.0
320,2463,537,69,722,6,2,605,6,74,128,0,0,-1.0,-241.0
321,2474,538,69,723,6,2,606,6,74,128,0,0,-1.0,-242.0
322,2485,539,69,725,6,2,607,6,74,128,0,0,-1.0,-243.0
323,2496,541,69,726,6,2,608,6,74,128,0,0,-1.0,-244.0
324,2508,542,69,728,6,2,609,6,74,128,0,0,-1.0,-245.0
325,2519,543,69,729,6,2,610,6,74,128,0,0,-1.0,-246.0
326,2530,545,70,731,6,2,611,6,74,128,0,0,-1.0,-247.0
327,2541,546,70,732,6,2,612,6,74,128,0,0,-1.0,-248.0
328,2553,548,70,734,6,2,613,6,74,128,0,0,-1.0,-249.0
329,2564,549,70,735,6,2,614,6,74,128,0,0,-1.0,-250.0
330,2576,551,70,737,6,2,615,6,74,128,0,0,-1.0,-251.0
331,2587,552,70,738,6,2,616,6,74,128,0,0,-1.0,-252.0
332,2598,554,70,740,6,2,617,6,74,128,0,0,-1.0,-253.0
333,2610,556,71,741,6,2,618,6,74,128,0,0,-1.0,-254.0
334,2621,557,71,743,6,2,619,6,74,128,0,0,-1.0,-255.0
335,2633,559,72,744,6,2,620,6,72,128,0,0,-1.0,-256.0
336,2644,561,72,746,6,2,621,6,72,128,0,0,-1.0,-257.0
337,2656,563,72,747,6,2,622,6,72,128,0,0,-1.0,-258.0
338,2667,566,73,749,6,2,623,6,72,128,0,0,-1.0,-259.0
339,2678,568,73,750,6,2,624,6,72,128,0,0,-1.0,-260.0
340,2690,570,73,752,6,2,625,6,72,128,0,0,-1.0,-261.0
341,2701,573,73,753,6,2,626,6,72,128,0,0,-1.0,-262.0
342,2713,575,74,755,6,2,627,6,72,128,0,0,-1.0,-263.0
343,2724,578,74,756,6,2,628,6,72,128,0,0,-1.0,-264.0
344,2736,581,74,758,6,2,629,6,72,128,0,0,-1.0,-265.0
345,2747,583,74,759,6,2,630,6,72,128,0,0,-1.0,-266.0
346,2759,586,74,761,6,2,631,6,72,128,0,0,-1.0,-267.0
347,2770,589,74,762,6,2,632,6,72,128,0,0,-1.0,-268.0
348,2782,592,74,764,6,2,633,6,72,128,0,0,-1.0,-269.0
349,2794,595,74,765,6,2,634,6,92,128,0,0,-1.0,-270.0
350,2805,598,75,750,6,2,635,6,92,128,0,0,-1.0,-271.0
351,2817,600,75,734,6,2,636,6,92,128,0,0,-1.0,-272.0
352,2828,603,75,719,6,2,637,6,92,128,0,0,-1.0,-273.0
353,2839,606,75,703,6,2,638,6,92,128,0,0,-1.0,-274.0
354,2849,609,75,688,6,2,639,6,92,128,0,0,-1.0,-275.0
355,2859,612,76,672,6,2,640,6,92,128,0,0,-1.0,-276.0
356,2870,615,76,657,6,2,641,6,92,128,0,0,-1.0,-277.0
357,2879,618,76,641,6,2,642,6,92,128,0,0,-1.0,-278.0
358,2889,621,77,626,6,2,643,7,92,128,0,0,1.0,-277.0
359,2898,623,77,610,6,2,644,7,92,128,0,0,-1.0,-278.0
360,2907,626,78,595,6,2,645,7,92,128,0,0,-1.0,-279.0
361,2916,629,78,579,6,2,646,7,92,128,0,0,-1.0,-280.0
362,2925,632,78,564,6,2,647,7,92,128,0,0,-1.0,-281.0
363,2933,635,79,572,6,2,648,7,92,128,0,0,-1.0,-282.0
364,2942,638,79,580,6,2,649,7,92,128,0,0,-1.0,-283.0
365,2950,641,80,564,6,2,650,7,92,128,0,0,-1.0,-284.0
366,2958,645,80,572,6,2,651,7,72,128,0,0,-1.0,-285.0
367,2966,648,81,580,6,2,652,7,72,128,0,0,-1.0,-286.0
368,2975,652,82,584,6,2,653,7,72,128,0,0,-1.0,-287.0
369,2983,655,83,588,6,2,654,7,72,128,0,0,-1.0,-288.0
370,2991,659,83,592,6,2,655,7,72,128,0,0,-1.0,-289.0
371,3000,663,84,596,6,2,656,7,72,128,0,0,-1.0,-290.0
372,3008,668,85,600,6,2,657,7,72,128,0,0,-1.0,-291.0
373,3016,672,86,604,6,2,658,7,72,128,0,0,-1.0,-292.0
374,3024,677,87,608,6,2,659,7,74,128,0,0,-1.0,-293.0
375,3032,682,88,612,6,2,660,7,74,128,0,0,-1.0,-294.0
376,3040,687,89,616,6,2,661,7,74,128,0,0,-1.0,-295.0
377,3048,693,90,620,6,2,662,7,74,128,0,0,-1.0,-296.0
378,3056,699,92,624,6,2,663,7,74,128,0,0,-1.0,-297.0
379,3064,705,93,628,6,2,664,7,74,128,0,0,-1.0,-298.0
380,3071,711,94,632,6,2,665,7,74,128,0,0,-1.0,-299.0
381,3079,718,95,636,6,2,666,7,74,128,0,0,-1.0,-300.0
382,3086,724,96,640,6,2,667,7,74,128,0,0,-1.0,-301.0
383,3093,731,98,642,6,2,668,7,74,128,0,0,-1.0,-302.0
384,3100,739,99,644,6,2,669,7,74,128,0,0,-1.0,-303.0
385,3107,746,100,646,6,2,670,7,74,128,0,0,-1.0,-304.0
386,3113,754,101,648,6,2,671,7,74,128,0,0,-1.0,-305.0
387,3119,762,102,650,6,2,672,7,74,128,0,0,-1.0,-306.0
388,3125,770,103,652,6,2,673,7,74,128,0,0,-1.0,-307.0
389,3131,778,104,654,6,2,674,7,74,128,0,0,-1.0,-308.0
390,3137,787,106,656,6,2,675,7,72,128,0,0,-1.0,-309.0
391,3142,795,107,658,6,2,676,7,72,128,0,0,-1.0,-310.0
392,3148,804,108,660,6,2,677,7,72,128,0,0,-1.0,-311.0
393,3153,813,109,662,6,2,678,7,72,128,0,0,-1.0,-312.0
394,3157,822,110,664,6,2,679,7,72,128,0,0,-1.0,-313.0
395,3162,832,111,666,6,2,680,7,72,128,0,0,-1.0,-314.0
396,3166,841,112,668,6,2,681,7,72,128,0,0,-1.0,-315.0
397,3170,851,113,670,6,2,682,7,72,128,0,0,-1.0,-316.0
398,3174,861,114,672,6,2,683,7,72,128,0,0,-1.0,-317.0
399,3178,870,115,674,6,2,684,7,72,128,0,0,-1.0,-318.0
400,3181,880,115,676,6,2,685,7,72,128,0,0,-1.0,-319.0
401,3185,890,116,678,6,2,686,7,72,128,0,0,-1.0,-320.0
402,3188,901,117,680,6,2,687,7,74,128,0,0,-1.0,-321.0
403,3191,911,117,682,6,2,688,7,74,128,0,0,-1.0,-322.0
404,3194,921,118,684,6,2,689,7,74,128,0,0,-1.0,-323.0
405,3197,931,118,686,6,2,690,7,74,128,0,0,-1.0,-324.0
406,3199,942,118,688,6,2,691,7,74,128,0,0,-1.0,-325.0
407,3202,952,119,690,6,2,692,7,74,128,0,0,-1.0,-326.0
408,3205,963,119,692,6,2,693,7,74,128,0,0,-1.0,-327.0
409,3207,973,119,694,6,2,694,7,74,128,0,0,-1.0,-328.0
410,3209,984,119,696,6,2,695,7,74,128,0,0,-1.0,-329.0
411,3212,994,119,698,6,2,696,7,74,128,0,0,-1.0,-330.0
412,3214,1005,120,700,6,2,697,7,74,128,0,0,-1.0,-331.0
413,3217,1016,120,702,6,2,698,7,74,128,0,0,-1.0,-332.0
414,3219,1026,120,704,6,2,699,9,74,128,0,0,-1.0,-333.0
415,3221,1037,120,705,6,2,700,9,74,128,0,0,-1.0,-334.0
416,3224,1048,119,707,6,2,701,9,74,128,0,0,-1.0,-335.0
417,3226,1059,119,708,6,2,702,9,74,128,0,0,-1.0,-336.0
418,3229,1069,119,710,6,2,703,9,74,128,0,0,-1.0,-337.0
419,3231,1080,119,711,6,2,704,9,74,128,0,0,-1.0,-338.0
420,3234,1091,119,713,6,2,705,9,74,128,0,0,-1.0,-339.0
421,3236,1102,119,714,6,2,706,9,74,128,0,0,-1.0,-340.0
422,3238,1113,119,716,6,2,707,9,74,128,0,0,-1.0,-341.0
423,3241,1124,119,717,6,2,708,9,74,128,0,0,-1.0,-342.0
424,3243,1135,119,719,6,2,709,9,74,128,0,0,-1.0,-343.0
425,3246,1146,119,720,6,2,710,9,74,128,0,0,-1.0,-344.0
426,3248,1157,119,722,6,2,711,9,74,128,0,0,-1.0,-345.0
427,3251,1168,119,723,6,2,712,9,74,128,0,0,-1.0,-346.0
428,3253,1179,119,725,6,2,713,9,74,128,0,0,-1.0,-347.0
429,3256,1190,119,726,6,2,714,9,74,128,0,0,-1.0,-348.0
430,3258,1201,119,728,6,2,715,9,74,128,0,0,-1.0,-349.0
431,3261,1212,119,729,6,2,716,9,74,128,0,0,-1.0,-350.0
432,3263,1223,119,731,6,2,717,9,74,128,0,0,-1.0,-351.0
433,3266,1234,119,732,6,2,718,9,74,128,0,0,-1.0,-352.0
434,3268,1245,119,734,6,2,719,9,74,128,0,0,-1.0,-353.0
435,3271,1257,119,735,6,2,720,9,74,128,0,0,-1.0,-354.0
436,3273,1268,119,737,6,2,721,9,74,128,0,0,-1.0,-355.0
437,3276,1279,119,738,6,2,722,9,74,128,0,0,-1.0,-356.0
438,3278,1290,119,740,6,2,723,9,72,128,0,0,-1.0,-357.0
439,3281,1302,119,741,6,2,724,9,72,128,0,0,-1.0,-358.0
440,3284,1313,119,743,6,2,725,9,72,128,0,0,-1.0,-359.0
441,3286,1324,119,744,6,2,726,9,72,128,0,0,-1.0,-360.0
442,3289,1336,119,746,6,2,727,9,72,128,0,0,-1.0,-361.0
443,3291,1347,119,747,6,2,728,9,72,128,0,0,-1.0,-362.0
444,3294,1358,119,749,6,2,729,9,92,128,0,0,-1.0,-363.0
445,3297,1370,119,733,6,2,730,9,92,128,0,0,-1.0,-364.0
446,3299,1381,119,718,6,2,731,9,92,128,0,0,-1.0,-365.0
447,3302,1392,119,702,6,2,732,9,92,128,0,0,-1.0,-366.0
448,3304,1403,119,687,6,2,733,9,92,128,0,0,-1.0,-367.0
449,3307,1413,119,671,6,2,734,9,92,128,0,0,-1.0,-368.0
450,3309,1423,119,656,6,2,735,9,92,128,0,0,-1.0,-369.0
451,3311,1433,119,640,6,2,736,9,92,128,0,0,-1.0,-370.0
452,3314,1443,119,625,6,2,737,9,92,128,0,0,-1.0,-371.0
453,3316,1452,119,609,6,2,738,9,92,128,0,0,-1.0,-372.0
454,3318,1462,119,594,6,2,739,9,92,128,0,0,-1.0,-373.0
455,3320,1471,119,578,6,2,740,9,92,128,0,0,-1.0,-374.0
456,3322,1480,119,563,6,2,741,10,92,128,0,0,-1.0,-375.0
457,3324,1488,119,571,6,2,742,10,92,128,0,0,-1.0,-376.0
458,3327,1497,119,579,6,2,743,10,92,128,0,0,-1.0,-377.0
459,3329,1506,119,563,6,2,744,10,92,128,0,0,-1.0,-378.0
460,3331,1514,119,571,6,2,745,10,92,128,0,0,-1.0,-379.0
461,3333,1523,119,579,6,2,746,10,92,128,0,0,-1.0,-380.0
462,3335,1532,119,563,6,2,747,10,92,128,0,0,-1.0,-381.0
463,3337,1540,119,571,6,2,748,10,92,128,0,0,-1.0,-382.0
464,3339,1549,119,579,6,2,749,10,92,128,0,0,-1.0,-383.0
465,3341,1558,119,563,6,2,750,10,92,128,0,0,-1.0,-384.0
466,3343,1566,119,571,6,2,751,10,92,128,0,0,-1.0,-385.0
467,3345,1575,119,579,6,2,752,10,92,128,0,0,-1.0,-386.0
468,3347,1584,119,563,6,2,753,10,92,128,0,0,-1.0,-387.0
469,3349,1592,119,571,6,2,754,10,92,128,0,0,-1.0,-388.0
470,3351,1601,119,579,6,2,755,10,92,128,0,0,-1.0,-389.0
471,3353,1610,119,563,6,2,756,10,92,128,0,0,-1.0,-390.0
472,3356,1618,119,571,6,2,757,10,92,128,0,0,-1.0,-391.0
473,3358,1627,119,579,6,2,758,10,92,128,0,0,-1.0,-392.0
474,3360,1636,119,563,6,2,759,10,92,128,0,0,-1.0,-393.0
475,3362,1644,119,571,6,2,760,10,92,128,0,0,-1.0,-394.0
476,3364,1653,119,579,6,2,761,10,92,128,0,0,-1.0,-395.0
477,3366,1662,119,563,6,2,762,10,92,128,0,0,-1.0,-396.0
478,3368,1670,119,571,6,2,763,10,92,128,0,0,-1.0,-397.0
479,3370,1679,119,579,6,2,764,10,92,128,0,0,-1.0,-398.0
480,3372,1688,119,563,6,2,765,10,92,128,0,0,-1.0,-399.0
481,3374,1696,119,571,6,2,766,10,92,128,0,0,-1.0,-400.0
482,3376,1705,119,579,6,2,767,10,92,128,0,0,-1.0,-401.0
483,3379,1714,119,563,6,2,768,10,92,128,0,0,-1.0,-402.0
484,3381,1723,119,571,6,2,769,10,92,128,0,0,-1.0,-403.0
485,3383,1731,119,579,6,2,770,11,92,128,0,0,-1.0,-404.0
486,3385,1740,119,563,6,2,771,11,92,128,0,0,-1.0,-405.0
487,3387,1749,119,571,6,2,772,11,92,128,0,0,-1.0,-406.0
488,3389,1757,119,579,6,2,773,11,92,128,0,0,-1.0,-407.0
489,3391,1766,119,563,6,2,774,11,92,128,0,0,-1.0,-408.0
490,3393,1775,119,571,6,2,775,11,92,128,0,0,-1.0,-409.0
491,3395,1783,119,579,6,2,776,11,92,128,0,0,-1.0,-410.0
492,3397,1792,119,563,6,2,777,11,92,128,0,0,-1.0,-411.0
493,3399,1801,119,571,6,2,778,11,92,128,0,0,-1.0,-412.0
494,3402,1809,119,579,6,2,779,11,92,128,0,0,-1.0,-413.0
495,3404,1818,119,563,6,2,780,11,92,128,0,0,-1.0,-414.0
496,3406,1827,119,571,6,2,781,11,92,128,0,0,-1.0,-415.0
497,3408,1835,119,579,6,2,782,11,92,128,0,0,-1.0,-416.0
498,3410,1844,119,563,6,2,783,11,92,128,0,0,-1.0,-417.0
499,3412,1853,119,571,6,2,784,11,92,128,0,0,-1.0,-418.0
500,3414,1861,119,579,6,2,785,11,92,128,0,0,-1.0,-419.0
501,3416,1870,119,563,6,2,786,11,92,128,0,0,-1.0,-420.0
502,3418,1879,119,571,6,2,787,11,92,128,0,0,-1.0,-421.0
503,3421,1887,119,579,6,2,788,11,92,128,0,0,-1.0,-422.0
504,3423,1896,119,563,6,2,789,11,92,128,0,0,-1.0,-423.0
505,3425,1905,119,571,6,2,790,11,92,128,0,0,-1.0,-424.0
506,3427,1913,119,579,6,2,791,11,92,128,0,0,-1.0,-425.0
507,3429,1922,119,563,6,2,792,11,92,128,0,0,-1.0,-426.0
508,3431,1931,119,571,6,2,793,11,92,128,0,0,-1.0,-427.0
509,3433,1939,119,563,6,2,794,11,92,128,0,0,-1.0,-428.0
510,3435,1948,119,571,6,2,795,11,92,128,0,0,-1.0,-429.0
511,3437,1957,119,579,6,2,796,11,92,128,0,0,-1.0,-430.0
512,3439,1965,119,563,6,2,797,11,92,128,0,0,-1.0,-431.0
513,3442,1974,119,571,6,2,798,11,92,128,0,0,-1.0,-432.0
514,3444,1983,119,579,6,2,799,11,92,128,0,0,-1.0,-433.0
515,3446,1991,119,563,6,2,800,12,92,128,0,0,-1.0,-434.0
516,3448,2000,119,571,6,2,801,12,92,128,0,0,-1.0,-435.0
517,3450,2009,119,579,6,2,802,12,92,128,0,0,-1.0,-436.0
518,3452,2017,119,563,6,2,803,12,92,128,0,0,-1.0,-437.0
519,3454,2026,119,571,6,2,804,12,92,128,0,0,-1.0,-438.0
520,3456,2035,119,579,6,2,805,12,92,128,0,0,-1.0,-439.0
521,3458,2044,119,563,6,2,806,12,92,128,0,0,-1.0,-440.0
522,3460,2052,119,571,6,2,807,12,92,128,0,0,-1.0,-441.0
523,3462,2061,119,579,6,2,808,12,92,128,0,0,-1.0,-442.0
524,3465,2070,119,563,6,2,809,12,92,128,0,0,-1.0,-443.0
525,3467,2078,119,571,6,2,810,12,92,128,0,0,-1.0,-444.0
526,3469,2087,119,579,6,2,811,12,92,128,0,0,-1.0,-445.0
527,3471,2096,119,563,6,2,812,12,92,128,0,0,-1.0,-446.0
528,3473,2104,119,571,6,2,813,12,92,128,0,0,-1.0,-447.0
529,3475,2113,119,579,6,2,814,12,92,128,0,0,-1.0,-448.0
530,3477,2122,119,563,6,2,815,12,92,128,0,0,-1.0,-449.0
531,3479,2130,119,571,6,2,816,12,92,128,0,0,-1.0,-450.0
532,3482,2139,119,579,6,2,817,12,92,128,0,0,-1.0,-451.0
533,3484,2148,119,563,6,2,818,12,72,128,0,0,-1.0,-452.0
534,3486,2156,119,571,6,2,819,12,72,128,0,0,-1.0,-453.0
535,3488,2165,119,579,6,2,820,12,72,128,0,0,-1.0,-454.0
536,3490,2174,119,583,6,2,821,12,72,128,0,0,-1.0,-455.0
537,3493,2182,118,587,6,2,822,12,72,128,0,0,-1.0,-456.0
538,3495,2191,118,591,6,2,823,12,72,128,0,0,-1.0,-457.0
539,3497,2200,118,595,6,2,824,12,72,128,0,0,-1.0,-458.0
540,3499,2209,119,599,6,2,825,12,72,128,0,0,-1.0,-459.0
541,3501,2218,119,603,6,2,826,12,74,128,0,0,-1.0,-460.0
542,3504,2228,119,607,6,2,827,12,74,128,0,0,-1.0,-461.0
543,3506,2237,119,611,6,2,828,12,74,128,0,0,-1.0,-462.0
544,3508,2246,119,615,6,2,829,13,74,128,0,0,-1.0,-463.0
545,3510,2255,119,619,6,2,830,13,74,128,0,0,-1.0,-464.0
546,3513,2265,119,623,6,2,831,13,74,128,0,0,-1.0,-465.0
547,3515,2274,119,627,6,2,832,13,74,128,0,0,-1.0,-466.0
548,3517,2284,119,631,6,2,833,13,74,128,0,0,-1.0,-467.0
549,3520,2293,119,635,6,2,834,13,74,128,0,0,-1.0,-468.0
550,3522,2303,119,639,6,2,835,13,74,128,0,0,-1.0,-469.0
551,3524,2313,119,643,6,2,836,13,74,128,0,0,-1.0,-470.0
552,3527,2323,119,645,6,2,837,13,74,128,0,0,-1.0,-471.0
553,3529,2332,119,647,6,2,838,13,74,128,0,0,-1.0,-472.0
554,3531,2342,119,649,6,2,839,13,74,128,0,0,-1.0,-473.0
555,3533,2352,119,651,6,2,840,13,74,128,0,0,-1.0,-474.0
556,3536,2362,119,653,6,2,841,13,74,128,0,0,-1.0,-475.0
557,3538,2372,120,655,6,2,842,13,74,128,0,0,-1.0,-476.0
558,3540,2382,120,657,6,2,843,13,74,128,0,0,-1.0,-477.0
559,3542,2392,120,659,6,2,844,13,74,128,0,0,-1.0,-478.0
560,3544,2402,120,661,6,2,845,13,74,128,0,0,-1.0,-479.0
561,3546,2412,121,663,6,2,846,13,72,128,0,0,-1.0,-480.0
562,3548,2422,121,665,6,2,847,13,72,128,0,0,-1.0,-481.0
563,3550,2433,121,667,6,2,848,13,72,128,0,0,-1.0,-482.0
564,3552,2443,122,669,6,2,849,13,74,128,0,0,-1.0,-483.0
565,3554,2453,122,671,6,2,850,13,74,128,0,0,-1.0,-484.0
566,3555,2464,123,673,6,2,851,13,74,128,0,0,-1.0,-485.0
567,3557,2474,124,675,6,2,852,13,74,128,0,0,-1.0,-486.0
568,3558,2484,124,677,6,2,853,13,74,128,0,0,-1.0,-487.0
569,3560,2495,125,679,6,2,854,13,74,128,0,0,-1.0,-488.0
570,3561,2505,126,681,6,2,855,13,74,128,0,0,-1.0,-489.0
571,3563,2516,127,683,6,2,856,13,74,128,0,0,-1.0,-490.0
572,3564,2527,128,685,6,2,857,13,74,128,0,0,-1.0,-491.0
573,3566,2537,128,677,6,2,858,13,74,128,0,0,-1.0,-492.0
574,3567,2548,129,679,6,2,859,13,74,128,0,0,-1.0,-493.0
575,3568,2558,131,681,6,2,860,13,74,128,0,0,-1.0,-494.0
576,3568,2569,132,683,6,2,861,14,74,128,0,0,-1.0,-495.0
577,3569,2580,133,685,6,2,862,14,74,128,0,0,-1.0,-496.0
578,3569,2590,134,687,6,2,863,14,74,128,0,0,-1.0,-497.0
579,3569,2601,135,689,6,2,864,14,74,128,0,0,-1.0,-498.0
580,3568,2612,136,691,6,2,865,14,74,128,0,0,-1.0,-499.0
581,3568,2623,137,693,6,2,866,14,74,128,0,0,-1.0,-500.0
582,3567,2633,138,695,6,2,867,14,74,128,0,0,-1.0,-501.0
583,3566,2644,139,697,6,2,868,14,74,128,0,0,-1.0,-502.0
584,3565,2655,140,699,6,2,869,14,74,128,0,0,-1.0,-503.0
585,3563,2666,141,701,6,2,870,14,74,128,0,0,-1.0,-504.0
586,3560,2676,143,703,6,2,871,14,74,128,0,0,-1.0,-505.0
587,3558,2687,144,705,6,2,872,14,74,128,0,0,-1.0,-506.0
588,3555,2698,145,706,6,2,873,14,74,128,0,0,-1.0,-507.0
589,3552,2708,146,708,6,2,874,14,74,128,0,0,-1.0,-508.0
590,3548,2719,147,709,6,2,875,14,74,128,0,0,-1.0,-509.0
591,3544,2729,148,711,6,2,876,14,74,128,0,0,-1.0,-510.0
592,3540,2739,149,712,6,2,877,14,74,128,0,0,-1.0,-511.0
593,3535,2750,150,714,6,2,878,14,74,128,0,0,-1.0,-512.0
594,3530,2760,151,715,6,2,879,14,74,128,0,0,-1.0,-513.0
595,3525,2770,152,717,6,2,880,14,74,128,0,0,-1.0,-514.0
596,3520,2779,154,718,6,2,881,14,74,128,0,0,-1.0,-515.0
597,3514,2789,155,720,6,2,882,14,74,128,0,0,-1.0,-516.0
598,3507,2798,156,721,6,2,883,14,74,128,0,0,-1.0,-517.0
599,3501,2807,157,723,6,2,884,14,74,128,0,0,-1.0,-518.0
600,3494,2816,157,724,6,2,885,15,74,128,0,0,-1.0,-519.0
601,3486,2825,158,717,6,2,886,15,74,128,0,0,-1.0,-520.0
602,3479,2833,159,718,6,2,887,15,74,128,0,0,-1.0,-521.0
603,3471,2841,160,720,6,2,888,15,74,128,0,0,-1.0,-522.0
604,3464,2850,161,721,6,2,889,15,74,128,0,0,-1.0,-523.0
605,3455,2857,161,723,6,2,890,15,74,128,0,0,-1.0,-524.0
606,3447,2865,162,724,6,2,891,15,74,128,0,0,-1.0,-525.0
607,3439,2873,162,726,6,2,892,15,74,128,0,0,-1.0,-526.0
608,3430,2880,163,727,6,2,893,15,74,128,0,0,-1.0,-527.0
609,3422,2888,163,729,6,2,894,15,74,128,0,0,-1.0,-528.0
610,3413,2895,163,730,6,2,895,15,74,128,0,0,-1.0,-529.0
611,3404,2902,164,732,6,2,896,15,74,128,0,0,-1.0,-530.0
612,3395,2909,164,733,6,2,897,15,74,128,0,0,-1.0,-531.0
613,3386,2917,164,735,6,2,898,15,74,128,0,0,-1.0,-532.0
614,3377,2924,164,736,6,2,899,15,74,128,0,0,-1.0,-533.0
615,3368,2931,164,738,6,2,900,15,74,128,0,0,-1.0,-534.0
616,3360,2938,164,739,6,2,901,15,74,128,0,0,-1.0,-535.0
617,3351,2946,164,741,6,2,902,15,72,128,0,0,-1.0,-536.0
618,3342,2953,164,742,6,2,903,15,74,128,0,0,-1.0,-537.0
619,3333,2960,164,744,6,2,904,15,74,128,0,0,-1.0,-538.0
620,3324,2968,164,745,6,2,905,15,72,128,0,0,-1.0,-539.0
621,3315,2975,164,747,6,2,906,15,72,128,0,0,-1.0,-540.0
622,3306,2983,164,748,6,2,907,15,74,128,0,0,-1.0,-541.0
623,3297,2990,164,750,6,2,908,15,74,128,0,0,-1.0,-542.0
624,3287,2997,164,751,6,2,909,15,72,128,0,0,-1.0,-543.0
625,3278,3005,165,753,6,2,910,15,72,128,0,0,-1.0,-544.0
626,3269,3012,165,754,6,2,911,15,72,128,0,0,-1.0,-545.0
627,3260,3020,165,756,6,2,912,15,72,128,0,0,-1.0,-546.0
628,3251,3027,166,757,6,2,913,15,72,128,0,0,-1.0,-547.0
629,3241,3034,166,759,6,2,914,15,72,128,0,0,-1.0,-548.0
630,3232,3041,166,760,6,2,915,15,72,128,0,0,-1.0,-549.0
631,3222,3048,167,762,6,2,916,15,72,128,0,0,-1.0,-550.0
632,3213,3055,167,763,6,2,917,15,72,128,0,0,-1.0,-551.0
633,3203,3062,168,765,6,2,918,15,72,128,0,0,-1.0,-552.0
634,3193,3069,168,766,6,2,919,15,74,128,0,0,-1.0,-553.0
635,3183,3076,169,768,6,2,920,15,74,128,0,0,-1.0,-554.0
636,3173,3082,169,769,6,2,921,15,74,128,0,0,-1.0,-555.0
637,3163,3089,170,759,6,2,922,15,74,128,0,0,-1.0,-556.0
638,3153,3095,170,751,6,2,923,15,74,128,0,0,-1.0,-557.0
639,3143,3101,171,752,6,2,924,15,74,128,0,0,-1.0,-558.0
640,3132,3107,171,754,6,2,925,16,74,128,0,0,-1.0,-559.0
641,3122,3113,172,755,6,2,926,16,74,128,0,0,-1.0,-560.0
642,3112,3119,172,757,6,2,927,16,74,128,0,0,-1.0,-561.0
643,3102,3125,173,758,6,2,928,16,74,128,0,0,-1.0,-562.0
644,3091,3130,173,760,6,2,929,16,74,128,0,0,-1.0,-563.0
645,3081,3136,174,761,6,2,930,16,74,128,0,0,-1.0,-564.0
646,3070,3142,175,763,6,2,931,16,74,128,0,0,-1.0,-565.0
647,3060,3147,175,764,6,2,932,16,74,128,0,0,-1.0,-566.0
648,3049,3153,176,766,6,2,933,16,74,128,0,0,-1.0,-567.0
649,3038,3158,176,758,6,2,934,16,74,128,0,0,-1.0,-568.0
650,3028,3163,177,760,6,2,935,16,74,128,0,0,-1.0,-569.0
651,3017,3167,177,761,6,2,936,16,74,128,0,0,-1.0,-570.0
652,3006,3171,178,763,6,2,937,16,74,128,0,0,-1.0,-571.0
653,2994,3176,178,764,6,2,938,16,74,128,0,0,-1.0,-572.0
654,2983,3180,178,766,6,2,939,16,74,128,0,0,-1.0,-573.0
655,2972,3184,179,767,6,2,940,16,74,128,0,0,-1.0,-574.0
656,2961,3188,179,769,6,2,941,16,74,128,0,0,-1.0,-575.0
657,2949,3192,179,770,6,2,942,16,74,128,0,0,-1.0,-576.0
658,2938,3196,179,771,6,2,943,16,74,128,0,0,-1.0,-577.0
659,2927,3200,179,772,6,2,944,16,74,128,0,0,-1.0,-578.0
660,2915,3204,179,773,6,2,945,16,74,128,0,0,-1.0,-579.0
661,2904,3208,179,774,6,2,946,16,74,128,0,0,-1.0,-580.0
662,2892,3212,179,775,6,2,947,16,74,128,0,0,-1.0,-581.0
663,2881,3216,179,776,6,2,948,16,74,128,0,0,-1.0,-582.0
664,2869,3220,179,777,6,2,949,16,74,128,0,0,-1.0,-583.0
665,2858,3224,179,778,6,2,950,16,74,128,0,0,-1.0,-584.0
666,2846,3228,179,779,6,2,951,16,74,128,0,0,-1.0,-585.0
667,2835,3232,179,780,6,2,952,16,74,128,0,0,-1.0,-586.0
668,2823,3236,179,781,6,2,953,16,74,128,0,0,-1.0,-587.0
669,2812,3240,179,771,6,2,954,18,72,128,0,0,-1.0,-588.0
670,2800,3244,179,772,6,2,955,18,72,128,0,0,-1.0,-589.0
671,2789,3248,179,773,6,2,956,18,72,128,0,0,-1.0,-590.0
672,2778,3251,179,774,6,2,957,18,72,128,0,0,-1.0,-591.0
673,2766,3255,179,775,6,2,958,18,72,128,0,0,-1.0,-592.0
674,2755,3259,179,776,6,2,959,18,72,128,0,0,-1.0,-593.0
675,2743,3263,179,777,6,2,960,18,92,128,0,0,-1.0,-594.0
676,2732,3267,179,753,6,2,961,18,92,128,0,0,-1.0,-595.0
677,2721,3271,179,737,6,2,962,18,92,128,0,0,-1.0,-596.0
678,2710,3275,179,721,6,2,963,18,92,128,0,0,-1.0,-597.0
679,2699,3279,179,705,6,2,964,18,92,128,0,0,-1.0,-598.0
680,2689,3282,179,689,6,2,965,18,92,128,0,0,-1.0,-599.0
681,2678,3286,179,673,6,2,966,18,92,128,0,0,-1.0,-600.0
682,2668,3289,179,657,6,2,967,18,92,128,0,0,-1.0,-601.0
683,2659,3292,179,641,6,2,968,18,92,128,0,0,-1.0,-602.0
684,2649,3296,179,625,6,2,969,18,92,128,0,0,-1.0,-603.0
685,2640,3299,179,609,6,2,970,18,92,128,0,0,-1.0,-604.0
686,2631,3302,179,593,6,2,971,18,92,128,0,0,-1.0,-605.0
687,2622,3305,179,585,6,2,972,18,92,128,0,0,-1.0,-606.0
688,2614,3308,179,569,6,2,973,18,92,128,0,0,-1.0,-607.0
689,2605,3311,179,561,6,2,974,18,92,128,0,0,-1.0,-608.0
690,2597,3314,179,553,6,2,975,18,92,128,0,0,-1.0,-609.0
691,2589,3317,179,561,6,2,976,18,92,128,0,0,-1.0,-610.0
692,2580,3319,179,569,6,2,977,18,92,128,0,0,-1.0,-611.0
693,2572,3322,179,561,6,2,978,18,92,128,0,0,-1.0,-612.0
694,2564,3325,179,569,6,2,979,18,92,128,0,0,-1.0,-613.0
695,2555,3328,179,577,6,2,980,18,92,128,0,0,-1.0,-614.0
696,2547,3331,179,569,6,2,981,18,92,128,0,0,-1.0,-615.0
697,2538,3334,179,577,6,2,982,18,92,128,0,0,-1.0,-616.0
698,2530,3337,179,561,6,2,983,18,92,128,0,0,-1.0,-617.0
699,2521,3340,179,569,6,2,984,18,92,128,0,0,-1.0,-618.0
700,2513,3343,179,577,6,2,985,18,92,128,0,0,-1.0,-619.0
701,2505,3346,179,561,6,2,986,18,92,128,0,0,-1.0,-620.0
702,2496,3348,179,553,6,2,987,18,92,128,0,0,-1.0,-621.0
703,2488,3351,179,545,6,2,988,18,92,128,0,0,-1.0,-622.0
704,2480,3354,179,553,6,2,989,18,92,128,0,0,-1.0,-623.0
705,2472,3357,179,561,6,2,990,18,92,128,0,0,-1.0,-624.0
706,2463,3360,179,569,6,2,991,18,72,128,0,0,-1.0,-625.0
707,2455,3363,179,577,6,2,992,18,72,128,0,0,-1.0,-626.0
708,2447,3366,179,581,6,2,993,18,72,128,0,0,-1.0,-627.0
709,2438,3368,179,573,6,2,994,18,72,128,0,0,-1.0,-628.0
710,2429,3371,179,581,6,2,995,18,72,128,0,0,-1.0,-629.0
711,2421,3374,179,585,6,2,996,18,72,128,0,0,-1.0,-630.0
712,2412,3377,179,589,6,2,997,18,72,128,0,0,-1.0,-631.0
713,2404,3380,179,593,6,2,998,18,72,128,0,0,-1.0,-632.0
714,2395,3383,179,597,6,2,999,18,72,128,0,0,-1.0,-633.0
715,2386,3386,179,589,6,2,1000,18,72,128,0,0,-1.0,-634.0
716,2377,3389,179,581,6,2,1001,18,72,128,0,0,-1.0,-635.0
717,2369,3392,179,585,6,2,1002,18,72,128,0,0,-1.0,-636.0
718,2360,3395,179,589,6,2,1003,18,72,128,0,0,-1.0,-637.0
719,2351,3398,179,593,6,2,1004,18,72,128,0,0,-1.0,-638.0
720,2343,3401,179,597,6,2,1005,18,72,128,0,0,-1.0,-639.0
721,2334,3405,179,589,6,2,1006,18,72,128,0,0,-1.0,-640.0
722,2325,3408,179,593,6,2,1007,18,72,128,0,0,-1.0,-641.0
723,2316,3411,179,597,6,2,1008,18,72,128,0,0,-1.0,-642.0
724,2307,3414,179,601,6,2,1009,18,72,128,0,0,-1.0,-643.0
725,2299,3417,179,605,6,2,1010,20,72,128,0,0,-1.0,-644.0
726,2290,3420,179,609,6,2,1011,20,72,128,0,0,-1.0,-645.0
727,2281,3423,179,601,6,2,1012,20,72,128,0,0,-1.0,-646.0
728,2272,3426,179,593,6,2,1013,20,72,128,0,0,-1.0,-647.0
729,2263,3429,179,597,6,2,1014,20,72,128,0,0,-1.0,-648.0
730,2254,3432,179,589,6,2,1015,20,72,128,0,0,-1.0,-649.0
731,2245,3435,179,593,6,2,1016,20,72,128,0,0,-1.0,-650.0
732,2237,3438,179,597,6,2,1017,20,72,128,0,0,-1.0,-651.0
733,2228,3441,179,601,6,2,1018,20,72,128,0,0,-1.0,-652.0
734,2219,3444,179,605,6,2,1019,20,72,128,0,0,-1.0,-653.0
735,2210,3447,179,609,6,2,1020,20,72,128,0,0,-1.0,-654.0
736,2201,3450,179,613,6,2,1021,20,72,128,0,0,-1.0,-655.0
737,2192,3454,179,605,6,2,1022,20,72,128,0,0,-1.0,-656.0
738,2183,3457,179,609,6,2,1023,20,72,128,0,0,-1.0,-657.0
739,2174,3460,179,613,6,2,1024,20,72,128,0,0,-1.0,-658.0
740,2165,3463,179,617,6,2,1025,20,72,128,0,0,-1.0,-659.0
741,2156,3466,179,609,6,2,1026,20,72,128,0,0,-1.0,-660.0
742,2147,3469,179,613,6,2,1027,20,72,128,0,0,-1.0,-661.0
743,2138,3472,179,617,6,2,1028,20,74,128,0,0,-1.0,-662.0
744,2129,3476,179,609,6,2,1029,20,74,128,0,0,-1.0,-663.0
745,2120,3479,179,601,6,2,1030,20,74,128,0,0,-1.0,-664.0
746,2111,3482,179,593,6,2,1031,20,74,128,0,0,-1.0,-665.0
747,2102,3485,179,585,6,2,1032,20,74,128,0,0,-1.0,-666.0
748,2093,3488,179,577,6,2,1033,20,74,128,0,0,-1.0,-667.0
749,2085,3491,179,569,6,2,1034,20,74,128,0,0,-1.0,-668.0
750,2076,3494,179,577,6,2,1035,20,74,128,0,0,-1.0,-669.0
751,2068,3497,179,581,6,2,1036,20,74,128,0,0,-1.0,-670.0
752,2059,3500,179,585,6,2,1037,20,74,128,0,0,-1.0,-671.0
753,2051,3503,179,577,6,2,1038,20,74,128,0,0,-1.0,-672.0
754,2042,3506,179,581,6,2,1039,20,74,128,0,0,-1.0,-673.0
755,2034,3509,179,573,6,2,1040,20,74,128,0,0,-1.0,-674.0
756,2025,3512,179,565,6,2,1041,20,74,128,0,0,-1.0,-675.0
757,2017,3515,179,573,6,2,1042,20,74,128,0,0,-1.0,-676.0
758,2008,3518,179,581,6,2,1043,20,74,128,0,0,-1.0,-677.0
759,2000,3521,179,585,6,2,1044,20,74,128,0,0,-1.0,-678.0
760,1991,3524,179,589,6,2,1045,20,74,128,0,0,-1.0,-679.0
761,1983,3527,179,593,6,2,1046,22,74,128,0,0,-1.0,-680.0
762,1974,3530,179,585,6,2,1047,22,74,128,0,0,-1.0,-681.0
763,1965,3533,179,589,6,2,1048,22,74,128,0,0,-1.0,-682.0
764,1956,3536,179,593,6,2,1049,22,74,128,0,0,-1.0,-683.0
765,1948,3539,179,597,6,2,1050,22,74,128,0,0,-1.0,-684.0
766,1939,3542,179,601,6,2,1051,22,74,128,0,0,-1.0,-685.0
767,1930,3545,179,605,6,2,1052,22,74,128,0,0,-1.0,-686.0
768,1921,3549,179,609,6,2,1053,22,74,128,0,0,-1.0,-687.0
769,1912,3552,180,613,6,2,1054,22,74,128,0,0,-1.0,-688.0
770,1903,3555,180,617,6,2,1055,22,74,128,0,0,-1.0,-689.0
771,1894,3557,180,621,6,2,1056,22,74,128,0,0,-1.0,-690.0
772,1884,3560,181,625,6,2,1057,22,74,128,0,0,-1.0,-691.0
773,1875,3563,181,629,6,2,1058,22,74,128,0,0,-1.0,-692.0
774,1866,3566,181,621,6,2,1059,22,74,128,0,0,-1.0,-693.0
775,1856,3569,182,625,6,2,1060,22,74,128,0,0,-1.0,-694.0
776,1847,3571,182,629,6,2,1061,22,74,128,0,0,-1.0,-695.0
777,1837,3574,183,633,6,2,1062,22,74,128,0,0,-1.0,-696.0
778,1828,3576,184,637,6,2,1063,22,74,128,0,0,-1.0,-697.0
779,1818,3578,184,641,6,2,1064,22,74,128,0,0,-1.0,-698.0
780,1808,3580,185,643,6,2,1065,22,74,128,0,0,-1.0,-699.0
781,1798,3582,186,645,6,2,1066,22,74,128,0,0,-1.0,-700.0
782,1788,3583,187,637,6,2,1067,22,74,128,0,0,-1.0,-701.0
783,1778,3585,187,641,6,2,1068,22,74,128,0,0,-1.0,-702.0
784,1768,3586,188,643,6,2,1069,22,74,128,0,0,-1.0,-703.0
785,1758,3587,189,645,6,2,1070,22,74,128,0,0,-1.0,-704.0
786,1748,3588,190,647,6,2,1071,22,74,128,0,0,-1.0,-705.0
787,1738,3589,190,639,6,2,1072,22,74,128,0,0,-1.0,-706.0
788,1728,3589,191,631,6,2,1073,22,74,128,0,0,-1.0,-707.0
789,1719,3590,191,635,6,2,1074,24,74,128,0,0,-1.0,-708.0
790,1709,3590,192,639,6,2,1075,24,74,128,0,0,-1.0,-709.0
791,1699,3590,192,643,6,2,1076,24,74,128,0,0,-1.0,-710.0
792,1689,3591,192,645,6,2,1077,24,74,128,0,0,-1.0,-711.0
793,1678,3591,192,647,6,2,1078,24,74,128,0,0,-1.0,-712.0
794,1668,3591,193,649,6,2,1079,24,74,128,0,0,-1.0,-713.0
795,1658,3591,193,651,6,2,1080,24,74,128,0,0,-1.0,-714.0
796,1648,3591,193,653,6,2,1081,24,74,128,0,0,-1.0,-715.0
797,1638,3590,193,655,6,2,1082,24,74,128,0,0,-1.0,-716.0
798,1628,3590,193,647,6,2,1083,24,74,128,0,0,-1.0,-717.0
799,1618,3590,193,649,6,2,1084,24,74,128,0,0,-1.0,-718.0
800,1607,3590,193,641,6,2,1085,24,74,128,0,0,-1.0,-719.0
801,1597,3590,193,643,6,2,1086,24,74,128,0,0,-1.0,-720.0
802,1587,3590,193,645,6,2,1087,24,74,128,0,0,-1.0,-721.0
803,1577,3590,193,647,6,2,1088,24,74,128,0,0,-1.0,-722.0
804,1567,3590,193,649,6,2,1089,24,74,128,0,0,-1.0,-723.0
805,1557,3590,193,641,6,2,1090,24,74,128,0,0,-1.0,-724.0
806,1547,3589,193,643,6,2,1091,24,74,128,0,0,-1.0,-725.0
807,1537,3589,193,645,6,2,1092,24,74,128,0,0,-1.0,-726.0
808,1527,3589,193,647,6,2,1093,24,74,128,0,0,-1.0,-727.0
809,1517,3589,193,649,6,2,1094,24,74,128,0,0,-1.0,-728.0
810,1507,3589,193,651,6,2,1095,24,74,128,0,0,-1.0,-729.0
811,1496,3589,193,643,6,2,1096,24,74,128,0,0,-1.0,-730.0
812,1486,3589,193,635,6,2,1097,24,74,128,0,0,-1.0,-731.0
813,1476,3589,193,639,6,2,1098,24,74,128,0,0,-1.0,-732.0
814,1466,3589,193,631,6,2,1099,24,74,128,0,0,-1.0,-733.0
815,1457,3589,193,635,6,2,1100,24,74,128,0,0,-1.0,-734.0
816,1447,3589,193,639,6,2,1101,24,74,128,0,0,-1.0,-735.0
817,1437,3589,193,631,6,2,1102,24,74,128,0,0,-1.0,-736.0
818,1427,3588,193,623,6,2,1103,24,74,128,0,0,-1.0,-737.0
819,1417,3588,193,627,6,2,1104,24,74,128,0,0,-1.0,-738.0
820,1407,3588,194,631,6,2,1105,26,74,128,0,0,-1.0,-739.0
821,1397,3588,194,623,6,2,1106,26,74,128,0,0,-1.0,-740.0
822,1388,3587,194,627,6,2,1107,26,74,128,0,0,-1.0,-741.0
823,1378,3587,195,619,6,2,1108,26,74,128,0,0,-1.0,-742.0
824,1368,3586,195,623,6,2,1109,26,74,128,0,0,-1.0,-743.0
825,1359,3586,195,627,6,2,1110,26,74,128,0,0,-1.0,-744.0
826,1349,3585,195,631,6,2,1111,26,74,128,0,0,-1.0,-745.0
827,1339,3585,196,623,6,2,1112,26,74,128,0,0,-1.0,-746.0
828,1329,3584,196,615,6,2,1113,26,74,128,0,0,-1.0,-747.0
829,1320,3583,196,619,6,2,1114,26,74,128,0,0,-1.0,-748.0
830,1310,3582,196,623,6,2,1115,26,74,128,0,0,-1.0,-749.0
831,1300,3581,196,615,6,2,1116,26,74,128,0,0,-1.0,-750.0
832,1291,3580,197,619,6,2,1117,26,74,128,0,0,-1.0,-751.0
833,1281,3579,197,623,6,2,1118,26,74,128,0,0,-1.0,-752.0
834,1271,3579,197,627,6,2,1119,26,74,128,0,0,-1.0,-753.0
835,1262,3578,197,631,6,2,1120,26,74,128,0,0,-1.0,-754.0
836,1252,3576,197,635,6,2,1121,26,74,128,0,0,-1.0,-755.0
837,1242,3575,197,639,6,2,1122,26,74,128,0,0,-1.0,-756.0
838,1232,3574,198,643,6,2,1123,26,74,128,0,0,-1.0,-757.0
839,1222,3573,198,645,6,2,1124,26,74,128,0,0,-1.0,-758.0
840,1212,3572,198,647,6,2,1125,26,74,128,0,0,-1.0,-759.0
841,1202,3570,199,649,6,2,1126,26,74,128,0,0,-1.0,-760.0
842,1192,3569,199,641,6,2,1127,26,74,128,0,0,-1.0,-761.0
843,1182,3567,200,633,6,2,1128,26,74,128,0,0,-1.0,-762.0
844,1172,3565,200,625,6,2,1129,26,74,128,0,0,-1.0,-763.0
845,1163,3563,200,629,6,2,1130,26,74,128,0,0,-1.0,-764.0
846,1153,3562,201,633,6,2,1131,26,74,128,0,0,-1.0,-765.0
847,1143,3560,201,625,6,2,1132,26,74,128,0,0,-1.0,-766.0
848,1134,3558,202,629,6,2,1133,26,74,128,0,0,-1.0,-767.0
849,1124,3555,202,621,6,2,1134,26,74,128,0,0,-1.0,-768.0
850,1115,3553,202,625,6,2,1135,26,74,128,0,0,-1.0,-769.0
851,1105,3551,202,617,6,2,1136,26,74,128,0,0,-1.0,-770.0
852,1096,3549,202,609,6,2,1137,26,74,128,0,0,-1.0,-771.0
853,1087,3546,203,613,6,2,1138,26,74,128,0,0,-1.0,-772.0
854,1077,3544,203,617,6,2,1139,26,74,128,0,0,-1.0,-773.0
855,1068,3542,203,609,6,2,1140,26,74,128,0,0,-1.0,-774.0
856,1059,3539,204,613,6,2,1141,26,74,128,0,0,-1.0,-775.0
857,1050,3537,204,617,6,2,1142,26,74,128,0,0,-1.0,-776.0
858,1040,3534,205,609,6,2,1143,26,74,128,0,0,-1.0,-777.0
859,1031,3531,205,601,6,2,1144,26,74,128,0,0,-1.0,-778.0
860,1022,3528,206,593,6,2,1145,28,74,128,0,0,-1.0,-779.0
861,1013,3526,206,585,6,2,1146,28,74,128,0,0,-1.0,-780.0
862,1005,3523,207,577,6,2,1147,28,74,128,0,0,-1.0,-781.0
863,996,3519,208,569,6,2,1148,28,74,128,0,0,-1.0,-782.0
864,988,3516,208,577,6,2,1149,28,74,128,0,0,-1.0,-783.0
865,980,3513,209,569,6,2,1150,28,74,128,0,0,-1.0,-784.0
866,971,3509,210,577,6,2,1151,28,74,128,0,0,-1.0,-785.0
867,963,3506,210,581,6,2,1152,28,74,128,0,0,-1.0,-786.0
868,955,3502,211,585,6,2,1153,28,74,128,0,0,-1.0,-787.0
869,947,3498,212,589,6,2,1154,28,74,128,0,0,-1.0,-788.0
870,939,3493,213,581,6,2,1155,28,74,128,0,0,-1.0,-789.0
871,931,3489,214,573,6,2,1156,28,74,128,0,0,-1.0,-790.0
872,923,3485,215,565,6,2,1157,28,74,128,0,0,-1.0,-791.0
873,915,3480,216,557,6,2,1158,28,74,128,0,0,-1.0,-792.0
874,908,3475,216,565,6,2,1159,28,74,128,0,0,-1.0,-793.0
875,901,3471,217,573,6,2,1160,28,74,128,0,0,-1.0,-794.0
876,893,3465,218,581,6,2,1161,28,74,128,0,0,-1.0,-795.0
877,886,3460,219,573,6,2,1162,28,74,128,0,0,-1.0,-796.0
878,879,3455,220,581,6,2,1163,28,74,128,0,0,-1.0,-797.0
879,872,3449,221,585,6,2,1164,28,74,128,0,0,-1.0,-798.0
880,865,3443,222,577,6,2,1165,28,74,128,0,0,-1.0,-799.0
881,858,3437,223,569,6,2,1166,28,74,128,0,0,-1.0,-800.0
882,851,3431,224,577,6,2,1167,28,74,128,0,0,-1.0,-801.0
883,845,3425,225,581,6,2,1168,28,74,128,0,0,-1.0,-802.0
884,838,3419,225,585,6,2,1169,28,74,128,0,0,-1.0,-803.0
885,832,3412,226,589,6,2,1170,28,74,128,0,0,-1.0,-804.0
886,826,3405,227,581,6,2,1171,28,74,128,0,0,-1.0,-805.0
887,820,3398,227,573,6,2,1172,28,74,128,0,0,-1.0,-806.0
888,814,3392,228,581,6,2,1173,28,74,128,0,0,-1.0,-807.0
889,808,3385,229,585,6,2,1174,28,74,128,0,0,-1.0,-808.0
890,802,3378,230,589,6,2,1175,28,74,128,0,0,-1.0,-809.0
891,797,3370,230,593,6,2,1176,28,74,128,0,0,-1.0,-810.0
892,791,3363,231,597,6,2,1177,28,74,128,0,0,-1.0,-811.0
893,786,3355,232,601,6,2,1178,28,74,128,0,0,-1.0,-812.0
894,780,3348,232,593,6,2,1179,28,74,128,0,0,-1.0,-813.0
895,775,3340,233,597,6,2,1180,28,74,128,0,0,-1.0,-814.0
896,770,3332,234,601,6,2,1181,28,74,128,0,0,-1.0,-815.0
897,765,3324,234,605,6,2,1182,29,74,128,0,0,-1.0,-816.0
898,760,3316,235,609,6,2,1183,29,74,128,0,0,-1.0,-817.0
899,755,3308,236,613,6,2,1184,29,74,128,0,0,-1.0,-818.0
900,751,3300,236,617,6,2,1185,29,74,128,0,0,-1.0,-819.0
901,746,3291,237,621,6,2,1186,29,74,128,0,0,-1.0,-820.0
902,742,3283,238,625,6,2,1187,29,74,128,0,0,-1.0,-821.0
903,737,3274,239,629,6,2,1188,29,74,128,0,0,-1.0,-822.0
904,733,3265,239,621,6,2,1189,29,74,128,0,0,-1.0,-823.0
905,729,3256,240,625,6,2,1190,29,74,128,0,0,-1.0,-824.0
906,725,3247,241,629,6,2,1191,29,74,128,0,0,-1.0,-825.0
907,721,3238,241,621,6,2,1192,29,74,128,0,0,-1.0,-826.0
908,718,3229,242,613,6,2,1193,29,74,128,0,0,-1.0,-827.0
909,714,3220,242,605,6,2,1194,29,74,128,0,0,-1.0,-828.0
910,711,3211,242,609,6,2,1195,29,74,128,0,0,-1.0,-829.0
911,708,3202,243,601,6,2,1196,29,72,128,0,0,-1.0,-830.0
912,705,3193,243,593,6,2,1197,29,72,128,0,0,-1.0,-831.0
913,702,3185,243,597,6,2,1198,29,72,128,0,0,-1.0,-832.0
914,699,3176,243,601,6,2,1199,29,72,128,0,0,-1.0,-833.0
915,695,3167,243,605,6,2,1200,29,72,128,0,0,-1.0,-834.0
916,692,3158,243,609,6,2,1201,29,72,128,0,0,-1.0,-835.0
917,689,3149,243,601,6,2,1202,29,72,128,0,0,-1.0,-836.0
918,686,3140,243,593,6,2,1203,29,72,128,0,0,-1.0,-837.0
919,683,3131,243,585,6,2,1204,29,72,128,0,0,-1.0,-838.0
920,680,3123,243,577,6,2,1205,29,72,128,0,0,-1.0,-839.0
921,677,3114,243,581,6,2,1206,29,72,128,0,0,-1.0,-840.0
922,675,3106,243,585,6,2,1207,29,92,128,0,0,-1.0,-841.0
923,672,3097,243,577,6,2,1208,29,92,128,0,0,-1.0,-842.0
924,669,3088,243,569,6,2,1209,29,72,128,0,0,-1.0,-843.0
925,666,3080,243,561,6,2,1210,29,72,128,0,0,-1.0,-844.0
926,663,3072,243,569,6,2,1211,29,92,128,0,0,-1.0,-845.0
927,660,3063,243,577,6,2,1212,29,92,128,0,0,-1.0,-846.0
928,657,3055,243,561,6,2,1213,29,92,128,0,0,-1.0,-847.0
929,654,3047,243,569,6,2,1214,29,92,128,0,0,-1.0,-848.0
930,652,3038,243,577,6,2,1215,29,92,128,0,0,-1.0,-849.0
931,649,3030,243,569,6,2,1216,29,92,128,0,0,-1.0,-850.0
932,646,3021,243,561,6,2,1217,29,92,128,0,0,-1.0,-851.0
933,643,3013,243,569,6,2,1218,29,92,128,0,0,-1.0,-852.0
934,640,3004,243,577,6,2,1219,29,92,128,0,0,-1.0,-853.0
935,637,2996,243,561,6,2,1220,29,92,128,0,0,-1.0,-854.0
936,634,2988,243,569,6,2,1221,29,92,128,0,0,-1.0,-855.0
937,632,2979,243,561,6,2,1222,29,92,128,0,0,-1.0,-856.0
938,629,2971,243,553,6,2,1223,29,92,128,0,0,-1.0,-857.0
939,626,2963,243,561,6,2,1224,29,92,128,0,0,-1.0,-858.0
940,623,2954,243,569,6,2,1225,29,92,128,0,0,-1.0,-859.0
941,621,2946,243,577,6,2,1226,29,92,128,0,0,-1.0,-860.0
942,618,2937,243,561,6,2,1227,29,92,128,0,0,-1.0,-861.0
943,615,2929,243,569,6,2,1228,29,92,128,0,0,-1.0,-862.0
944,612,2921,243,577,6,2,1229,29,92,128,0,0,-1.0,-863.0
945,609,2912,243,561,6,2,1230,29,92,128,0,0,-1.0,-864.0
946,606,2904,243,569,6,2,1231,29,92,128,0,0,-1.0,-865.0
947,604,2895,243,577,6,2,1232,29,92,128,0,0,-1.0,-866.0
948,601,2887,243,561,6,2,1233,29,92,128,0,0,-1.0,-867.0
949,598,2879,243,553,6,2,1234,31,92,128,0,0,-1.0,-868.0
950,595,2870,243,561,6,2,1235,31,92,128,0,0,-1.0,-869.0
951,592,2862,243,553,6,2,1236,31,92,128,0,0,-1.0,-870.0
952,589,2854,243,561,6,2,1237,31,92,128,0,0,-1.0,-871.0
953,587,2846,243,553,6,2,1238,31,92,128,0,0,-1.0,-872.0
954,584,2837,243,561,6,2,1239,31,92,128,0,0,-1.0,-873.0
955,581,2829,243,569,6,2,1240,31,92,128,0,0,-1.0,-874.0
956,578,2821,243,577,6,2,1241,31,92,128,0,0,-1.0,-875.0
957,575,2812,243,561,6,2,1242,31,92,128,0,0,-1.0,-876.0
958,572,2804,243,569,6,2,1243,31,92,128,0,0,-1.0,-877.0
959,569,2796,243,577,6,2,1244,31,92,128,0,0,-1.0,-878.0
960,567,2787,243,561,6,2,1245,31,92,128,0,0,-1.0,-879.0
961,564,2779,243,569,6,2,1246,31,92,128,0,0,-1.0,-880.0
962,561,2770,243,577,6,2,1247,31,92,128,0,0,-1.0,-881.0
963,558,2762,243,561,6,2,1248,31,92,128,0,0,-1.0,-882.0
964,555,2753,243,569,6,2,1249,31,92,128,0,0,-1.0,-883.0
965,552,2745,244,561,6,2,1250,31,92,128,0,0,-1.0,-884.0
966,550,2737,244,569,6,2,1251,31,92,128,0,0,-1.0,-885.0
967,547,2728,244,577,6,2,1252,31,92,128,0,0,-1.0,-886.0
968,544,2720,244,561,6,2,1253,31,92,128,0,0,-1.0,-887.0
969,541,2711,244,569,6,2,1254,31,92,128,0,0,-1.0,-888.0
970,539,2703,244,577,6,2,1255,31,92,128,0,0,-1.0,-889.0
971,536,2694,244,561,6,2,1256,31,92,128,0,0,-1.0,-890.0
972,533,2686,244,569,6,2,1257,31,92,128,0,0,-1.0,-891.0
973,530,2678,244,577,6,2,1258,31,92,128,0,0,-1.0,-892.0
974,527,2669,244,561,6,2,1259,31,92,128,0,0,-1.0,-893.0
975,525,2661,244,569,6,2,1260,31,92,128,0,0,-1.0,-894.0
976,522,2652,244,577,6,2,1261,31,92,128,0,0,-1.0,-895.0
977,519,2644,244,561,6,2,1262,31,92,128,0,0,-1.0,-896.0
978,516,2635,244,569,6,2,1263,31,92,128,0,0,-1.0,-897.0
979,513,2627,244,577,6,2,1264,31,92,128,0,0,-1.0,-898.0
980,511,2618,244,561,6,2,1265,31,92,128,0,0,-1.0,-899.0
981,508,2610,244,569,6,2,1266,31,92,128,0,0,-1.0,-900.0
982,505,2602,244,577,6,2,1267,31,92,128,0,0,-1.0,-901.0
983,502,2593,244,561,6,2,1268,31,92,128,0,0,-1.0,-902.0
984,500,2585,244,569,6,2,1269,31,92,128,0,0,-1.0,-903.0
985,497,2576,244,577,6,2,1270,31,92,128,0,0,-1.0,-904.0
986,494,2568,244,561,6,2,1271,31,92,128,0,0,-1.0,-905.0
987,491,2559,244,569,6,2,1272,31,92,128,0,0,-1.0,-906.0
988,488,2551,244,577,6,2,1273,31,92,128,0,0,-1.0,-907.0
989,486,2542,244,561,6,2,1274,31,92,128,0,0,-1.0,-908.0
990,483,2534,244,569,6,2,1275,31,92,128,0,0,-1.0,-909.0
991,480,2526,244,577,6,2,1276,31,92,128,0,0,-1.0,-910.0
992,477,2517,244,561,6,2,1277,31,92,128,0,0,-1.0,-911.0
993,475,2509,244,569,6,2,1278,31,92,128,0,0,-1.0,-912.0
994,472,2500,244,561,6,2,1279,31,92,128,0,0,-1.0,-913.0
995,469,2492,244,569,6,2,1280,32,92,128,0,0,-1.0,-914.0
996,466,2484,244,577,6,2,1281,32,92,128,0,0,-1.0,-915.0
997,464,2475,244,561,6,2,1282,32,92,128,0,0,-1.0,-916.0
998,461,2467,244,569,6,2,1283,32,92,128,0,0,-1.0,-917.0
999,458,2458,244,577,6,2,1284,32,92,128,0,0,-1.0,-918.0
1000,455,2450,244,561,6,2,1285,32,92,128,0,0,-1.0,-919.0
1001,453,2441,244,569,6,2,1286,32,92,128,0,0,-1.0,-920.0
1002,450,2433,244,577,6,2,1287,32,92,128,0,0,-1.0,-921.0
1003,447,2424,244,561,6,2,1288,32,92,128,0,0,-1.0,-922.0
1004,444,2416,244,569,6,2,1289,32,92,128,0,0,-1.0,-923.0
1005,442,2407,244,577,6,2,1290,32,92,128,0,0,-1.0,-924.0
1006,439,2399,244,561,6,2,1291,32,92,128,0,0,-1.0,-925.0
1007,436,2391,244,569,6,2,1292,32,92,128,0,0,-1.0,-926.0
1008,434,2382,245,577,6,2,1293,32,92,128,0,0,-1.0,-927.0
1009,431,2373,245,561,6,2,1294,32,92,128,0,0,-1.0,-928.0
1010,429,2365,245,569,6,2,1295,32,92,128,0,0,-1.0,-929.0
1011,426,2356,246,577,6,2,1296,32,92,128,0,0,-1.0,-930.0
1012,424,2348,246,561,6,2,1297,32,92,128,0,0,-1.0,-931.0
1013,422,2339,247,569,6,2,1298,32,72,128,0,0,-1.0,-932.0
1014,419,2331,247,577,6,2,1299,32,72,128,0,0,-1.0,-933.0
1015,417,2322,248,581,6,2,1300,32,72,128,0,0,-1.0,-934.0
1016,415,2313,248,585,6,2,1301,32,72,128,0,0,-1.0,-935.0
1017,414,2304,249,589,6,2,1302,32,72,128,0,0,-1.0,-936.0
1018,412,2295,250,593,6,2,1303,32,72,128,0,0,-1.0,-937.0
1019,411,2286,251,597,6,2,1304,32,72,128,0,0,-1.0,-938.0
1020,409,2277,252,601,6,2,1305,32,72,128,0,0,-1.0,-939.0
1021,408,2267,253,605,6,2,1306,32,74,128,0,0,-1.0,-940.0
1022,407,2258,253,609,6,2,1307,32,74,128,0,0,-1.0,-941.0
1023,406,2248,254,613,6,2,1308,32,74,128,0,0,-1.0,-942.0
1024,406,2239,255,617,6,2,1309,32,74,128,0,0,-1.0,-943.0
1025,406,2229,0,621,6,2,1310,32,74,128,0,0,-1.0,-944.0
1026,405,2220,1,625,6,2,1311,32,74,128,0,0,-1.0,-945.0
1027,406,2210,2,629,6,2,1312,32,74,128,0,0,-1.0,-946.0
1028,406,2200,3,633,6,2,1313,32,74,128,0,0,-1.0,-947.0
1029,407,2190,4,637,6,2,1314,32,74,128,0,0,-1.0,-948.0
1030,408,2180,5,641,6,2,1315,32,74,128,0,0,-1.0,-949.0
1031,409,2170,6,643,6,2,1316,32,74,128,0,0,-1.0,-950.0
1032,410,2160,7,645,6,2,1317,32,74,128,0,0,-1.0,-951.0
1033,412,2150,8,647,6,2,1318,32,74,128,0,0,-1.0,-952.0
1034,414,2141,9,649,6,2,1319,32,74,128,0,0,-1.0,-953.0
1035,416,2131,10,651,6,2,1320,32,74,128,0,0,-1.0,-954.0
1036,418,2121,10,653,6,2,1321,32,74,128,0,0,-1.0,-955.0
1037,420,2111,11,655,6,2,1322,33,74,128,0,0,-1.0,-956.0
1038,423,2101,12,657,6,2,1323,33,74,128,0,0,-1.0,-957.0
1039,426,2091,12,659,6,2,1324,33,74,128,0,0,-1.0,-958.0
1040,429,2081,13,661,6,2,1325,33,74,128,0,0,-1.0,-959.0
1041,432,2071,13,663,6,2,1326,33,74,128,0,0,-1.0,-960.0
1042,435,2062,14,665,6,2,1327,33,74,128,0,0,-1.0,-961.0
1043,439,2052,14,667,6,2,1328,33,74,128,0,0,-1.0,-962.0
1044,442,2042,15,669,6,2,1329,33,74,128,0,0,-1.0,-963.0
1045,446,2032,15,671,6,2,1330,33,74,128,0,0,-1.0,-964.0
1046,450,2023,15,673,6,2,1331,33,74,128,0,0,-1.0,-965.0
1047,454,2013,15,675,6,2,1332,33,74,128,0,0,-1.0,-966.0
1048,458,2003,16,677,6,2,1333,33,74,128,0,0,-1.0,-967.0
1049,462,1993,16,679,6,2,1334,33,74,128,0,0,-1.0,-968.0
1050,466,1984,16,681,6,2,1335,33,74,128,0,0,-1.0,-969.0
1051,470,1974,16,683,6,2,1336,33,74,128,0,0,-1.0,-970.0
1052,474,1964,16,685,6,2,1337,33,74,128,0,0,-1.0,-971.0
1053,478,1954,16,687,6,2,1338,33,74,128,0,0,-1.0,-972.0
1054,482,1944,16,679,6,2,1339,33,74,128,0,0,-1.0,-973.0
1055,487,1934,16,681,6,2,1340,33,74,128,0,0,-1.0,-974.0
1056,491,1925,16,683,6,2,1341,33,74,128,0,0,-1.0,-975.0
1057,495,1915,16,685,6,2,1342,33,74,128,0,0,-1.0,-976.0
1058,499,1905,16,687,6,2,1343,33,74,128,0,0,-1.0,-977.0
1059,503,1895,15,689,6,2,1344,33,74,128,0,0,-1.0,-978.0
1060,507,1885,15,691,6,2,1345,33,74,128,0,0,-1.0,-979.0
1061,511,1875,15,683,6,2,1346,33,74,128,0,0,-1.0,-980.0
1062,515,1865,15,685,6,2,1347,33,74,128,0,0,-1.0,-981.0
1063,519,1855,15,687,6,2,1348,33,74,128,0,0,-1.0,-982.0
1064,523,1845,15,689,6,2,1349,33,74,128,0,0,-1.0,-983.0
1065,527,1835,15,691,6,2,1350,33,74,128,0,0,-1.0,-984.0
1066,531,1825,15,693,6,2,1351,33,74,128,0,0,-1.0,-985.0
1067,535,1815,15,695,6,2,1352,33,74,128,0,0,-1.0,-986.0
1068,539,1805,15,697,6,2,1353,33,74,128,0,0,-1.0,-987.0
1069,543,1795,15,699,6,2,1354,33,74,128,0,0,-1.0,-988.0
1070,547,1785,15,701,6,2,1355,33,74,128,0,0,-1.0,-989.0
1071,551,1775,15,703,6,2,1356,33,74,128,0,0,-1.0,-990.0
1072,555,1764,15,705,6,2,1357,33,74,128,0,0,-1.0,-991.0
1073,559,1754,15,706,6,2,1358,33,74,128,0,0,-1.0,-992.0
1074,563,1744,15,708,6,2,1359,33,74,128,0,0,-1.0,-993.0
1075,567,1734,15,709,6,2,1360,33,74,128,0,0,-1.0,-994.0
1076,571,1723,15,711,6,2,1361,33,74,128,0,0,-1.0,-995.0
1077,575,1713,15,712,6,2,1362,33,74,128,0,0,-1.0,-996.0
1078,579,1702,15,714,6,2,1363,33,74,128,0,0,-1.0,-997.0
1079,583,1692,15,715,6,2,1364,33,74,128,0,0,-1.0,-998.0
1080,587,1682,15,717,6,2,1365,33,74,128,0,0,-1.0,-999.0
1081,591,1671,15,718,6,2,1366,33,74,128,0,0,-1.0,-1000.0
1082,595,1661,14,720,6,2,1367,34,74,128,0,0,-1.0,-1001.0
1083,599,1650,14,721,6,2,1368,34,74,128,0,0,-1.0,-1002.0
1084,603,1640,14,723,6,2,1369,34,74,128,0,0,-1.0,-1003.0
1085,607,1629,14,724,6,2,1370,34,74,128,0,0,-1.0,-1004.0
1086,611,1619,14,726,6,2,1371,34,74,128,0,0,-1.0,-1005.0
1087,615,1608,14,727,6,2,1372,34,74,128,0,0,-1.0,-1006.0
1088,619,1597,14,729,6,2,1373,34,74,128,0,0,-1.0,-1007.0
1089,623,1587,14,730,6,2,1374,34,74,128,0,0,-1.0,-1008.0
1090,627,1576,14,732,6,2,1375,34,74,128,0,0,-1.0,-1009.0
1091,631,1565,14,733,6,2,1376,34,74,128,0,0,-1.0,-1010.0
1092,635,1555,14,735,6,2,1377,34,74,128,0,0,-1.0,-1011.0
1093,639,1544,14,727,6,2,1378,34,74,128,0,0,-1.0,-1012.0
1094,643,1533,14,729,6,2,1379,34,74,128,0,0,-1.0,-1013.0
1095,647,1523,14,730,6,2,1380,34,74,128,0,0,-1.0,-1014.0
1096,651,1512,14,732,6,2,1381,34,74,128,0,0,-1.0,-1015.0
1097,655,1501,14,733,6,2,1382,34,74,128,0,0,-1.0,-1016.0
1098,659,1491,14,735,6,2,1383,34,74,128,0,0,-1.0,-1017.0
1099,663,1480,14,736,6,2,1384,34,74,128,0,0,-1.0,-1018.0
1100,667,1469,14,738,6,2,1385,34,74,128,0,0,-1.0,-1019.0
1101,671,1458,14,730,6,2,1386,34,74,128,0,0,-1.0,-1020.0
1102,675,1447,14,732,6,2,1387,34,74,128,0,0,-1.0,-1021.0
1103,679,1437,14,733,6,2,1388,34,74,128,0,0,-1.0,-1022.0
1104,683,1426,14,735,6,2,1389,34,74,128,0,0,-1.0,-1023.0
1105,687,1415,14,736,6,2,1390,34,74,128,0,0,-1.0,-1024.0
1106,691,1404,14,738,6,2,1391,34,74,128,0,0,-1.0,-1025.0
1107,695,1394,13,739,6,2,1392,34,74,128,0,0,-1.0,-1026.0
1108,699,1383,13,741,6,2,1393,34,74,128,0,0,-1.0,-1027.0
1109,702,1372,13,742,6,2,1394,34,74,128,0,0,-1.0,-1028.0
1110,706,1361,13,744,6,2,1395,34,74,128,0,0,-1.0,-1029.0
1111,710,1350,13,736,6,2,1396,34,74,128,0,0,-1.0,-1030.0
1112,714,1339,13,738,6,2,1397,34,74,128,0,0,-1.0,-1031.0
1113,717,1328,12,739,6,2,1398,34,74,128,0,0,-1.0,-1032.0
1114,721,1317,12,741,6,2,1399,34,74,128,0,0,-1.0,-1033.0
1115,724,1306,12,742,6,2,1400,34,74,128,0,0,-1.0,-1034.0
1116,728,1295,12,744,6,2,1401,34,74,128,0,0,-1.0,-1035.0
1117,731,1284,12,745,6,2,1402,34,74,128,0,0,-1.0,-1036.0
1118,735,1273,12,747,6,2,1403,35,74,128,0,0,-1.0,-1037.0
1119,738,1262,12,748,6,2,1404,35,74,128,0,0,-1.0,-1038.0
1120,742,1250,12,750,6,2,1405,35,74,128,0,0,-1.0,-1039.0
1121,745,1239,12,751,6,2,1406,35,74,128,0,0,-1.0,-1040.0
1122,748,1228,12,753,6,2,1407,35,74,128,0,0,-1.0,-1041.0
1123,752,1217,12,754,6,2,1408,35,74,128,0,0,-1.0,-1042.0
1124,755,1206,11,756,6,2,1409,35,74,128,0,0,-1.0,-1043.0
1125,759,1194,11,757,6,2,1410,35,74,128,0,0,-1.0,-1044.0
1126,762,1183,11,759,6,2,1411,35,74,128,0,0,-1.0,-1045.0
1127,765,1172,11,760,6,2,1412,35,74,128,0,0,-1.0,-1046.0
1128,769,1160,11,762,6,2,1413,35,74,128,0,0,-1.0,-1047.0
1129,772,1149,11,763,6,2,1414,35,74,128,0,0,-1.0,-1048.0
1130,775,1137,11,765,6,2,1415,35,74,128,0,0,-1.0,-1049.0
1131,779,1126,11,766,6,2,1416,35,74,128,0,0,-1.0,-1050.0
1132,782,1114,11,768,6,2,1417,35,74,128,0,0,-1.0,-1051.0
1133,785,1103,11,769,6,2,1418,35,74,128,0,0,-1.0,-1052.0
1134,789,1091,11,770,6,2,1419,35,74,128,0,0,-1.0,-1053.0
1135,792,1080,11,771,6,2,1420,35,74,128,0,0,-1.0,-1054.0
1136,795,1068,11,772,6,2,1421,35,74,128,0,0,-1.0,-1055.0
1137,799,1057,11,773,6,2,1422,35,74,128,0,0,-1.0,-1056.0
1138,802,1045,11,774,6,2,1423,35,74,128,0,0,-1.0,-1057.0
1139,806,1033,12,775,6,2,1424,35,74,128,0,0,-1.0,-1058.0
1140,809,1022,12,776,6,2,1425,0,74,129,0,0,1.0,-1057.0
1141,813,1010,12,777,6,2,1426,0,74,129,0,0,1.0,-1056.0
