rollout/ep_rew_mean,time/total_timesteps,time/fps,time/iterations,rollout/ep_len_mean,time/time_elapsed,train/explained_variance,train/entropy_loss,train/loss,train/approx_kl,train/n_updates,train/learning_rate,train/clip_fraction,train/clip_range,train/policy_gradient_loss,train/value_loss
-932.6793705,6144,532,1,2221.0,11,,,,,,,,,,
-991.802827388889,12288,351,2,2221.0,34,0.002205789089202881,-8.284149716297785,2.9565608501434326,0.04111257,4,0.00025,0.40625,0.2,0.014717716738232411,18.269892034431297
-1034.8164075000002,18432,313,3,2221.0,58,0.2594485282897949,-8.262852172056833,4.506625175476074,0.05118059,8,0.00025,0.4182535807291667,0.2,0.01942449248357055,22.981043150027592
-1080.338100595238,24576,300,4,2221.0,81,0.3369179368019104,-8.129269108176231,13.111193656921387,0.020025503,12,0.00025,0.4810384114583333,0.2,0.033846302852907684,31.519328514734905
-1088.4962428518522,30720,290,5,2221.0,105,0.35137027502059937,-8.180211593707403,4.191975116729736,0.05727647,16,0.00025,0.3782145182291667,0.2,0.013283143205626402,31.54480329155922
-1051.1726363939397,36864,283,6,2221.0,129,0.7545158267021179,-8.06313194334507,7.633516311645508,0.046215147,20,0.00025,0.5238444010416666,0.2,0.026676410605432466,23.864037305116653
-1024.8182593194445,43008,280,7,2221.0,153,0.8486919403076172,-8.089931433399519,10.881264686584473,0.06454664,24,0.00025,0.4788818359375,0.2,0.023921312036691234,26.619605749845505
-986.5351905357143,49152,276,8,2221.0,177,0.8228481411933899,-8.110395560661951,7.130049228668213,0.014007278,28,0.00025,0.2793782552083333,0.2,0.009327504943939857,25.353150541583698
-955.6562222708335,55296,273,9,2221.0,202,0.6961166858673096,-8.10652843117714,14.71360969543457,0.03636394,32,0.00025,0.24129231770833334,0.2,0.004222203121268346,46.201209565003715
-923.5990000499999,61440,270,10,2221.0,227,0.796563446521759,-7.935705055793126,6.035913944244385,0.15175618,36,0.00025,0.536865234375,0.2,0.027798862181953155,31.330438653628033
-884.5701111100002,67584,264,11,2221.0,255,0.8645426034927368,-7.987869049112002,6.8972930908203125,0.016888512,40,0.00025,0.3345540364583333,0.2,0.008815940913336817,20.668269058068592
-827.7001111,73728,262,12,2221.0,280,0.9111393094062805,-7.990617414315541,6.780466556549072,0.01131367,44,0.00025,0.351318359375,0.2,0.016425809721113183,16.287774190306664
-793.25677776,79872,261,13,2221.0,305,0.9615824818611145,-8.069921046495438,3.377089500427246,0.011444892,48,0.00025,0.2865804036458333,0.2,0.01115662158554187,8.88324839870135
-781.83533329,86016,260,14,2221.0,330,0.9518020749092102,-7.58918271958828,3.1591978073120117,1.5880102,52,0.00025,0.6420491536458334,0.2,0.16663343138740552,9.857020308574041
-740.7265555299999,92160,258,15,2221.0,355,0.9571665525436401,-7.537746335069339,3.3817138671875,0.010983157,56,0.00025,0.4161376953125,0.2,0.03779942695109639,9.351245651642481
-796.9669999399999,98304,258,16,2221.0,380,0.9709046483039856,-7.538015817602475,2.587489128112793,0.07171878,60,0.00025,0.4263509114583333,0.2,0.028052498009249877,6.763995046416919
-798.4402221500001,104448,257,17,2221.0,405,0.9716302156448364,-7.3621616661548615,2.5347042083740234,0.07685586,64,0.00025,0.4432779947916667,0.2,0.02865852040607327,9.160863960782686
-766.77022215,110592,256,18,2221.0,430,0.982062041759491,-7.39133536318938,2.2769477367401123,0.030177772,68,0.00025,0.4861653645833333,0.2,0.036193199067687,6.207241463164489
-761.01022217,116736,256,19,2221.0,455,0.9838878512382507,-7.39938755830129,1.9237561225891113,0.05730422,72,0.00025,0.5142008463541666,0.2,0.04262420332815964,7.563669477899869
-753.2402221699999,122880,255,20,2221.0,480,0.9854391813278198,-7.255002796649933,2.2014405727386475,0.051239144,76,0.00025,0.5898030598958334,0.2,0.07879809420167778,5.3553995589415235
-750.4802221799999,129024,255,21,2221.0,504,0.986300528049469,-7.3124862760305405,1.6208484172821045,0.011317448,80,0.00025,0.4063313802083333,0.2,0.0339973729957516,5.733125704030196
-752.8303332999999,135168,255,22,2221.0,530,0.9914519786834717,-7.390085582931836,1.189482569694519,0.025399378,84,0.00025,0.4941813151041667,0.2,0.04262048732683373,3.727985091507435
-710.3561110899999,141312,254,23,2221.0,554,0.9921826720237732,-7.286996881167094,1.762088418006897,0.028926617,88,0.00025,0.3174235026041667,0.2,0.014795816969126463,3.2964199483394623
-698.9471111100002,147456,254,24,2221.0,579,0.9920617938041687,-7.335716754198074,1.444507122039795,0.023360059,92,0.00025,0.2674560546875,0.2,0.00813993210734528,3.4792032738526664
-613.2366666700001,153600,254,25,2221.0,604,0.9940759539604187,-7.280863851308823,1.010646939277649,0.017281406,96,0.00025,0.2880045572916667,0.2,0.012372302733031878,2.7046752298871675
-584.8434444700001,159744,253,26,2221.0,629,0.9945071339607239,-7.347315738598506,8.89912223815918,0.025927195,100,0.00025,0.2937825520833333,0.2,0.012385533909158161,3.1009649708867073
-608.2934444900002,165888,253,27,2221.0,653,0.9919372797012329,-7.123672053217888,0.8100153803825378,0.01990942,104,0.00025,0.3857828776041667,0.2,0.02491840448055882,2.843423125644525
-613.6234444600002,172032,253,28,2221.0,678,0.9966168403625488,-7.146337777376175,0.9000470638275146,0.17817755,108,0.00025,0.5729573567708334,0.2,0.07364605079540827,2.777240709712108
-611.5534444700002,178176,253,29,2221.0,703,0.9968397617340088,-7.30571070810159,0.6195526123046875,0.06255167,112,0.00025,0.4949137369791667,0.2,0.038695617253930926,2.57956525310874
-610.2134444700001,184320,252,30,2221.0,728,0.997482419013977,-7.463876614967982,0.5229880213737488,0.018296184,116,0.00025,0.3056233723958333,0.2,0.01264268193820802,1.51054826254646
-597.8234444700001,190464,252,31,2221.0,753,0.9977101683616638,-7.523582528034846,0.4543610215187073,0.014748742,120,0.00025,0.251220703125,0.2,0.00472121996426722,1.399566825479269
-597.1434444800002,196608,252,32,2221.0,778,0.9979552626609802,-7.558924466371536,0.6415099501609802,0.027274385,124,0.00025,0.2872721354166667,0.2,0.010101513272578208,1.309665655096372
-593.5134444500002,202752,252,33,2221.0,802,0.997853696346283,-7.58625948925813,0.6009934544563293,0.016669394,128,0.00025,0.2770182291666667,0.2,0.006021499958781836,1.1780291267981131
-592.8634445000002,208896,252,34,2221.0,827,0.998145580291748,-7.654105042417844,0.4060780107975006,0.016544009,132,0.00025,0.253173828125,0.2,0.008734608430434795,1.1779678122450907
-583.4634445200002,215040,252,35,2221.0,852,0.9985105395317078,-7.694659928480784,0.30760595202445984,0.020225443,136,0.00025,0.24800618489583334,0.2,0.0059065268918250995,1.0941075434287388
-590.7126667200001,221184,252,36,2221.0,877,0.9985961318016052,-7.640639002124469,0.4069417119026184,0.015681224,140,0.00025,0.2784830729166667,0.2,0.008274833938533751,1.0716391305128734
-570.4477778500001,227328,252,37,2221.0,901,0.998075008392334,-7.688470969597499,0.4273688495159149,0.024199625,144,0.00025,0.2804361979166667,0.2,0.008119206230427759,1.267096269254883
-619.0668889500001,233472,252,38,2221.0,926,0.9972362518310547,-7.557769710818927,0.6063018441200256,0.026560137,148,0.00025,0.3412679036458333,0.2,0.011509006581036374,1.5525000281631947
-686.02600002,239616,251,39,2221.0,951,0.9950399994850159,-7.476584404706955,0.8022884130477905,0.015894214,152,0.00025,0.30712890625,0.2,0.012604319851864906,1.9357144311070442
-743.71944453,245760,251,40,2221.0,975,0.9974921941757202,-7.458896264433861,0.3712945878505707,0.019053362,156,0.00025,0.2677408854166667,0.2,0.008408324987006685,1.1736911882956822
-955.5163332499999,251904,251,41,2221.0,1000,0.9966046214103699,-7.496885279814403,0.7306336164474487,0.014412203,160,0.00025,0.2514241536458333,0.2,0.007808412667751933,1.7792449270685513
-1314.2084444000002,258048,251,42,2221.0,1025,0.9951232075691223,-7.3833873470624285,1.8917810916900635,0.083890885,164,0.00025,0.524169921875,0.2,0.05970999021277142,3.2948813115557036
-1594.9701110400003,264192,251,43,2221.0,1050,0.9950816631317139,-7.41185233493646,2.2471485137939453,0.012636095,168,0.00025,0.21122233072916666,0.2,0.00390852337780719,3.439597822725773
-1888.2774443900003,270336,251,44,2221.0,1074,0.9963337779045105,-7.46377228697141,1.9993622303009033,0.015112293,172,0.00025,0.22819010416666666,0.2,0.004146221546155478,2.911070345590512
-2071.7531110300006,276480,251,45,2221.0,1099,0.9963912963867188,-7.438597147663434,2.07979154586792,0.013559067,176,0.00025,0.2139892578125,0.2,0.0026295088173355907,2.819695541014274
-2341.9129999799998,282624,251,46,2221.0,1123,0.9955429434776306,-7.4692167441050215,1.5418232679367065,0.020215172,180,0.00025,0.3032633463541667,0.2,0.01052676886805178,2.5793158995608487
-2590.28288892,288768,251,47,2221.0,1148,0.9971848130226135,-7.463943138718605,1.6699047088623047,0.014952109,184,0.00025,0.275146484375,0.2,0.006112689976968492,2.452657905717691
-3042.5689999899996,294912,251,48,2221.0,1173,0.9971522688865662,-7.509676784276962,1.6222033500671387,0.021312855,188,0.00025,0.24861653645833334,0.2,0.0069209791836328804,2.384830553084612
-3630.06511093,301056,251,49,2221.0,1198,0.9968791007995605,-7.433235511183739,1.3339152336120605,0.020897381,192,0.00025,0.2538248697916667,0.2,0.0064270969984742505,2.441098988056183
-4017.9196665700006,307200,251,50,2221.0,1222,0.9954612255096436,-7.368589406212171,1.7901313304901123,0.022648146,196,0.00025,0.3085123697916667,0.2,0.012404112902004272,3.071596053739389
-4283.69555543,313344,251,51,2221.0,1247,0.9966087937355042,-7.179269462823868,1.5792986154556274,0.017376699,200,0.00025,0.2814534505208333,0.2,0.00840657570855304,2.534287585566441
-4760.8895551,319488,251,52,2221.0,1272,0.9947213530540466,-7.1927870362997055,1.5204393863677979,0.018314192,204,0.00025,0.2880859375,0.2,0.009501631177651385,2.7195447720587254
-5249.3875549,325632,251,53,2221.0,1297,0.9963076114654541,-7.17289862036705,1.4820711612701416,0.023245811,208,0.00025,0.3010660807291667,0.2,0.01255754503654316,2.478867322206497
-5648.545443460001,331776,251,54,2221.0,1321,0.9966278672218323,-7.213815679152806,1.1440198421478271,0.021964228,212,0.00025,0.282470703125,0.2,0.010107727107727746,2.5557132263978324
-6118.2442212299975,337920,251,55,2221.0,1346,0.9970179200172424,-7.281014050046603,1.7504469156265259,0.02330637,216,0.00025,0.3036702473958333,0.2,0.01226751420472283,2.2617994658648968
-6567.221221170001,344064,250,56,2221.0,1370,0.997323751449585,-7.349027355511983,1.2904049158096313,0.051584195,220,0.00025,0.3554280598958333,0.2,0.019165419944329187,2.152031677464644
-6740.475110110001,350208,250,57,2221.0,1395,0.9979097843170166,-7.283476963639259,1.1724226474761963,0.020899558,224,0.00025,0.3013916015625,0.2,0.012312810210763322,1.8398336519797642
-6989.33811014,356352,250,58,2221.0,1421,0.9974148273468018,-7.188227251172066,1.1622596979141235,0.026556706,228,0.00025,0.3352864583333333,0.2,0.014503017126116902,1.878315883378188
-7107.61811001,362496,250,59,2221.0,1446,0.9973945021629333,-7.12105659643809,1.2364050149917603,0.02294611,232,0.00025,0.4091796875,0.2,0.022840706243490178,1.7678045990566413
-7189.08144308,368640,250,60,2221.0,1471,0.9981130957603455,-7.200309405724208,1.0920820236206055,0.025430322,236,0.00025,0.3299560546875,0.2,0.014788363788587352,1.7406208906322718
-7280.659665500001,374784,250,61,2221.0,1495,0.998143196105957,-7.150597403446834,1.1123207807540894,0.020635543,240,0.00025,0.2867838541666667,0.2,0.0095493885067602,1.6926330135514338
-7287.87155449,380928,250,62,2221.0,1520,0.9977504014968872,-7.033398687839508,1.0656832456588745,0.018393174,244,0.00025,0.2941080729166667,0.2,0.009516457464390745,1.7726290089388688
-7139.54022142,387072,250,63,2221.0,1545,0.9980986714363098,-6.96671794851621,0.915123462677002,0.039325695,248,0.00025,0.3385823567708333,0.2,0.014129918221442495,1.5984094596157472
-7082.4649992700015,393216,250,64,2221.0,1570,0.9981698989868164,-6.925105904539426,0.8798013925552368,0.022636486,252,0.00025,0.2858072916666667,0.2,0.007756082263464729,1.49482879973948
-6909.4436659600005,399360,250,65,2221.0,1595,0.9969143271446228,-6.824119741717975,0.8777587413787842,0.017277254,256,0.00025,0.3199055989583333,0.2,0.013289255931643615,1.5460932459682226
-6688.970554660001,405504,250,66,2221.0,1619,0.998264729976654,-6.844820737838745,0.938128650188446,0.029135644,260,0.00025,0.3090006510416667,0.2,0.012071926127343128,1.4557517698655527
-6392.573443820001,411648,250,67,2221.0,1643,0.9985717535018921,-6.846368824442227,0.7271955013275146,0.020966118,264,0.00025,0.40380859375,0.2,0.02863557055146278,1.3635609696308773
-6163.043332809999,417792,250,68,2221.0,1668,0.9985914826393127,-6.884565154711406,0.6251958608627319,0.045552958,268,0.00025,0.334228515625,0.2,0.015352082084670352,1.3449420301864545
-5908.674555319999,423936,250,69,2221.0,1693,0.9984552264213562,-6.9088367621103925,0.9355303645133972,0.030220727,272,0.00025,0.35986328125,0.2,0.016339054753188975,1.4003913700580597
-5815.940888679999,430080,250,70,2221.0,1717,0.9984951019287109,-6.9644818653663,0.7355092763900757,0.030016093,276,0.00025,0.2943115234375,0.2,0.010861567735749608,1.3480026088654995
-5525.7514442,436224,250,71,2221.0,1742,0.9976748824119568,-6.9008649090925855,0.9895654916763306,0.0252326,280,0.00025,0.3249104817708333,0.2,0.012497183080995455,1.3621272128075361
-5440.73088876,442368,250,72,2221.0,1767,0.998309314250946,-6.937770798802376,0.860916793346405,0.022399882,284,0.00025,0.3050537109375,0.2,0.01226482030566937,1.3380817448099454
-5581.3222218,448512,250,73,2221.0,1792,0.9986763000488281,-6.823423321048419,0.9349846839904785,0.022180771,288,0.00025,0.3115641276041667,0.2,0.012424536272495365,1.2487877309322357
-5667.16822156,454656,250,74,2221.0,1817,0.9987609386444092,-6.734739288687706,0.7649117708206177,0.02002087,292,0.00025,0.3677571614583333,0.2,0.02115492029406596,1.1522275178382795
-5844.817887949999,460800,250,75,2221.0,1842,0.9986604452133179,-6.75670766333739,0.9752849340438843,0.021481333,296,0.00025,0.3173421223958333,0.2,0.013306588957978724,1.1905400125930707
-5970.04233237,466944,250,76,2221.0,1866,0.9975877404212952,-6.76268403728803,0.8315972685813904,0.022608757,300,0.00025,0.3282063802083333,0.2,0.013241104813156804,1.490868338694175
-6165.490776579999,473088,250,77,2221.0,1891,0.9980046153068542,-6.724439864357312,0.4700360894203186,0.09882146,304,0.00025,0.4602864583333333,0.2,0.03642202060048779,1.1201626385251682
-6393.48288759,479232,250,78,2221.0,1916,0.998420774936676,-5.401126568516095,0.677581250667572,0.7790561,308,0.00025,0.8307698567708334,0.2,0.2875886551531342,0.9031496265282234
-6541.111332269999,485376,250,79,2221.0,1940,0.9983921051025391,-6.22911149263382,0.3233490586280823,0.020518547,312,0.00025,0.5151774088541666,0.2,0.04565243612523773,1.6809292323887348
-6946.837776430001,491520,250,80,2221.0,1965,0.9988111257553101,-6.2487410853306455,0.3365480601787567,0.04909259,316,0.00025,0.400634765625,0.2,0.021051608491688967,0.7410872324059407
-7141.589443260001,497664,250,81,2221.0,1989,0.9988604187965393,-6.171691020329793,0.5229463577270508,0.04879288,320,0.00025,0.5420328776041666,0.2,0.04624064839542067,1.010096110093097
-7238.741443479999,503808,250,82,2221.0,2014,0.998997688293457,-6.199960917234421,0.20980480313301086,0.025553375,324,0.00025,0.3716634114583333,0.2,0.022230047519163538,1.0060879982387025
-7340.0871102599995,509952,250,83,2221.0,2038,0.9990505576133728,-6.1188489099343615,0.2987927496433258,0.02102591,328,0.00025,0.4634602864583333,0.2,0.04379788670242609,0.9682114322980245
-7555.31899918,516096,250,84,2221.0,2063,0.9982956647872925,-6.005017260710399,0.30536600947380066,0.016899286,332,0.00025,0.4586588541666667,0.2,0.04163285242005562,1.4176150367905695
-7699.743221410001,522240,250,85,2221.0,2087,0.9988772869110107,-6.023571893572807,0.2573612928390503,0.030541787,336,0.00025,0.46044921875,0.2,0.03566438623723419,0.775318430736661
-7851.05211047,528384,250,86,2221.0,2112,0.9991302490234375,-5.953654145201047,0.28663426637649536,0.017243968,340,0.00025,0.22509765625,0.2,0.00737942494500506,0.6271084059650699
-7918.07255503,534528,250,87,2221.0,2137,0.999235212802887,-5.975865021348,0.16980236768722534,0.018851867,344,0.00025,0.2906087239583333,0.2,0.010743099393342467,0.5538190559794506
-8011.862999450001,540672,250,88,2221.0,2161,0.9992348551750183,-5.947459091742833,0.1859314739704132,0.025462523,348,0.00025,0.2741292317708333,0.2,0.00781986327880683,0.5649492867911855
-8015.291999690001,546816,250,89,2221.0,2186,0.9990173578262329,-5.84352292617162,0.2172645628452301,0.017572515,352,0.00025,0.2628987630208333,0.2,0.00813380820909515,0.6483449221899112
-8042.58588846,552960,250,90,2221.0,2210,0.9983775615692139,-5.835237820943196,0.28953036665916443,0.014977402,356,0.00025,0.228759765625,0.2,0.007165532299647263,0.7318147706488768
-8055.021443649999,559104,249,91,2221.0,2237,0.9989817142486572,-5.631909534335136,0.23559105396270752,0.033809084,360,0.00025,0.3109537760416667,0.2,0.012225109530845657,0.6623188409333428
-7949.95055459,565248,249,92,2221.0,2264,0.9988478422164917,-5.742765868703525,0.23710480332374573,0.015639437,364,0.00025,0.3751220703125,0.2,0.019362536642195966,1.0473532794664304
-7900.33199962,571392,249,93,2221.0,2291,0.9988095164299011,-5.867225766181946,0.2580867111682892,0.012350199,368,0.00025,0.2618815104166667,0.2,0.011888811066455673,1.4998301106194656
-7687.406888490001,577536,249,94,2221.0,2318,0.9986503720283508,-5.926074365774791,0.3644827604293823,0.02188203,372,0.00025,0.3572184244791667,0.2,0.018820931397688884,0.8018029164522886
-7706.088777439998,583680,248,95,2221.0,2345,0.9985616207122803,-5.981727371613185,0.5547446012496948,0.014151762,376,0.00025,0.23636881510416666,0.2,0.009285182100332653,1.3206853028386831
-7617.583221999999,589824,248,96,2221.0,2372,0.9985480308532715,-5.9891621967156725,0.29532378911972046,0.025995046,380,0.00025,0.3042805989583333,0.2,0.010257929946722774,0.7560978128264347
-7528.598555410001,595968,248,97,2221.0,2399,0.9988442063331604,-5.856410905718803,0.24620738625526428,0.028868267,384,0.00025,0.4361979166666667,0.2,0.03006551652166915,0.799047076764206
-7494.79677752,602112,248,98,2221.0,2424,0.9985384941101074,-5.927532330155373,0.78785240650177,0.015212581,388,0.00025,0.20682779947916666,0.2,0.004755795069892581,1.239223292718331
-7440.310555230002,608256,248,99,2221.0,2449,0.9987043142318726,-5.881893803675969,0.601379930973053,0.0090170065,392,0.00025,0.1976318359375,0.2,0.005749278619380978,1.1593500077724457
-7468.69633343,614400,245,100,2221.0,2501,0.9983686208724976,-5.964332063992818,0.7716280817985535,0.010731281,396,0.00025,0.2001953125,0.2,0.005453696476858265,1.3004863541573286
-7479.78633361,620544,244,101,2221.0,2538,0.9986052513122559,-6.029780775308609,0.5621251463890076,0.014609489,400,0.00025,0.23258463541666666,0.2,0.009515368544574207,1.1663618081559737
-7555.47333342,626688,243,102,2221.0,2575,0.9983891248703003,-6.043640697995822,0.6938941478729248,0.01724407,404,0.00025,0.2376708984375,0.2,0.005761744573343701,1.2438967414200306
-7564.83899999,632832,242,103,2221.0,2612,0.9976760745048523,-5.963952009876569,0.6847276091575623,0.015721327,408,0.00025,0.24991861979166666,0.2,0.008776133006904274,1.17752584690849
-7623.060333120001,638976,241,104,2221.0,2648,0.9989229440689087,-6.20299136141936,0.5368518829345703,0.016042797,412,0.00025,0.2054443359375,0.2,0.006204269877343904,0.9792896254609028
-7666.631666339999,645120,240,105,2221.0,2684,0.9985093474388123,-6.295508493979772,0.6404643058776855,0.022522354,416,0.00025,0.22672526041666666,0.2,0.007709521480137482,1.1578503871957462
-7649.01633277,651264,239,106,2221.0,2720,0.9988439083099365,-6.399700303872426,0.5917803645133972,0.01652577,420,0.00025,0.269287109375,0.2,0.01068546850971567,0.9992570672184229
-7622.964221610002,657408,238,107,2221.0,2757,0.9987477660179138,-6.376908361911774,0.5570329427719116,0.0153681,424,0.00025,0.2716878255208333,0.2,0.009072069442481734,1.0116542323182027
-7651.177554879999,663552,237,108,2221.0,2793,0.9986855387687683,-6.370102941989899,0.6118411421775818,0.021783924,428,0.00025,0.23404947916666666,0.2,0.006324422468120853,1.058127876992027
-7759.169665990001,669696,236,109,2221.0,2830,0.9979322552680969,-6.279704252878825,0.6367369890213013,0.02369007,432,0.00025,0.2734781901041667,0.2,0.009188318656621655,1.102311757703622
-7786.945888180002,675840,235,110,2221.0,2866,0.9985252022743225,-6.240020801623662,0.5708078145980835,0.015205086,436,0.00025,0.244873046875,0.2,0.007567301795158225,1.0658241156488657
-7746.341888319999,681984,234,111,2221.0,2902,0.9986156225204468,-6.184500177701314,0.5624964237213135,0.015490435,440,0.00025,0.2956949869791667,0.2,0.012815018169931136,1.0877567728360493
-7845.42433259,688128,234,112,2221.0,2939,0.9986864924430847,-6.246645117799441,0.6371757388114929,0.019858867,444,0.00025,0.2651774088541667,0.2,0.01088149974384578,1.0552449033906062
-7876.87122166,694272,233,113,2221.0,2974,0.9986719489097595,-6.355975771943728,0.5609889626502991,0.025748491,448,0.00025,0.2796223958333333,0.2,0.010362344573271306,1.0594452402244012
-7900.666221780001,700416,232,114,2221.0,3010,0.9986622929573059,-6.30078998208046,0.708100438117981,0.03033547,452,0.00025,0.3189290364583333,0.2,0.016885884874985397,0.980121643592914
-7971.562666600001,706560,231,115,2221.0,3045,0.9985389113426208,-6.117840200662613,0.6101610660552979,0.017216444,456,0.00025,0.2335205078125,0.2,0.0061131328814857016,0.9342642643799385
-8014.770111160001,712704,231,116,2221.0,3082,0.9983765482902527,-6.043365399042766,0.5128111243247986,0.023333088,460,0.00025,0.2945149739583333,0.2,0.01140647153079044,1.0215208033720653
-8068.373111500001,718848,230,117,2221.0,3118,0.9987415671348572,-6.143559028704961,0.6408007740974426,0.019171542,464,0.00025,0.2834065755208333,0.2,0.012760336037899833,0.98759775608778
-7980.08922267,724992,229,118,2221.0,3154,0.9988120198249817,-6.21787125368913,0.5747365951538086,0.020455204,468,0.00025,0.2530110677083333,0.2,0.008854913280326096,0.9674062070747217
-7992.7456671,731136,229,119,2221.0,3191,0.9986274242401123,-6.183238511284192,0.3927314877510071,0.024820616,472,0.00025,0.318359375,0.2,0.014393201432540081,1.0126644608875115
-8014.386667040001,737280,228,120,2221.0,3227,0.9983516335487366,-6.137327462434769,0.4951358139514923,0.043149784,476,0.00025,0.3216959635416667,0.2,0.015870620826414477,1.067308987180392
-7988.867667199999,743424,227,121,2221.0,3264,0.9987382888793945,-6.124160875876744,0.2547721862792969,0.022368336,480,0.00025,0.3217366536458333,0.2,0.011156473301525693,0.881502168563505
-7954.59011148,749568,227,122,2221.0,3299,0.9986520409584045,-5.867293963829677,0.34644854068756104,0.04282117,484,0.00025,0.4674886067708333,0.2,0.03496103972914474,0.8428172810624043
-7945.1364449600005,755712,226,123,2221.0,3336,0.998763382434845,-5.818317145109177,0.2780243456363678,0.07932768,488,0.00025,0.4910888671875,0.2,0.03741405937277401,0.7243530744065841
-7924.56944506,761856,225,124,2221.0,3372,0.998958170413971,-5.939850176374118,0.24529455602169037,0.020075267,492,0.00025,0.2939453125,0.2,0.01042992974301645,0.9116884258886179
-7885.829333949998,768000,225,125,2221.0,3408,0.9989029765129089,-6.002662802735965,0.5283488035202026,0.016881427,496,0.00025,0.3143717447916667,0.2,0.014949635995435528,0.9243857034792503
-7878.983333989999,774144,224,126,2221.0,3444,0.9987108707427979,-6.060396651426951,0.3387128412723541,0.033312585,500,0.00025,0.3718668619791667,0.2,0.020173527489532717,0.7655990291386843
-7939.153222919999,780288,224,127,2221.0,3480,0.9988771080970764,-5.892040550708771,0.5393356680870056,0.039226767,504,0.00025,0.4322102864583333,0.2,0.030639123695436865,1.0142875239253044
-7932.76455632,786432,223,128,2221.0,3517,0.9978703260421753,-5.685948039094607,0.29760485887527466,0.011645444,508,0.00025,0.2548421223958333,0.2,0.010688074927505417,1.0815263924499352
-7833.260423769999,792576,223,129,2217.09,3553,0.9986677169799805,-5.666953459382057,0.6326920986175537,0.014788292,512,0.00025,0.2989501953125,0.2,0.016353778701159172,1.1125019670774539
-7903.3650901699975,798720,222,130,2217.09,3589,0.987710177898407,-5.66372333963712,2.2248263359069824,0.06899648,516,0.00025,0.4263102213541667,0.2,0.02063262767357325,5.319599788015087
-7889.23520115,804864,222,131,2217.09,3624,0.9968881011009216,-5.73431692024072,0.4233967363834381,0.014276862,520,0.00025,0.194580078125,0.2,0.0037481992573399716,1.4073713167260091
-7986.970645520001,811008,221,132,2217.09,3660,0.9983898401260376,-5.670526782671611,0.39931780099868774,0.028937377,524,0.00025,0.3835856119791667,0.2,0.02079511003830703,0.9028091095387936
-7946.736756539999,817152,221,133,2217.09,3697,0.9987083673477173,-5.641897454857826,0.23934245109558105,0.038339347,528,0.00025,0.4476318359375,0.2,0.024682510673301294,0.7230677405993143
-7965.546867360001,823296,220,134,2217.09,3733,0.9984419345855713,-5.605902075767517,0.9409587979316711,0.011251469,532,0.00025,0.20906575520833334,0.2,0.00763553590028702,1.8092797702799241
-7921.69693387,829440,220,135,2217.09,3769,0.9984866380691528,-5.609120403726895,0.5622019171714783,0.026439885,536,0.00025,0.3351643880208333,0.2,0.017087253162268706,0.8968117317805687
-7907.299411830001,835584,219,136,2217.09,3805,0.9987793564796448,-5.652307863036792,0.21524302661418915,0.027861305,540,0.00025,0.3077799479166667,0.2,0.00957035456910186,0.6921890778467059
-7992.07708857,841728,219,137,2221.0,3841,0.9982803463935852,-5.6980520983537035,0.7475022077560425,0.0155530395,544,0.00025,0.2259521484375,0.2,0.004893388890195638,1.261858740200599
-7985.57908299,847872,218,138,2221.0,3878,0.9987837672233582,-5.763359000285466,0.4930620789527893,0.0134175485,548,0.00025,0.2095947265625,0.2,0.005187357948064649,0.9809729854265848
-8017.27397761,854016,218,139,2221.0,3914,0.998642086982727,-5.688569635152817,0.4352782368659973,0.010366653,552,0.00025,0.2658284505208333,0.2,0.009250092844013125,1.0942447502166033
-8026.17532419,860160,217,140,2216.85,3951,0.9987910985946655,-5.6422574917475385,0.4445088505744934,0.017276594,556,0.00025,0.2620442708333333,0.2,0.008793506996880751,0.9407432253162066
-7995.251468710002,866304,217,141,2216.85,3987,0.9835034012794495,-5.356238856911659,1.3633092641830444,0.062047224,560,0.00025,0.4369303385416667,0.2,0.018324837044929154,5.7040600422769785
-7934.98224656,872448,216,142,2216.85,4023,0.997087836265564,-5.499703591068585,0.33243322372436523,0.029065976,564,0.00025,0.3929850260416667,0.2,0.016990105432341807,1.038516715168953
-7960.00886895,878592,216,143,2216.85,4059,0.9983919858932495,-5.561150322357814,0.3079614043235779,0.030274488,568,0.00025,0.3651123046875,0.2,0.014113519217062276,0.8517596125602722
-7972.252468790001,884736,215,144,2216.85,4096,0.9984674453735352,-5.445041413108508,0.7916073203086853,0.07710489,572,0.00025,0.3880615234375,0.2,0.023470761176819604,1.0033606650928657
-8090.551880039999,890880,215,145,2216.85,4133,0.998951256275177,-5.503332262237866,0.2578635811805725,0.014448929,576,0.00025,0.218994140625,0.2,0.004248742368266297,0.9006341795126597
-8096.429341040002,897024,215,146,2216.85,4169,0.9989445805549622,-5.424509555101395,0.22819960117340088,0.011049445,580,0.00025,0.16520182291666666,0.2,0.0025060461072522835,0.884472851951917
-8090.130451910001,903168,214,147,2216.85,4206,0.9989593029022217,-5.237042273084323,0.22087599337100983,0.014245163,584,0.00025,0.17167154947916666,0.2,0.004156953332615861,0.7644467127198974
-8043.56350777,909312,214,148,2216.85,4242,0.9988476634025574,-5.19619944691658,0.26198896765708923,0.0135272145,588,0.00025,0.17928059895833334,0.2,0.001658075273250385,0.8746154798815647
-8040.335938860001,915456,213,149,2221.0,4283,0.9987508058547974,-5.276768520474434,0.7920339703559875,0.06812426,592,0.00025,0.3877766927083333,0.2,0.024604422729074333,0.8302696434160074
-8145.150527740001,921600,212,150,2221.0,4335,0.9988695979118347,-5.477545589208603,0.24484221637248993,0.02094584,596,0.00025,0.3411865234375,0.2,0.013792665697110351,0.8760761497542262
-8217.38697798,927744,211,151,2221.0,4386,0.9987317323684692,-5.428248410423596,0.4280349314212799,0.017097173,600,0.00025,0.2766520182291667,0.2,0.01045524945705741,0.9411229708542427
-8246.39457785,933888,210,152,2221.0,4437,0.9989868402481079,-5.372548421223958,0.2351628988981247,0.015889993,604,0.00025,0.206787109375,0.2,0.004369282066666831,0.8663632534444332
-8211.79813384,940032,209,153,2221.0,4487,0.998792827129364,-5.241670211156209,0.2386978715658188,0.017561087,608,0.00025,0.2651774088541667,0.2,0.009325516143386873,0.8705687131732702
-8142.70643918,946176,208,154,2221.0,4527,0.9989931583404541,-5.109020526210467,0.1950964331626892,0.009418566,612,0.00025,0.20987955729166666,0.2,0.004694307649818559,0.7851361948996782
-7922.94424603,952320,208,155,2209.15,4563,0.9987260103225708,-4.998552516102791,0.18568769097328186,0.029613594,616,0.00025,0.4544270833333333,0.2,0.025391235108448502,0.7877317499369383
-7857.44604503,958464,208,156,2202.35,4599,0.9685337543487549,-4.923236683011055,5.240678787231445,0.035700105,620,0.00025,0.3756510416666667,0.2,0.010059648564492818,15.19128772864739
-7898.23571168,964608,208,157,2202.35,4635,0.9803296327590942,-4.792055939634641,4.2730207443237305,0.018514143,624,0.00025,0.34033203125,0.2,0.011237963878860077,8.845927144090334
-7789.34885022,970752,207,158,2197.08,4678,0.9975707530975342,-4.861656457185745,0.2668202221393585,0.013596754,628,0.00025,0.21663411458333334,0.2,0.007328895834992484,1.2185023228327434
-7684.531695549999,976896,206,159,2193.23,4729,0.9864729046821594,-4.774887104829152,5.042312145233154,0.029481946,632,0.00025,0.3783365885416667,0.2,0.014979769204122325,6.930922664701939
-7529.10518729,983040,205,160,2186.08,4780,0.9883361458778381,-4.868148197730382,4.910984039306641,0.03535105,636,0.00025,0.3693033854166667,0.2,0.015988629005732946,5.032030690461397
-7448.82150968,989184,204,161,2186.08,4830,0.9834432005882263,-4.761761928598086,6.619041442871094,0.019046962,640,0.00025,0.2882893880208333,0.2,0.006095800619126142,6.945853323986133
-7218.742460640001,995328,204,162,2163.87,4872,0.9961681365966797,-4.7075608024994535,0.5419391989707947,0.04585464,644,0.00025,0.3857421875,0.2,0.020464035745438498,1.652066043888529
-7126.42115729,1001472,204,163,2161.57,4908,0.9512655735015869,-4.8761386424303055,9.425006866455078,0.017370522,648,0.00025,0.3233235677083333,0.2,0.007829205424059182,17.02312600115935
-7171.583518810001,1007616,203,164,2171.12,4944,0.9885590672492981,-4.925244867801666,1.424708604812622,0.038455743,652,0.00025,0.2738444010416667,0.2,0.012607496847825436,3.5618976652622223
-7282.20600347,1013760,203,165,2177.92,4980,0.9920941591262817,-4.721976578235626,0.6655291318893433,0.036073357,656,0.00025,0.3666585286458333,0.2,0.012336380847652132,3.5466671461860337
-7257.44362531,1019904,203,166,2177.92,5015,0.9973499178886414,-4.711697643001874,0.5427703857421875,0.013598364,660,0.00025,0.2797444661458333,0.2,0.007310605151966835,1.4037634897977114
-7159.55286236,1026048,203,167,2169.48,5051,0.9978429675102234,-4.699854180216789,0.4200161099433899,0.013048328,664,0.00025,0.258544921875,0.2,0.007025428831790729,1.1314610292514165
-6753.567400310001,1032192,202,168,2132.98,5087,0.9698261022567749,-4.685796777407329,3.4044322967529297,0.028432375,668,0.00025,0.3963216145833333,0.2,0.017410649241355713,10.121254918475946
-6548.073364399998,1038336,202,169,2117.18,5122,0.9208777546882629,-4.516351054112117,8.167107582092285,0.024108732,672,0.00025,0.2935791015625,0.2,0.005372661088282864,17.567926441629726
-6369.28334898,1044480,202,170,2101.26,5162,0.9652975797653198,-4.761941730976105,4.824163436889648,0.025933852,676,0.00025,0.2961018880208333,0.2,0.00854827715374995,13.966200108329454
-6600.7518875900005,1050624,201,171,2110.68,5221,0.9791938662528992,-4.728707934419314,3.33442759513855,0.015601222,680,0.00025,0.2430419921875,0.2,0.003869333606417058,8.60050127406915
-6639.387583580001,1056768,200,172,2112.38,5281,0.9835745096206665,-4.677575464049975,1.8780908584594727,0.036794867,684,0.00025,0.2663981119791667,0.2,0.004488476925568345,6.811897153655688
-6384.588065859999,1062912,199,173,2096.84,5335,0.9884454011917114,-4.72942500313123,1.4877996444702148,0.039810125,688,0.00025,0.428955078125,0.2,0.02075216565329659,3.735595644762119
-6158.56634081,1069056,198,174,2078.53,5389,0.9841809272766113,-4.464817936221759,1.954589605331421,0.013192341,692,0.00025,0.24796549479166666,0.2,0.004044761961267795,5.627844599386056
-6183.393516969999,1075200,197,175,2078.82,5434,0.983653724193573,-4.430145377914111,2.4910919666290283,0.017255874,696,0.00025,0.2504069010416667,0.2,0.005685525068959881,7.9291229248046875
-6604.203952049998,1081344,197,176,2120.46,5474,0.9937998056411743,-4.564519281188647,1.0860066413879395,0.034011777,700,0.00025,0.2700602213541667,0.2,0.007221861177337511,2.5185267763833203
-6699.849435700001,1087488,197,177,2134.86,5513,0.9957668781280518,-4.747984116276105,0.6536446809768677,0.053503525,704,0.00025,0.4136555989583333,0.2,0.023583672698199127,1.2731960689028103
-6743.40587021,1093632,197,178,2143.43,5549,0.9895842671394348,-4.731343155105908,1.7077556848526,0.023082113,708,0.00025,0.30224609375,0.2,0.013389418221777305,5.099845729768276
-6376.502691769999,1099776,197,179,2120.85,5574,0.963647186756134,-4.9650804201761884,4.059068202972412,0.042492926,712,0.00025,0.3517252604166667,0.2,0.012630765530047938,10.364641894896826
-6143.97468388,1105920,197,180,2117.63,5603,0.9631483554840088,-4.814717466632525,1.7025413513183594,0.04336423,716,0.00025,0.4813232421875,0.2,0.01983489152432109,9.44121898462375
-6103.502464230001,1112064,197,181,2111.63,5633,0.9821410775184631,-4.844233736395836,2.4319584369659424,0.022367535,720,0.00025,0.3048502604166667,0.2,0.007782867789501324,6.986902564764023
-5901.803725210002,1118208,197,182,2101.28,5659,0.9820905327796936,-4.731658245126407,3.182342290878296,0.02484026,724,0.00025,0.3439534505208333,0.2,0.013523247975778455,6.601571795841058
-5621.37929231,1124352,197,183,2083.22,5687,0.9669586420059204,-4.74771349132061,5.35216760635376,0.027457109,728,0.00025,0.351806640625,0.2,0.010547087287704926,10.656902551651001
-5282.298412510001,1130496,197,184,2054.93,5712,0.9681317806243896,-4.755271757642428,5.242369174957275,0.056331884,732,0.00025,0.3561197916666667,0.2,0.012327040009646831,11.318791526059309
-4870.065158060001,1136640,198,185,2020.5,5740,0.9714195728302002,-4.638912265499433,3.718693733215332,0.036585405,736,0.00025,0.3384195963541667,0.2,0.011084012447099667,10.891170998414358
-4447.53636068,1142784,198,186,1959.22,5769,0.9617584943771362,-4.731510361035665,2.907836675643921,0.0241194,740,0.00025,0.2794189453125,0.2,0.009520412833808223,13.006457681457201
-4436.2857486,1148928,198,187,1952.86,5798,0.9436845183372498,-4.497659454743068,10.06498908996582,0.021841405,744,0.00025,0.2501627604166667,0.2,0.005620599282944265,22.92325098315875
-4335.35637913,1155072,198,188,1937.97,5828,0.9589198231697083,-4.761789942781131,5.407884120941162,0.029956607,748,0.00025,0.2979329427083333,0.2,0.006668666809370431,15.62522671620051
-3894.41177468,1161216,198,189,1899.27,5857,0.9774816036224365,-4.818633332848549,2.941235303878784,0.08096192,752,0.00025,0.4401041666666667,0.2,0.021010856289649382,7.617212727665901
-3647.24448363,1167360,198,190,1858.27,5886,0.9682206511497498,-4.379357064763705,4.429772853851318,0.03272238,756,0.00025,0.3545328776041667,0.2,0.00835370418644743,13.328219453493753
-3247.4726422500007,1173504,198,191,1798.15,5919,0.9730245471000671,-4.28656326731046,2.9336371421813965,0.023498407,760,0.00025,0.25390625,0.2,0.005660340670146979,11.420989443858465
-2985.21994651,1179648,198,192,1746.79,5948,0.9670843482017517,-4.194336116313934,5.334590435028076,0.02793903,764,0.00025,0.3738199869791667,0.2,0.007518159300767972,14.595102548599243
-2912.9075245199997,1185792,198,193,1735.39,5974,0.975407063961029,-4.2525724569956465,2.469003915786743,0.033343516,768,0.00025,0.3317057291666667,0.2,0.009130187667324208,9.098035792509714
-2592.68386295,1191936,198,194,1683.14,6000,0.955085277557373,-4.066994026303291,3.5503406524658203,0.024853319,772,0.00025,0.24609375,0.2,0.005264739088791733,19.0775027970473
-2428.41578733,1198080,198,195,1646.49,6026,0.9680850505828857,-4.133077638844649,5.839280605316162,0.02951482,776,0.00025,0.3456624348958333,0.2,0.009346487895527389,13.421629612644514
-2358.6386339,1204224,198,196,1627.11,6052,0.9805880784988403,-4.312433858712514,2.1224186420440674,0.029921046,780,0.00025,0.3249918619791667,0.2,0.010301336144038942,7.651405905683835
-2257.3855194,1210368,199,197,1605.59,6077,0.9825987219810486,-4.159072754283746,2.4159812927246094,0.025672251,784,0.00025,0.3418375651041667,0.2,0.010822207693612048,6.784186822672685
-2225.41534662,1216512,199,198,1608.36,6102,0.9839202761650085,-4.162751120825608,2.2990853786468506,0.037314914,788,0.00025,0.3022054036458333,0.2,0.006197706776826332,6.850364128748576
-2254.5381373200003,1222656,199,199,1621.77,6128,0.9787764549255371,-4.323877026637395,2.8556320667266846,0.027593484,792,0.00025,0.4302978515625,0.2,0.018012626154813915,6.577087650696437
-2308.75375067,1228800,199,200,1636.5,6156,0.9761244654655457,-4.325697263081868,3.8428215980529785,0.029361343,796,0.00025,0.2970784505208333,0.2,0.00425819466424097,8.395430902640024
-2339.4416064399998,1234944,199,201,1644.32,6185,0.9669017791748047,-4.368811150391896,3.079827308654785,0.035811353,800,0.00025,0.3236490885416667,0.2,0.0030194985471704663,12.090475668509802
-2335.13408064,1241088,199,202,1641.01,6214,0.9660508632659912,-4.44784211119016,3.8357131481170654,0.019035477,804,0.00025,0.3096516927083333,0.2,0.006958283066827183,12.842423558235168
-2327.1644891599994,1247232,199,203,1636.35,6250,0.9773464798927307,-4.546408812204997,3.2918949127197266,0.036075097,808,0.00025,0.3633219401041667,0.2,0.013291104468711032,8.342681795358658
-2249.7625337100003,1253376,199,204,1634.74,6281,0.9733952879905701,-4.557248845696449,3.2262682914733887,0.028684089,812,0.00025,0.3871663411458333,0.2,0.014568413282783391,8.13654879728953
-2023.9048583200001,1259520,199,205,1588.5,6310,0.9823313355445862,-4.470046614607175,2.158933401107788,0.028939439,816,0.00025,0.304443359375,0.2,0.007369239006948192,6.865381387372811
-1844.5305218299995,1265664,199,206,1551.54,6341,0.9866432547569275,-4.41406166056792,3.5284714698791504,0.029412301,820,0.00025,0.3389485677083333,0.2,0.009474233389482833,6.474324819942315
-1652.5822216000001,1271808,199,207,1517.54,6370,0.985238790512085,-4.683098837733269,1.8809657096862793,0.07711718,824,0.00025,0.3919270833333333,0.2,0.011617996055671634,7.152494743466377
-1328.85646687,1277952,199,208,1471.2,6396,0.985051691532135,-4.6042148520549135,1.778695821762085,0.04068585,828,0.00025,0.3784586588541667,0.2,0.011414402569547141,6.312145782013734
-1080.68499756,1284096,199,209,1435.11,6421,0.989543080329895,-4.454789032538732,2.368893623352051,0.026057146,832,0.00025,0.3689778645833333,0.2,0.01355742797992813,5.26313067227602
-867.9092335700001,1290240,200,210,1394.09,6448,0.9912921190261841,-4.491665472586949,1.258504033088684,0.024429351,836,0.00025,0.3219807942708333,0.2,0.013457432059415927,4.262469510237376
-574.7716552899999,1296384,200,211,1347.41,6475,0.9934574365615845,-4.4007942626873655,1.6628706455230713,0.023162847,840,0.00025,0.2944742838541667,0.2,0.008361928189212145,3.997319427629312
-641.75479968,1302528,200,212,1364.47,6501,0.9898423552513123,-4.520985429485639,1.9463114738464355,0.018452672,844,0.00025,0.2808024088541667,0.2,0.004212784580886364,6.144558623433113
-570.45360998,1308672,200,213,1358.56,6530,0.9891369938850403,-4.708134258786838,1.2367761135101318,0.06654773,848,0.00025,0.425537109375,0.2,0.02205817050707992,3.867059212177992
-701.04042924,1314816,200,214,1392.22,6558,0.9820616245269775,-4.406535779436429,2.896451950073242,0.02268368,852,0.00025,0.2705078125,0.2,0.004549997722885261,6.909216046333313
-653.6307750299999,1320960,200,215,1397.35,6586,0.9865022301673889,-4.375609735647838,1.527956485748291,0.038178097,856,0.00025,0.3656412760416667,0.2,0.009173126352834515,5.236281891663869
-692.7709576,1327104,200,216,1411.08,6619,0.9919672012329102,-4.431289558609326,1.2324085235595703,0.030021846,860,0.00025,0.3169352213541667,0.2,0.0045546944650898995,3.8445636754234633
-776.5097051900001,1333248,200,217,1432.89,6649,0.9931182265281677,-4.196491206685702,1.225804090499878,0.028204715,864,0.00025,0.3350830078125,0.2,0.007580439860854919,3.17194731036822
-706.56565855,1339392,200,218,1418.18,6681,0.9924768805503845,-4.313061520457268,1.0397067070007324,0.050157566,868,0.00025,0.3932291666666667,0.2,0.012797396644600667,3.431438480814298
-749.84253836,1345536,200,219,1426.27,6711,0.9894979596138,-4.283368701736133,2.137913942337036,0.032491077,872,0.00025,0.3195393880208333,0.2,0.007271336498282229,4.731242097914219
-823.04376849,1351680,200,220,1436.91,6739,0.9801870584487915,-4.331539988517761,2.558624505996704,0.042743478,876,0.00025,0.3563639322916667,0.2,0.008457030059313789,6.087711776296298
-791.8393786700002,1357824,200,221,1421.04,6766,0.990841269493103,-4.326847066481908,1.8470778465270996,0.014184691,880,0.00025,0.185791015625,0.2,-0.0012465987723165501,4.332072980701923
-909.4255430900001,1363968,200,222,1432.04,6791,0.9923110008239746,-4.3276134977738066,1.4589964151382446,0.027911035,884,0.00025,0.3156331380208333,0.2,0.002875938475578247,3.958219051361084
-848.0966466699999,1370112,200,223,1415.36,6816,0.9894608855247498,-4.394487748543422,1.3679510354995728,0.08298833,888,0.00025,0.3717447916666667,0.2,0.011940364759842245,3.9766087532043457
-794.52485056,1376256,201,224,1399.57,6841,0.9916268587112427,-4.2806383321682615,1.8659971952438354,0.016563855,892,0.00025,0.2759602864583333,0.2,0.002202867479354609,3.7990366742014885
-614.03026564,1382400,201,225,1365.41,6867,0.9852334856987,-4.215438808004062,1.7047975063323975,0.033684075,896,0.00025,0.4102376302083333,0.2,0.013588309006687874,4.842656972507636
-492.4338056799999,1388544,201,226,1334.64,6892,0.9829434752464294,-4.233517701427142,2.0713837146759033,0.02701184,900,0.00025,0.30078125,0.2,0.0052604191029483145,5.83981528878212
-339.99592512000004,1394688,201,227,1299.79,6917,0.9919172525405884,-4.14682308336099,2.7345802783966064,0.026381312,904,0.00025,0.3267008463541667,0.2,0.010111620068831447,3.879833380381266
-263.05724627,1400832,201,228,1279.18,6942,0.9927166700363159,-4.089972873528798,1.2279037237167358,0.022230605,908,0.00025,0.3649088541666667,0.2,0.008512094464094844,3.00821328535676
-203.25916439,1406976,201,229,1263.83,6967,0.9942939877510071,-3.7975617349147797,2.570404291152954,0.030367805,912,0.00025,0.2969970703125,0.2,0.0022852765153705454,2.6587140249709287
-133.67223088999998,1413120,202,230,1250.69,6991,0.9949924349784851,-3.7585237994790077,0.931780219078064,0.043690924,916,0.00025,0.3195393880208333,0.2,0.008708105631133852,2.2695273694892726
-122.69684281999997,1419264,201,231,1259.06,7026,0.9947875142097473,-3.6920075863599777,1.5935763120651245,0.038502704,920,0.00025,0.3660481770833333,0.2,0.014660491152123237,2.2463000963131585
-45.62704242000001,1425408,201,232,1248.46,7067,0.9958754777908325,-3.57947971423467,0.9361145496368408,0.020038648,924,0.00025,0.16796875,0.2,0.00253465393082782,2.280427678177754
-4.629199159999979,1431552,201,233,1252.04,7100,0.9968191385269165,-3.455211622019609,0.9633678197860718,0.044685114,928,0.00025,0.2629801432291667,0.2,0.007388680906539473,2.2914212830364704
69.76505078,1437696,201,234,1238.92,7131,0.9958477020263672,-3.7302499984701476,0.9076889157295227,0.05885755,932,0.00025,0.3717041015625,0.2,0.012976493134677488,1.9944070478280385
49.61445739000001,1443840,201,235,1248.39,7162,0.9965286254882812,-3.4651430174708366,1.1455495357513428,0.011081688,936,0.00025,0.17928059895833334,0.2,-0.00025081778585445136,2.231391100833813
-19.523631339999994,1449984,201,236,1257.01,7193,0.9957160353660583,-3.5356316516796746,0.7738364338874817,0.036648367,940,0.00025,0.3477783203125,0.2,0.012348707212368026,1.9789181277155876
-42.51360791000002,1456128,201,237,1271.89,7225,0.9955995082855225,-3.499930091202259,0.9676176309585571,0.013520353,944,0.00025,0.3154703776041667,0.2,0.012192890576746626,2.3603238749007383
-25.546672569999977,1462272,201,238,1269.02,7258,0.9963415265083313,-3.581527548531691,0.5784463882446289,0.04307121,948,0.00025,0.3623046875,0.2,0.019097508493966114,1.7153817949195702
-116.39525985,1468416,201,239,1290.56,7291,0.9930711388587952,-3.6521909882624946,0.8764195442199707,0.03208041,952,0.00025,0.3269449869791667,0.2,0.0076028368033197085,2.320259414613247
-65.39120669000005,1474560,201,240,1279.84,7327,0.9928615689277649,-3.6081691905856133,1.4913345575332642,0.022950893,956,0.00025,0.2969970703125,0.2,0.010851507400123713,3.5576025458673635
-114.65534707,1480704,201,241,1282.12,7359,0.9951772689819336,-3.5961401214202247,0.7155755162239075,0.021901906,960,0.00025,0.3248697916666667,0.2,0.00721436496435975,2.2384991186360517
-169.94623794999998,1486848,201,242,1279.9,7390,0.994921088218689,-3.6859423567851386,1.1590845584869385,0.013443004,964,0.00025,0.21866861979166666,0.2,0.002895908798867216,2.6717340499162674
-176.19584914000004,1492992,201,243,1271.65,7425,0.9884674549102783,-3.6370097200075784,1.3530280590057373,0.042940125,968,0.00025,0.3441162109375,0.2,0.005559302759744848,3.1038467486699424
-208.50434131999998,1499136,200,244,1280.64,7461,0.9949414134025574,-3.7298315837979317,1.2251522541046143,0.031493727,972,0.00025,0.3699137369791667,0.2,0.01466986458399333,2.1882119278113046
-341.01778743,1505280,200,245,1297.03,7493,0.9933543801307678,-3.678112464646498,1.4943524599075317,0.02170526,976,0.00025,0.2759602864583333,0.2,0.005038660795738299,2.8870490168531737
-354.3664569399999,1511424,200,246,1296.47,7522,0.9940851330757141,-3.8530527154604592,1.4803541898727417,0.020170342,980,0.00025,0.3228352864583333,0.2,0.00953481366741471,2.9150730359057584
-255.20943538,1517568,200,247,1279.84,7552,0.990336537361145,-3.6840723728140197,1.3128682374954224,0.020505885,984,0.00025,0.2973225911458333,0.2,0.004577612586823913,3.7728385577599206
-246.51330656000002,1523712,201,248,1276.51,7579,0.9966608881950378,-3.6321841180324554,0.6912251114845276,0.027086178,988,0.00025,0.3422037760416667,0.2,0.015277340620135268,1.8227576116720836
-213.86403291000005,1529856,201,249,1263.57,7609,0.9961177706718445,-3.7159712687134743,0.6922376155853271,0.039003804,992,0.00025,0.3182373046875,0.2,0.009801668536965735,1.9858462015787761
-177.73643538,1536000,201,250,1249.11,7638,0.9949545860290527,-3.8047184521953263,0.64748615026474,0.033075158,996,0.00025,0.37646484375,0.2,0.012905366733320989,1.9978611866633098
-62.16125936000001,1542144,200,251,1231.4,7680,0.995300829410553,-3.784481974939505,0.8040405511856079,0.027061505,1000,0.00025,0.3487548828125,0.2,0.00862293046763322,2.144071213901043
-99.06202076000005,1548288,200,252,1234.33,7711,0.9927246570587158,-3.7338412006696067,0.7300059795379639,0.036719874,1004,0.00025,0.3386637369791667,0.2,0.010796285452670418,2.908388086905082
-149.75480382000006,1554432,200,253,1239.12,7744,0.9863450527191162,-3.7694351052244506,1.3832534551620483,0.060837656,1008,0.00025,0.4261067708333333,0.2,0.008947542291328622,3.839592568576336
-86.92686479000002,1560576,200,254,1212.39,7775,0.9940970540046692,-3.619770328203837,0.745974063873291,0.04420981,1012,0.00025,0.3146158854166667,0.2,0.007431798367178999,2.6959110336999097
-25.719562400000004,1566720,200,255,1196.19,7805,0.9956280589103699,-3.624159537255764,0.8914111256599426,0.033413418,1016,0.00025,0.3176676432291667,0.2,0.007285545599491646,1.9686583193639915
-37.490021609999985,1572864,200,256,1189.34,7834,0.9957109689712524,-3.4789673884709678,1.0716315507888794,0.011514674,1020,0.00025,0.21000162760416666,0.2,0.003412933125218842,2.348266592870156
-25.960947179999994,1579008,200,257,1179.14,7865,0.9956812262535095,-3.4626593962311745,0.7679774165153503,0.021538792,1024,0.00025,0.3408203125,0.2,0.01151741234207293,2.2278522811830044
12.25129555000001,1585152,200,258,1171.73,7895,0.995668888092041,-3.539490240315596,0.538749098777771,0.025446326,1028,0.00025,0.3144938151041667,0.2,0.009133987696259283,1.863508687665065
50.09686100999999,1591296,200,259,1172.81,7922,0.9966455698013306,-3.5985508859157562,0.9043525457382202,0.010974671,1032,0.00025,0.20967610677083334,0.2,0.0017535823474948604,2.5562965696056685
108.38734722999999,1597440,200,260,1166.07,7948,0.9963573217391968,-3.6198944225907326,0.7503730058670044,0.023694137,1036,0.00025,0.368408203125,0.2,0.013604487733876644,1.7034565260012944
123.66146259999998,1603584,201,261,1170.68,7975,0.9967682957649231,-3.6797403022646904,0.39480656385421753,0.03556478,1040,0.00025,0.3330891927083333,0.2,0.010514553614484612,1.5211601108312607
146.91943358,1609728,201,262,1170.08,8002,0.9962043762207031,-3.7848181451360383,0.5823515057563782,0.015204251,1044,0.00025,0.2576904296875,0.2,0.002390595380954134,1.786631361891826
172.84044434999998,1615872,201,263,1165.02,8029,0.9974119067192078,-3.842177321513494,0.3553628623485565,0.03262068,1048,0.00025,0.2822672526041667,0.2,0.005199072285904549,1.459480260188381
169.39510397,1622016,201,264,1164.34,8058,0.9974724650382996,-3.9274426698684692,0.5438939332962036,0.020035613,1052,0.00025,0.3821614583333333,0.2,0.012764796391517544,1.2137156824270885
125.55557386999999,1628160,201,265,1169.24,8088,0.9939709305763245,-3.9701291595896087,1.117058277130127,0.028987104,1056,0.00025,0.3600260416666667,0.2,0.01056492809827129,3.0302481253941855
135.27947768,1634304,201,266,1169.9,8118,0.9948487281799316,-3.87364104638497,0.5731968879699707,0.06815765,1060,0.00025,0.4341227213541667,0.2,0.012748280627420172,1.562420902773738
155.69202274,1640448,201,267,1166.8,8147,0.9958308935165405,-3.6419173255562782,0.49752309918403625,0.026886774,1064,0.00025,0.3392740885416667,0.2,0.0077725930702096475,2.0020568389445543
69.06872027,1646592,201,268,1184.03,8178,0.9964958429336548,-3.6760900616645813,0.6376137137413025,0.034550402,1068,0.00025,0.3489176432291667,0.2,0.01041872457305241,1.584121586754918
-5.744672010000013,1652736,201,269,1201.99,8209,0.9944968223571777,-3.731932091216246,0.5889705419540405,0.016332353,1072,0.00025,0.2900390625,0.2,0.005371379476855509,2.185999403397242
-87.86487075999999,1658880,201,270,1214.86,8240,0.9939278960227966,-3.782075030108293,1.2807728052139282,0.034520894,1076,0.00025,0.3998209635416667,0.2,0.010759239861120781,2.564331411073605
-70.75835327,1665024,201,271,1209.51,8270,0.9929988384246826,-3.8321409250299134,0.716749906539917,0.031201141,1080,0.00025,0.3037516276041667,0.2,0.0026705634518293664,2.313214680800835
-93.63716202999998,1671168,201,272,1208.16,8297,0.9960758686065674,-3.8712348168094954,0.5047809481620789,0.019188078,1084,0.00025,0.3154296875,0.2,0.007486768006250107,1.906212108830611
-86.94641514999999,1677312,201,273,1200.09,8323,0.9959211945533752,-3.979595231513182,0.641272783279419,0.037795827,1088,0.00025,0.3090413411458333,0.2,0.006682142595915745,2.1581715599944196
-44.151352190000004,1683456,201,274,1173.57,8353,0.9967520833015442,-3.8509506583213806,0.7967994809150696,0.014177551,1092,0.00025,0.2755126953125,0.2,0.003139821298342819,1.6144841977705557
47.560536219999975,1689600,201,275,1153.41,8382,0.9964669942855835,-3.881076301137606,0.8790224194526672,0.037521623,1096,0.00025,0.21826171875,0.2,-0.0034401998467122516,1.696132489790519
69.82439649,1695744,201,276,1143.06,8412,0.9981419444084167,-3.9731074447433152,0.885773241519928,0.016565794,1100,0.00025,0.20255533854166666,0.2,0.0006394546944648027,1.3330607693642378
83.84289909999998,1701888,201,277,1142.23,8446,0.9977485537528992,-3.9567641764879227,0.7141324877738953,0.01424818,1104,0.00025,0.212890625,0.2,-0.0004980704131109329,1.4757484470804532
97.29873690999997,1708032,201,278,1143.0,8477,0.9969642758369446,-3.9942391787966094,1.1263575553894043,0.0660758,1108,0.00025,0.3504638671875,0.2,0.010408951486169826,1.700859787563483
72.82558907999999,1714176,201,279,1156.03,8508,0.9972652792930603,-4.037315150101979,0.28302448987960815,0.045786608,1112,0.00025,0.3344319661458333,0.2,0.007608851100182316,1.06319362608095
-22.89539654000001,1720320,201,280,1175.15,8539,0.9914484620094299,-3.9793547689914703,0.8081166744232178,0.05263102,1116,0.00025,0.4187825520833333,0.2,0.02120376423408743,2.6743397961060205
11.579078849999991,1726464,201,281,1179.83,8573,0.9937559962272644,-4.053526396552722,0.6676476001739502,0.04514867,1120,0.00025,0.4173177083333333,0.2,0.016095509517375223,1.9009115522106488
19.98719844999999,1732608,201,282,1170.59,8607,0.9973025321960449,-3.8921777084469795,0.3990533947944641,0.041081797,1124,0.00025,0.3636474609375,0.2,0.018379303025236975,1.334618829190731
50.93126062,1738752,201,283,1169.41,8638,0.9977754354476929,-3.8267360602815947,0.28147149085998535,0.03444237,1128,0.00025,0.3100992838541667,0.2,0.007576252455085826,0.972146317983667
61.42737280999998,1744896,201,284,1164.95,8669,0.9976641535758972,-3.798914688328902,0.9954981803894043,0.015879309,1132,0.00025,0.294921875,0.2,0.0077985865039712126,1.2678952602048714
93.19609093999999,1751040,201,285,1155.9,8702,0.9965407848358154,-3.7384633471568427,0.8259426355361938,0.033503715,1136,0.00025,0.3063557942708333,0.2,0.010527904649885992,1.8501618318259716
112.07655975999998,1757184,201,286,1147.68,8737,0.9969121813774109,-3.816416854659716,0.6227599382400513,0.013343674,1140,0.00025,0.2598063151041667,0.2,0.0010430469143708858,1.5335871241986752
48.89132409000002,1763328,201,287,1158.34,8771,0.9973855018615723,-3.786930906275908,0.4831315279006958,0.014786619,1144,0.00025,0.270263671875,0.2,0.007936786591017153,1.4517159461975098
42.20750916,1769472,200,288,1159.09,8806,0.9966943860054016,-3.7918728018800416,0.7466205358505249,0.018091552,1148,0.00025,0.22880045572916666,0.2,-0.0011680017778417096,1.6205704218397539
66.74584940000001,1775616,200,289,1164.05,8834,0.9971902370452881,-3.8623591512441635,0.7424294352531433,0.01486704,1152,0.00025,0.210205078125,0.2,0.00040193843354548636,1.4542015089342992
134.19078041,1781760,201,290,1159.2,8861,0.9977579712867737,-3.950036677221457,0.8352887630462646,0.012928213,1156,0.00025,0.1806640625,0.2,-0.00020138163624020913,1.3404466168334086
98.88522982999996,1787904,201,291,1171.97,8888,0.9975968599319458,-3.8117149447401366,0.6615736484527588,0.016220927,1160,0.00025,0.21443684895833334,0.2,0.0011158462269425702,1.3274176338066657
189.82418356000002,1794048,201,292,1168.75,8918,0.9976768493652344,-3.7482715025544167,0.7161960601806641,0.03507592,1164,0.00025,0.3265380859375,0.2,0.012402456857671496,1.335213579237461
213.80473521,1800192,201,293,1162.44,8951,0.9980394840240479,-3.830626311401526,0.6659517288208008,0.014849161,1168,0.00025,0.23701985677083334,0.2,0.0011022358618599053,1.2001869957894087
211.4520785,1806336,201,294,1159.91,8982,0.9987542033195496,-3.7807632138331733,0.5660182237625122,0.016080122,1172,0.00025,0.19083658854166666,0.2,0.0022331126286492995,0.9734715558588505
198.85089629,1812480,201,295,1146.48,9014,0.9979901313781738,-3.7644105901320777,0.3787902295589447,0.12810545,1176,0.00025,0.2332763671875,0.2,0.0033370040206743092,1.0888263986756404
208.46125550000005,1818624,200,296,1133.82,9049,0.9989747405052185,-3.562937577565511,0.40109628438949585,0.03489372,1180,0.00025,0.3415934244791667,0.2,0.012573601748348059,0.598911024009188
209.87904024999997,1824768,200,297,1128.07,9083,0.9989401698112488,-3.6518090864022574,0.20327095687389374,0.023332424,1184,0.00025,0.3506673177083333,0.2,0.010133832336578052,0.6140594479317466
121.15732607999999,1830912,200,298,1135.76,9118,0.9978827834129333,-3.6459955225388208,0.26182258129119873,0.035256784,1188,0.00025,0.3367106119791667,0.2,0.007754247844180402,0.9830544243256251
68.95629821,1837056,200,299,1143.46,9162,0.9976391792297363,-3.5816110745072365,0.32498061656951904,0.033156216,1192,0.00025,0.3960367838541667,0.2,0.013059130445374953,1.4364972300827503
43.662857730000006,1843200,200,300,1155.29,9197,0.9976004362106323,-3.735131879647573,0.3565264344215393,0.015798572,1196,0.00025,0.3202718098958333,0.2,0.010203667601066021,1.2275800642867882
-26.43826405999999,1849344,200,301,1172.63,9229,0.9988105893135071,-3.6704408253232637,0.3581598997116089,0.04347198,1200,0.00025,0.4061686197916667,0.2,0.017218625973328017,0.8682914242769281
-38.26642177999998,1855488,200,302,1176.1,9261,0.9979144334793091,-3.653417207300663,0.6234765648841858,0.029928496,1204,0.00025,0.3717447916666667,0.2,0.017162567972263787,1.2999793241421382
-2.160989189999997,1861632,200,303,1183.4,9290,0.9980950951576233,-3.6318227599064508,0.6677427291870117,0.0882107,1208,0.00025,0.3204345703125,0.2,0.014584530174033716,1.0966288006554048
144.11538278,1867776,200,304,1174.98,9318,0.9964717030525208,-3.4880544220407805,0.513952910900116,0.027568147,1212,0.00025,0.3263753255208333,0.2,0.005401781738328282,1.6024615460385878
175.03560297999996,1873920,200,305,1174.13,9345,0.9945046901702881,-3.403000444173813,0.6057025194168091,0.0317064,1216,0.00025,0.3812662760416667,0.2,0.01539706755526519,1.567129135131836
283.18578431000003,1880064,200,306,1166.82,9373,0.9978798031806946,-3.335312088330587,0.3071404695510864,0.018822052,1220,0.00025,0.2709147135416667,0.2,0.004888410549028777,1.0594385874768097
279.0476809,1886208,200,307,1161.18,9400,0.9976321458816528,-3.2421027248104415,0.396304726600647,0.07987211,1224,0.00025,0.3802490234375,0.2,0.02446556160430191,1.351515769958496
225.38063162999998,1892352,200,308,1155.4,9426,0.998448371887207,-3.185989206035932,0.6556684374809265,0.017570827,1228,0.00025,0.23343912760416666,0.2,0.005479486867746648,0.9389490773901343
188.09778322999995,1898496,200,309,1145.0,9452,0.9953895211219788,-3.152667574584484,0.46045005321502686,0.0171431,1232,0.00025,0.2210693359375,0.2,0.0009491785337255957,1.4295914750546217
119.37845548000001,1904640,200,310,1152.11,9478,0.9972427487373352,-3.1788390626509986,0.391875684261322,0.06646463,1236,0.00025,0.3621012369791667,0.2,0.017557056671648752,1.754824894790848
107.98955010000002,1910784,201,311,1148.35,9503,0.9969263076782227,-3.1044559751947722,0.34662020206451416,0.012220112,1240,0.00025,0.2810872395833333,0.2,0.0036407981388038024,1.2173111246277888
101.65992605999998,1916928,201,312,1151.39,9529,0.9974954128265381,-3.162094622850418,0.3653048276901245,0.0264068,1244,0.00025,0.2605794270833333,0.2,0.0023626139057644955,1.0572756851712863
141.74387065,1923072,201,313,1146.1,9555,0.9976351261138916,-3.2221724266807237,0.5623668432235718,0.022943528,1248,0.00025,0.2859293619791667,0.2,0.007186539335331569,1.264094516634941
102.07593514999996,1929216,201,314,1150.85,9580,0.9983096718788147,-3.17803543061018,0.5545800924301147,0.014633399,1252,0.00025,0.19295247395833334,0.2,-0.00018518558499636129,1.0297263879328966
143.49271765,1935360,201,315,1143.88,9605,0.9975730180740356,-3.290115068356196,0.5579366683959961,0.012897354,1256,0.00025,0.16507975260416666,0.2,0.0011016598946298473,1.1686040125787258
91.87871145000001,1941504,201,316,1154.13,9630,0.9986042380332947,-3.2121314629912376,0.4495851993560791,0.011489745,1260,0.00025,0.15055338541666666,0.2,-0.00282162936249127,0.8678157341976961
68.67371482,1947648,201,317,1148.07,9658,0.9976006150245667,-3.2733352159460387,0.5714651346206665,0.022261424,1264,0.00025,0.20707194010416666,0.2,0.005038059605188512,1.1247040890157223
47.07712145000001,1953792,201,318,1142.0,9686,0.9985432624816895,-3.1643966461221376,0.39390799403190613,0.013827339,1268,0.00025,0.2254638671875,0.2,0.0005420211115657972,0.8701705376928052
75.42552272,1959936,201,319,1132.5,9714,0.9986816048622131,-3.221332656840483,0.3854650855064392,0.011295486,1272,0.00025,0.1778564453125,0.2,-0.002024706884791764,0.8818998343000809
63.561384419999996,1966080,201,320,1126.78,9742,0.9987855553627014,-3.1670223300655684,0.3639603853225708,0.010443911,1276,0.00025,0.14603678385416666,0.2,-0.0004454623316026603,0.7992751545583209
136.25406473,1972224,201,321,1118.67,9770,0.9990837574005127,-3.153818947573503,0.4110442101955414,0.018264465,1280,0.00025,0.17818196614583334,0.2,-0.0011265868524787948,0.6739252240707477
138.79743656000005,1978368,201,322,1118.0,9797,0.9978439211845398,-3.184177577495575,0.3894083797931671,0.022423347,1284,0.00025,0.214111328125,0.2,0.0009657440993275183,1.0878672643254201
166.35993087999998,1984512,202,323,1116.62,9823,0.9986789226531982,-3.2523285100857415,0.3689572513103485,0.016086748,1288,0.00025,0.2650960286458333,0.2,0.004039958095139203,0.72652651121219
155.72698302999999,1990656,202,324,1121.17,9848,0.9990159273147583,-3.296071320772171,0.3556194603443146,0.01592842,1292,0.00025,0.16853841145833334,0.2,-0.0016427296080413119,0.6996965305879712
175.3520967,1996800,202,325,1120.84,9873,0.9977754950523376,-3.2291467462976775,0.34135961532592773,0.024539545,1296,0.00025,0.2524820963541667,0.2,0.005701690252559881,1.0471824860821168
197.4022837,2002944,202,326,1118.7,9898,0.998630166053772,-3.277954898774624,0.14209693670272827,0.023976965,1300,0.00025,0.24715169270833334,0.2,0.001239398824206243,0.5876111667603254
168.42121586000002,2009088,202,327,1122.66,9923,0.9986942410469055,-3.1986980736255646,0.31138885021209717,0.030569166,1304,0.00025,0.3478597005208333,0.2,0.008002009022069009,0.7021231992791096
133.41340083,2015232,202,328,1119.9,9950,0.9978235363960266,-3.3163263499736786,0.2458323985338211,0.045990426,1308,0.00025,0.3078206380208333,0.2,0.0034541766945039853,0.8353484462325772
126.35069240000001,2021376,202,329,1114.36,9975,0.9980435967445374,-3.3428140928347907,0.38536667823791504,0.06597501,1312,0.00025,0.2585856119791667,0.2,0.008003955534756338,0.8709946687643727
89.51769998,2027520,202,330,1113.94,10000,0.9979234337806702,-3.305694888035456,0.9700543284416199,0.047208626,1316,0.00025,0.3936360677083333,0.2,0.009543126635738494,0.9271896351128817
114.70541948999998,2033664,202,331,1107.99,10026,0.9977603554725647,-3.264157118896643,0.2881377339363098,0.02061672,1320,0.00025,0.3170572916666667,0.2,0.006140519990973796,0.8193599134683609
103.81058996,2039808,202,332,1113.11,10057,0.9987899661064148,-3.3167686412731805,0.45245635509490967,0.014498092,1324,0.00025,0.24845377604166666,0.2,0.003550733902860278,0.7118577013413111
96.51678134999999,2045952,202,333,1116.15,10087,0.9990965723991394,-3.3942570413152375,0.35533407330513,0.014634346,1328,0.00025,0.188720703125,0.2,-0.0015651052102233127,0.6369487096865972
66.71972452,2052096,202,334,1121.86,10117,0.9991005659103394,-3.4094766105214753,0.36256903409957886,0.01289051,1332,0.00025,0.21809895833333334,0.2,-0.0010760641356076424,0.6622206199293336
54.52859641,2058240,202,335,1124.56,10147,0.9991318583488464,-3.3680348247289658,0.39645978808403015,0.011955857,1336,0.00025,0.15645345052083334,0.2,-0.003002649224072229,0.6513329225902756
45.13459578,2064384,202,336,1125.79,10177,0.9991080164909363,-3.4033972149093947,0.4539273679256439,0.012942168,1340,0.00025,0.1890869140625,0.2,0.0005173289828235283,0.6570071910197536
34.66153744,2070528,202,337,1123.62,10206,0.9992210865020752,-3.376733841995398,0.33192259073257446,0.014023471,1344,0.00025,0.15865071614583334,0.2,-0.0012888589505261432,0.653625492627422
60.60082646,2076672,202,338,1119.8,10236,0.9993112683296204,-3.3963642542560897,0.34373828768730164,0.01351728,1348,0.00025,0.166259765625,0.2,-0.0032503362939072153,0.5703795912365118
69.67059832999999,2082816,202,339,1118.12,10264,0.9992607235908508,-3.325308308005333,0.35789498686790466,0.014450538,1352,0.00025,0.18282063802083334,0.2,0.0006072575730892519,0.6010675557578603
118.24204018,2088960,202,340,1110.69,10292,0.9988324046134949,-3.2864096810420356,0.2685050070285797,0.041003022,1356,0.00025,0.2530110677083333,0.2,0.004332195431440293,0.825832162052393
112.00673607000003,2095104,203,341,1112.6,10317,0.9992682933807373,-3.316457159817219,0.17868153750896454,0.021738537,1360,0.00025,0.3192545572916667,0.2,0.013027359086360471,0.591663820669055
114.72515732999999,2101248,203,342,1114.72,10344,0.9988480806350708,-3.2722399483124414,0.39889922738075256,0.020563636,1364,0.00025,0.31396484375,0.2,0.006276069975380476,0.59420271931837
80.95898354000002,2107392,203,343,1119.56,10369,0.9991004467010498,-3.2983164191246033,0.16350585222244263,0.02587539,1368,0.00025,0.337890625,0.2,0.013197006890550256,0.5073338526611527
65.94679861,2113536,203,344,1116.48,10397,0.9932810664176941,-3.35856052984794,0.5119655728340149,0.032614466,1372,0.00025,0.3394775390625,0.2,0.0031954410830318616,1.7321365103125572
84.00192401,2119680,203,345,1113.27,10424,0.9986648559570312,-3.3359069724877677,0.23630928993225098,0.014438044,1376,0.00025,0.2522786458333333,0.2,0.0015757569247701515,0.6739792237058282
90.98763659000001,2125824,203,346,1109.92,10451,0.9991077780723572,-3.3739466468493142,0.19250528514385223,0.02691689,1380,0.00025,0.3551839192708333,0.2,0.010600586644917106,0.48826237209141254
85.06881868,2131968,203,347,1109.58,10479,0.9980783462524414,-3.250398598611355,0.3644617795944214,0.011305347,1384,0.00025,0.2926839192708333,0.2,0.006381562248861883,0.7719156720365087
80.97650792999998,2138112,203,348,1103.76,10508,0.9992471933364868,-3.3196168964107833,0.1422436386346817,0.010721423,1388,0.00025,0.16898600260416666,0.2,0.0008341075857363952,0.5725917421902219
92.60904602000001,2144256,203,349,1106.23,10537,0.998856246471405,-3.269120767712593,0.2506003677845001,0.015895287,1392,0.00025,0.13045247395833334,0.2,-0.0043993050227679005,0.6711131787548462
114.80540135000001,2150400,203,350,1106.6,10566,0.9992849230766296,-3.190836121638616,0.13905495405197144,0.011916079,1396,0.00025,0.13838704427083334,0.2,-0.003026334239014735,0.539301009538273
119.72055857000001,2156544,203,351,1110.57,10596,0.9994382858276367,-3.2467742835481963,0.1564132571220398,0.0118595185,1400,0.00025,0.1639404296875,0.2,-0.0018052276015320483,0.48692687538762885
175.82214267000003,2162688,203,352,1106.03,10626,0.998988151550293,-3.308601704736551,0.2157510221004486,0.012788664,1404,0.00025,0.1710205078125,0.2,-0.0021161790549134216,0.6092832880094647
173.56644151,2168832,203,353,1104.77,10656,0.9992017149925232,-3.224484654764334,0.12723678350448608,0.012949129,1408,0.00025,0.20279947916666666,0.2,0.0032449416442735433,0.551580845999221
153.58319945999995,2174976,203,354,1103.01,10685,0.9992672204971313,-3.1379096508026123,0.1741202175617218,0.009408818,1412,0.00025,0.1431884765625,0.2,0.00022503184785212701,0.5200001097594699
156.30609641,2181120,203,355,1100.22,10714,0.9987743496894836,-3.2073496033747992,0.26285654306411743,0.020807827,1416,0.00025,0.19112141927083334,0.2,-0.0012580438584942992,0.7379816472530365
100.65292776,2187264,203,356,1104.1,10743,0.9989076256752014,-3.1553328757484755,0.18915702402591705,0.015624867,1420,0.00025,0.23046875,0.2,0.0022988784864234426,0.6179409269243479
96.72967442000001,2193408,203,357,1105.9,10775,0.9982635378837585,-3.106947124004364,0.18251672387123108,0.036006644,1424,0.00025,0.33349609375,0.2,0.0058135362463265965,0.604851461481303
101.28282304999999,2199552,203,358,1109.37,10814,0.9988350868225098,-2.9481502771377563,0.1687386929988861,0.044423223,1428,0.00025,0.296142578125,0.2,0.007172484975550712,0.7016346727808317
79.82601246,2205696,203,359,1111.95,10847,0.9983299374580383,-2.9035990238189697,0.3006669878959656,0.037058786,1432,0.00025,0.2638753255208333,0.2,0.004358509310501783,0.6088919515411059
64.46075547999997,2211840,203,360,1111.59,10881,0.9990518689155579,-3.167739604910215,0.3493112325668335,0.013163634,1436,0.00025,0.2953287760416667,0.2,0.00551118707517162,0.5619023703038692
52.03376785,2217984,203,361,1106.44,10915,0.9986749887466431,-3.211246483027935,0.19646884500980377,0.01229085,1440,0.00025,0.22871907552083334,0.2,0.0006664736501988955,0.7641278095543385
19.13935397,2224128,203,362,1106.15,10944,0.9990536570549011,-3.2425046736995378,0.2528974413871765,0.0186066,1444,0.00025,0.3105875651041667,0.2,0.009081670946519202,0.6472685557479659
-33.362438069999996,2230272,203,363,1107.27,10974,0.9991007447242737,-3.3434123024344444,0.3019642233848572,0.010083846,1448,0.00025,0.2554117838541667,0.2,0.004369257413297116,0.5337948072701693
-40.76947858999999,2236416,203,364,1108.38,11005,0.9987337589263916,-3.311372292538484,0.13232828676700592,0.015916305,1452,0.00025,0.2609049479166667,0.2,0.003658886082121171,0.6843376824011406
-22.147639280000003,2242560,203,365,1108.21,11033,0.9984656572341919,-3.3318760097026825,0.26052379608154297,0.02267423,1456,0.00025,0.2947591145833333,0.2,0.005640803727146704,0.5598893142305315
12.918218209999996,2248704,203,366,1114.7,11070,0.997813880443573,-3.335637812813123,0.2501499652862549,0.020753933,1460,0.00025,0.28662109375,0.2,0.00399085436220048,0.8667805446311831
82.33068513000002,2254848,203,367,1105.98,11101,0.9969229102134705,-3.284344933927059,0.34586644172668457,0.01813243,1464,0.00025,0.3298746744791667,0.2,0.003687037099249816,1.2797146774828434
82.85089024000001,2260992,203,368,1104.29,11131,0.9980129599571228,-3.2711796686053276,0.28274860978126526,0.012719859,1468,0.00025,0.1966552734375,0.2,-0.0021799112922356776,1.0675380860144894
90.85868937000001,2267136,203,369,1100.38,11161,0.9984601140022278,-3.3062371710936227,0.21154767274856567,0.016356617,1472,0.00025,0.2750651041666667,0.2,0.000754203506706593,0.574991202292343
86.87476454999998,2273280,203,370,1087.96,11191,0.999130368232727,-3.2877425228556,0.17321904003620148,0.014316551,1476,0.00025,0.23103841145833334,0.2,0.00040127153382248554,0.5354491143176953
45.85733346000001,2279424,203,371,1083.02,11221,0.999360978603363,-3.4009441137313843,0.13103102147579193,0.019785903,1480,0.00025,0.3027750651041667,0.2,0.00791828043050676,0.4682254769528906
41.251811530000005,2285568,203,372,1078.51,11256,0.999214768409729,-3.319815573592981,0.540879487991333,0.01135764,1484,0.00025,0.17256673177083334,0.2,-0.001264994622033555,0.9637316654746731
26.1862612,2291712,202,373,1079.32,11290,0.9991478323936462,-3.326177157461643,0.45826002955436707,0.009303883,1488,0.00025,0.20279947916666666,0.2,0.002260299136347991,0.9494884895781676
17.020166059999998,2297856,202,374,1091.03,11322,0.9993211627006531,-3.390465962390105,0.47972241044044495,0.010624617,1492,0.00025,0.14253743489583334,0.2,-0.0020851177929822975,0.8568658456206322
23.096900269999995,2304000,202,375,1091.42,11356,0.9980753660202026,-3.4529967630902925,0.607157826423645,0.023561487,1496,0.00025,0.203369140625,0.2,-0.0018701588924159296,1.1594067066907883
31.890395039999994,2310144,202,376,1096.88,11389,0.998270571231842,-3.8139837185541787,0.4522857069969177,0.022207128,1500,0.00025,0.2559407552083333,0.2,-0.001541510294676603,1.190318311875065
23.351260719999992,2316288,202,377,1104.61,11421,0.9986234903335571,-3.892286106944084,0.5594431161880493,0.019496515,1504,0.00025,0.2816162109375,0.2,0.007890405096986797,0.9865332522119085
-3.2207942500000013,2322432,202,378,1106.19,11452,0.9978220462799072,-3.9574086169401803,0.5259719491004944,0.013031243,1508,0.00025,0.21846516927083334,0.2,-0.0020411797001239997,1.3042567831774552
2.6750238000000035,2328576,202,379,1097.19,11480,0.9985551238059998,-3.9549419954419136,0.1891433447599411,0.034857284,1512,0.00025,0.314208984375,0.2,0.007401838593068533,0.8006280831371745
-19.91247633,2334720,202,380,1097.35,11530,0.9991352558135986,-3.9634818360209465,0.17954319715499878,0.05757739,1516,0.00025,0.4400634765625,0.2,0.01935253026992238,0.45937012741342187
-2.6384953300000076,2340864,202,381,1088.79,11563,0.9992145299911499,-4.149297195176284,0.22078514099121094,0.05323987,1520,0.00025,0.4069417317708333,0.2,0.014433672057445316,0.46917206095531583
-26.02407084,2347008,202,382,1090.12,11604,0.9990272521972656,-4.162273059288661,0.06157556176185608,0.027919965,1524,0.00025,0.3912353515625,0.2,0.008786893864453305,0.3840986746363342
-18.08819739,2353152,202,383,1086.95,11644,0.99899822473526,-4.229330609242122,0.09183797240257263,0.030589497,1528,0.00025,0.3413899739583333,0.2,0.004217716874942805,0.41537316516041756
-2.896677850000002,2359296,201,384,1084.29,11683,0.999382734298706,-4.216207404931386,0.1011141836643219,0.04653439,1532,0.00025,0.3814290364583333,0.2,0.012379314294472957,0.32617077355583507
-29.754767239999996,2365440,201,385,1088.55,11722,0.999398946762085,-4.227028047045072,0.0703134834766388,0.022227803,1536,0.00025,0.3413492838541667,0.2,0.006700212698585044,0.33762865761915845
-34.88102182000001,2371584,201,386,1089.93,11761,0.9992815256118774,-4.312463790178299,0.30756640434265137,0.01330132,1540,0.00025,0.21663411458333334,0.2,-0.0035422132229238437,0.5329200855145851
-61.822460359999994,2377728,201,387,1088.88,11798,0.9990912675857544,-4.37432178358237,0.24884989857673645,0.018962234,1544,0.00025,0.22705078125,0.2,-0.00113609019293411,0.5828488552942872
-50.576345360000005,2383872,201,388,1091.29,11833,0.9991668462753296,-4.275281131267548,0.2869584858417511,0.012746814,1548,0.00025,0.18937174479166666,0.2,-0.0014001829525417027,0.5519168634588519
-33.63572057,2390016,201,389,1092.61,11867,0.9995175004005432,-4.344191884001096,0.19041353464126587,0.017408978,1552,0.00025,0.20414225260416666,0.2,-0.00023248853297748914,0.3887178390286863
26.74164113,2396160,201,390,1085.56,11900,0.9991257786750793,-4.3952348331610365,0.2576080560684204,0.012431383,1556,0.00025,0.19401041666666666,0.2,-0.0023082179007663703,0.48292976586769026
28.91077396,2402304,201,391,1081.89,11932,0.9989936947822571,-4.417215466499329,0.21654319763183594,0.016466407,1560,0.00025,0.23343912760416666,0.2,-0.0005368349108418139,0.6043499521911144
32.211391969999994,2408448,201,392,1081.96,11965,0.9995437264442444,-4.3803639858961105,0.19306617975234985,0.014106284,1564,0.00025,0.197265625,0.2,-0.0020262914016105547,0.3870380374913414
33.66552558,2414592,201,393,1083.28,11996,0.9996019005775452,-4.357220644752185,0.1738678365945816,0.016574705,1568,0.00025,0.2464599609375,0.2,0.002308938584368055,0.3595211715437472
17.48091711,2420736,201,394,1089.37,12030,0.9994735717773438,-4.373583470781644,0.23562481999397278,0.024343526,1572,0.00025,0.240966796875,0.2,0.0019607588086122027,0.3959279749542475
-12.073673080000002,2426880,201,395,1093.6,12066,0.998196005821228,-4.2651743193467455,0.397158145904541,0.018360121,1576,0.00025,0.279296875,0.2,0.0007628324965480715,0.7941763720785578
-3.73974202,2433024,201,396,1093.22,12099,0.99777752161026,-4.170955553650856,0.204534649848938,0.030909428,1580,0.00025,0.3690185546875,0.2,0.009594581430671193,0.971994133045276
-1.9330409500000048,2439168,200,397,1089.33,12135,0.9990869760513306,-4.21052464346091,0.15696214139461517,0.041434895,1584,0.00025,0.3898111979166667,0.2,0.010535976968337005,0.396659214515239
-14.37072153000001,2445312,200,398,1083.87,12171,0.9994332194328308,-4.227570652961731,0.034775260835886,0.022638418,1588,0.00025,0.2928466796875,0.2,0.0021887551265535876,0.30306365837653476
16.42976572999999,2451456,200,399,1078.19,12208,0.999487578868866,-4.298004557689031,0.23731611669063568,0.01413962,1592,0.00025,0.26708984375,0.2,0.0071697215316817164,0.4002503521429996
28.650693989999994,2457600,200,400,1075.54,12246,0.998801052570343,-4.291492715477943,0.37682732939720154,0.02033795,1596,0.00025,0.24483235677083334,0.2,0.00038305385533021763,0.6839846229801575
47.04832686,2463744,200,401,1076.57,12284,0.9989155530929565,-4.219855378071467,0.24148055911064148,0.020506704,1600,0.00025,0.281005859375,0.2,0.0017651553692606587,0.5874464940279722
43.989303070000005,2469888,200,402,1080.18,12322,0.9992038607597351,-4.280607754985492,0.23726436495780945,0.01615092,1604,0.00025,0.2543538411458333,0.2,0.0061962258332641795,0.5053767748177052
64.61862977999999,2476032,200,403,1084.01,12357,0.9986312389373779,-4.301364779472351,0.32133764028549194,0.01337057,1608,0.00025,0.2598063151041667,0.2,0.0003205514803994447,0.6559147483979663
77.89907887000001,2482176,200,404,1085.81,12391,0.9985244274139404,-4.351556832591693,0.2527046501636505,0.04342045,1612,0.00025,0.2947591145833333,0.2,0.007424042698403355,0.6416639651482304
65.69123991999999,2488320,200,405,1082.31,12424,0.9994157552719116,-4.09101890027523,0.2642962634563446,0.015276793,1616,0.00025,0.27490234375,0.2,0.005849357480959346,0.5065251998603344
62.081347130000005,2494464,200,406,1080.9,12457,0.9993475079536438,-3.965423290928205,0.07608793675899506,0.034217037,1620,0.00025,0.3985188802083333,0.2,0.013398250465494735,0.36647460718328756
56.28966088,2500608,200,407,1072.16,12490,0.9995138645172119,-4.06476017087698,0.06265401840209961,0.024753382,1624,0.00025,0.33154296875,0.2,0.005152620850518967,0.24007741936172047
